Quelle:;"Bayerisches Landesamt für Umwelt, www.gkd.bayern.de"
Datenbankabfrage:;"26.07.2026 22:32"
Zeitbezug:;MEZ
Messstellen-Name:;"POING D 83"
Messstellen-Nr.:;16268
Ostwert:;709055;Nordwert:;5338451;"ETRS89 / UTM Zone 32N"

Datum;"Grundwasserstand [m ü. NN]";Prüfstatus
1988-11-01;511,22;Geprueft
1988-11-02;;Geprueft
1988-11-03;;Geprueft
1988-11-04;511,23;Geprueft
1988-11-05;;Geprueft
1988-11-06;;Geprueft
1988-11-07;;Geprueft
1988-11-08;511,22;Geprueft
1988-11-09;511,21;Geprueft
1988-11-10;;Geprueft
1988-11-11;;Geprueft
1988-11-12;;Geprueft
1988-11-13;;Geprueft
1988-11-14;;Geprueft
1988-11-15;511,23;Geprueft
1988-11-16;;Geprueft
1988-11-17;511,21;Geprueft
1988-11-18;;Geprueft
1988-11-19;;Geprueft
1988-11-20;;Geprueft
1988-11-21;;Geprueft
1988-11-22;;Geprueft
1988-11-23;;Geprueft
1988-11-24;511,20;Geprueft
1988-11-25;;Geprueft
1988-11-26;;Geprueft
1988-11-27;;Geprueft
1988-11-28;511,19;Geprueft
1988-11-29;;Geprueft
1988-11-30;;Geprueft
1988-12-01;511,23;Geprueft
1988-12-02;511,25;Geprueft
1988-12-03;511,28;Geprueft
1988-12-04;511,36;Geprueft
1988-12-05;511,46;Geprueft
1988-12-06;511,54;Geprueft
1988-12-07;;Geprueft
1988-12-08;;Geprueft
1988-12-09;511,67;Geprueft
1988-12-10;511,75;Geprueft
1988-12-11;511,86;Geprueft
1988-12-12;511,93;Geprueft
1988-12-13;511,96;Geprueft
1988-12-14;511,98;Geprueft
1988-12-15;511,99;Geprueft
1988-12-16;;Geprueft
1988-12-17;511,98;Geprueft
1988-12-18;511,99;Geprueft
1988-12-19;;Geprueft
1988-12-20;;Geprueft
1988-12-21;;Geprueft
1988-12-22;511,97;Geprueft
1988-12-23;;Geprueft
1988-12-24;;Geprueft
1988-12-25;;Geprueft
1988-12-26;511,92;Geprueft
1988-12-27;;Geprueft
1988-12-28;511,90;Geprueft
1988-12-29;;Geprueft
1988-12-30;511,90;Geprueft
1988-12-31;;Geprueft
1989-01-01;;Geprueft
1989-01-02;;Geprueft
1989-01-03;;Geprueft
1989-01-04;511,86;Geprueft
1989-01-05;;Geprueft
1989-01-06;;Geprueft
1989-01-07;;Geprueft
1989-01-08;511,84;Geprueft
1989-01-09;511,84;Geprueft
1989-01-10;;Geprueft
1989-01-11;511,82;Geprueft
1989-01-12;;Geprueft
1989-01-13;;Geprueft
1989-01-14;;Geprueft
1989-01-15;;Geprueft
1989-01-16;;Geprueft
1989-01-17;511,81;Geprueft
1989-01-18;;Geprueft
1989-01-19;;Geprueft
1989-01-20;;Geprueft
1989-01-21;;Geprueft
1989-01-22;;Geprueft
1989-01-23;;Geprueft
1989-01-24;511,76;Geprueft
1989-01-25;;Geprueft
1989-01-26;;Geprueft
1989-01-27;511,73;Geprueft
1989-01-28;;Geprueft
1989-01-29;;Geprueft
1989-01-30;;Geprueft
1989-01-31;511,69;Geprueft
1989-02-01;511,67;Geprueft
1989-02-02;511,63;Geprueft
1989-02-03;511,61;Geprueft
1989-02-04;;Geprueft
1989-02-05;;Geprueft
1989-02-06;511,61;Geprueft
1989-02-07;;Geprueft
1989-02-08;;Geprueft
1989-02-09;;Geprueft
1989-02-10;511,57;Geprueft
1989-02-11;;Geprueft
1989-02-12;;Geprueft
1989-02-13;;Geprueft
1989-02-14;511,54;Geprueft
1989-02-15;;Geprueft
1989-02-16;;Geprueft
1989-02-17;;Geprueft
1989-02-18;511,54;Geprueft
1989-02-19;511,52;Geprueft
1989-02-20;;Geprueft
1989-02-21;511,53;Geprueft
1989-02-22;;Geprueft
1989-02-23;511,52;Geprueft
1989-02-24;;Geprueft
1989-02-25;;Geprueft
1989-02-26;511,53;Geprueft
1989-02-27;;Geprueft
1989-02-28;511,54;Geprueft
1989-03-01;;Geprueft
1989-03-02;;Geprueft
1989-03-03;511,53;Geprueft
1989-03-04;;Geprueft
1989-03-05;511,54;Geprueft
1989-03-06;511,52;Geprueft
1989-03-07;;Geprueft
1989-03-08;511,52;Geprueft
1989-03-09;;Geprueft
1989-03-10;511,50;Geprueft
1989-03-11;;Geprueft
1989-03-12;;Geprueft
1989-03-13;;Geprueft
1989-03-14;511,49;Geprueft
1989-03-15;;Geprueft
1989-03-16;;Geprueft
1989-03-17;511,47;Geprueft
1989-03-18;;Geprueft
1989-03-19;;Geprueft
1989-03-20;;Geprueft
1989-03-21;;Geprueft
1989-03-22;;Geprueft
1989-03-23;;Geprueft
1989-03-24;;Geprueft
1989-03-25;;Geprueft
1989-03-26;;Geprueft
1989-03-27;;Geprueft
1989-03-28;;Geprueft
1989-03-29;511,43;Geprueft
1989-03-30;;Geprueft
1989-03-31;511,42;Geprueft
1989-04-01;;Geprueft
1989-04-02;511,42;Geprueft
1989-04-03;511,44;Geprueft
1989-04-04;;Geprueft
1989-04-05;511,45;Geprueft
1989-04-06;;Geprueft
1989-04-07;511,49;Geprueft
1989-04-08;;Geprueft
1989-04-09;;Geprueft
1989-04-10;;Geprueft
1989-04-11;;Geprueft
1989-04-12;;Geprueft
1989-04-13;511,52;Geprueft
1989-04-14;511,51;Geprueft
1989-04-15;511,50;Geprueft
1989-04-16;511,51;Geprueft
1989-04-17;;Geprueft
1989-04-18;;Geprueft
1989-04-19;;Geprueft
1989-04-20;;Geprueft
1989-04-21;511,48;Geprueft
1989-04-22;511,49;Geprueft
1989-04-23;;Geprueft
1989-04-24;;Geprueft
1989-04-25;;Geprueft
1989-04-26;511,49;Geprueft
1989-04-27;;Geprueft
1989-04-28;;Geprueft
1989-04-29;511,50;Geprueft
1989-04-30;511,51;Geprueft
1989-05-01;511,49;Geprueft
1989-05-02;;Geprueft
1989-05-03;511,46;Geprueft
1989-05-04;;Geprueft
1989-05-05;511,47;Geprueft
1989-05-06;;Geprueft
1989-05-07;;Geprueft
1989-05-08;;Geprueft
1989-05-09;;Geprueft
1989-05-10;511,46;Geprueft
1989-05-11;;Geprueft
1989-05-12;;Geprueft
1989-05-13;511,46;Geprueft
1989-05-14;;Geprueft
1989-05-15;511,47;Geprueft
1989-05-16;;Geprueft
1989-05-17;;Geprueft
1989-05-18;;Geprueft
1989-05-19;511,46;Geprueft
1989-05-20;;Geprueft
1989-05-21;;Geprueft
1989-05-22;;Geprueft
1989-05-23;511,44;Geprueft
1989-05-24;;Geprueft
1989-05-25;511,44;Geprueft
1989-05-26;;Geprueft
1989-05-27;;Geprueft
1989-05-28;;Geprueft
1989-05-29;;Geprueft
1989-05-30;;Geprueft
1989-05-31;511,39;Geprueft
1989-06-01;511,39;Geprueft
1989-06-02;511,40;Geprueft
1989-06-03;;Geprueft
1989-06-04;511,41;Geprueft
1989-06-05;;Geprueft
1989-06-06;511,41;Geprueft
1989-06-07;;Geprueft
1989-06-08;511,42;Geprueft
1989-06-09;;Geprueft
1989-06-10;;Geprueft
1989-06-11;;Geprueft
1989-06-12;511,42;Geprueft
1989-06-13;;Geprueft
1989-06-14;;Geprueft
1989-06-15;;Geprueft
1989-06-16;;Geprueft
1989-06-17;;Geprueft
1989-06-18;511,39;Geprueft
1989-06-19;;Geprueft
1989-06-20;;Geprueft
1989-06-21;;Geprueft
1989-06-22;;Geprueft
1989-06-23;511,35;Geprueft
1989-06-24;511,36;Geprueft
1989-06-25;;Geprueft
1989-06-26;;Geprueft
1989-06-27;;Geprueft
1989-06-28;;Geprueft
1989-06-29;;Geprueft
1989-06-30;;Geprueft
1989-07-01;511,33;Geprueft
1989-07-02;;Geprueft
1989-07-03;511,34;Geprueft
1989-07-04;511,37;Geprueft
1989-07-05;;Geprueft
1989-07-06;511,39;Geprueft
1989-07-07;;Geprueft
1989-07-08;511,43;Geprueft
1989-07-09;511,48;Geprueft
1989-07-10;511,50;Geprueft
1989-07-11;511,53;Geprueft
1989-07-12;511,60;Geprueft
1989-07-13;511,65;Geprueft
1989-07-14;511,71;Geprueft
1989-07-15;;Geprueft
1989-07-16;;Geprueft
1989-07-17;511,73;Geprueft
1989-07-18;;Geprueft
1989-07-19;;Geprueft
1989-07-20;511,70;Geprueft
1989-07-21;;Geprueft
1989-07-22;;Geprueft
1989-07-23;511,65;Geprueft
1989-07-24;;Geprueft
1989-07-25;;Geprueft
1989-07-26;;Geprueft
1989-07-27;511,61;Geprueft
1989-07-28;;Geprueft
1989-07-29;;Geprueft
1989-07-30;;Geprueft
1989-07-31;511,55;Geprueft
1989-08-01;511,52;Geprueft
1989-08-02;511,52;Geprueft
1989-08-03;511,53;Geprueft
1989-08-04;;Geprueft
1989-08-05;;Geprueft
1989-08-06;511,52;Geprueft
1989-08-07;;Geprueft
1989-08-08;;Geprueft
1989-08-09;511,51;Geprueft
1989-08-10;;Geprueft
1989-08-11;511,49;Geprueft
1989-08-12;;Geprueft
1989-08-13;511,49;Geprueft
1989-08-14;;Geprueft
1989-08-15;;Geprueft
1989-08-16;511,46;Geprueft
1989-08-17;;Geprueft
1989-08-18;;Geprueft
1989-08-19;;Geprueft
1989-08-20;511,45;Geprueft
1989-08-21;;Geprueft
1989-08-22;511,42;Geprueft
1989-08-23;;Geprueft
1989-08-24;511,41;Geprueft
1989-08-25;;Geprueft
1989-08-26;511,39;Geprueft
1989-08-27;;Geprueft
1989-08-28;;Geprueft
1989-08-29;511,38;Geprueft
1989-08-30;;Geprueft
1989-08-31;511,37;Geprueft
1989-09-01;;Geprueft
1989-09-02;511,37;Geprueft
1989-09-03;;Geprueft
1989-09-04;511,35;Geprueft
1989-09-05;511,36;Geprueft
1989-09-06;511,35;Geprueft
1989-09-07;;Geprueft
1989-09-08;;Geprueft
1989-09-09;;Geprueft
1989-09-10;;Geprueft
1989-09-11;;Geprueft
1989-09-12;;Geprueft
1989-09-13;;Geprueft
1989-09-14;;Geprueft
1989-09-15;;Geprueft
1989-09-16;;Geprueft
1989-09-17;;Geprueft
1989-09-18;;Geprueft
1989-09-19;511,31;Geprueft
1989-09-20;;Geprueft
1989-09-21;;Geprueft
1989-09-22;;Geprueft
1989-09-23;;Geprueft
1989-09-24;;Geprueft
1989-09-25;;Geprueft
1989-09-26;;Geprueft
1989-09-27;;Geprueft
1989-09-28;;Geprueft
1989-09-29;;Geprueft
1989-09-30;;Geprueft
1989-10-01;;Geprueft
1989-10-02;;Geprueft
1989-10-03;511,24;Geprueft
1989-10-04;;Geprueft
1989-10-05;;Geprueft
1989-10-06;511,24;Geprueft
1989-10-07;;Geprueft
1989-10-08;;Geprueft
1989-10-09;511,25;Geprueft
1989-10-10;;Geprueft
1989-10-11;;Geprueft
1989-10-12;;Geprueft
1989-10-13;;Geprueft
1989-10-14;;Geprueft
1989-10-15;;Geprueft
1989-10-16;511,25;Geprueft
1989-10-17;;Geprueft
1989-10-18;;Geprueft
1989-10-19;;Geprueft
1989-10-20;;Geprueft
1989-10-21;;Geprueft
1989-10-22;;Geprueft
1989-10-23;;Geprueft
1989-10-24;;Geprueft
1989-10-25;511,23;Geprueft
1989-10-26;;Geprueft
1989-10-27;;Geprueft
1989-10-28;;Geprueft
1989-10-29;;Geprueft
1989-10-30;;Geprueft
1989-10-31;511,21;Geprueft
1989-11-01;511,17;Geprueft
1989-11-02;;Geprueft
1989-11-03;;Geprueft
1989-11-04;;Geprueft
1989-11-05;511,16;Geprueft
1989-11-06;511,16;Geprueft
1989-11-07;511,18;Geprueft
1989-11-08;;Geprueft
1989-11-09;;Geprueft
1989-11-10;511,29;Geprueft
1989-11-11;;Geprueft
1989-11-12;511,33;Geprueft
1989-11-13;;Geprueft
1989-11-14;511,36;Geprueft
1989-11-15;;Geprueft
1989-11-16;511,37;Geprueft
1989-11-17;;Geprueft
1989-11-18;;Geprueft
1989-11-19;;Geprueft
1989-11-20;511,36;Geprueft
1989-11-21;;Geprueft
1989-11-22;;Geprueft
1989-11-23;;Geprueft
1989-11-24;;Geprueft
1989-11-25;;Geprueft
1989-11-26;;Geprueft
1989-11-27;511,33;Geprueft
1989-11-28;;Geprueft
1989-11-29;;Geprueft
1989-11-30;;Geprueft
1989-12-01;511,30;Geprueft
1989-12-02;;Geprueft
1989-12-03;;Geprueft
1989-12-04;511,26;Geprueft
1989-12-05;;Geprueft
1989-12-06;;Geprueft
1989-12-07;;Geprueft
1989-12-08;;Geprueft
1989-12-09;;Geprueft
1989-12-10;;Geprueft
1989-12-11;;Geprueft
1989-12-12;511,22;Geprueft
1989-12-13;511,21;Geprueft
1989-12-14;;Geprueft
1989-12-15;;Geprueft
1989-12-16;;Geprueft
1989-12-17;;Geprueft
1989-12-18;;Geprueft
1989-12-19;;Geprueft
1989-12-20;511,20;Geprueft
1989-12-21;;Geprueft
1989-12-22;511,21;Geprueft
1989-12-23;;Geprueft
1989-12-24;;Geprueft
1989-12-25;511,24;Geprueft
1989-12-26;;Geprueft
1989-12-27;;Geprueft
1989-12-28;511,25;Geprueft
1989-12-29;;Geprueft
1989-12-30;;Geprueft
1989-12-31;;Geprueft
1990-01-01;;Geprueft
1990-01-02;;Geprueft
1990-01-03;;Geprueft
1990-01-04;;Geprueft
1990-01-05;;Geprueft
1990-01-06;;Geprueft
1990-01-07;511,25;Geprueft
1990-01-08;511,24;Geprueft
1990-01-09;;Geprueft
1990-01-10;511,23;Geprueft
1990-01-11;;Geprueft
1990-01-12;511,23;Geprueft
1990-01-13;;Geprueft
1990-01-14;;Geprueft
1990-01-15;;Geprueft
1990-01-16;511,19;Geprueft
1990-01-17;511,20;Geprueft
1990-01-18;;Geprueft
1990-01-19;;Geprueft
1990-01-20;;Geprueft
1990-01-21;;Geprueft
1990-01-22;;Geprueft
1990-01-23;;Geprueft
1990-01-24;;Geprueft
1990-01-25;;Geprueft
1990-01-26;;Geprueft
1990-01-27;511,16;Geprueft
1990-01-28;;Geprueft
1990-01-29;;Geprueft
1990-01-30;511,15;Geprueft
1990-01-31;;Geprueft
1990-02-01;511,12;Geprueft
1990-02-02;;Geprueft
1990-02-03;511,12;Geprueft
1990-02-04;;Geprueft
1990-02-05;;Geprueft
1990-02-06;;Geprueft
1990-02-07;511,13;Geprueft
1990-02-08;;Geprueft
1990-02-09;;Geprueft
1990-02-10;;Geprueft
1990-02-11;;Geprueft
1990-02-12;511,11;Geprueft
1990-02-13;;Geprueft
1990-02-14;511,16;Geprueft
1990-02-15;511,29;Geprueft
1990-02-16;511,38;Geprueft
1990-02-17;511,44;Geprueft
1990-02-18;511,47;Geprueft
1990-02-19;;Geprueft
1990-02-20;;Geprueft
1990-02-21;511,49;Geprueft
1990-02-22;;Geprueft
1990-02-23;;Geprueft
1990-02-24;;Geprueft
1990-02-25;511,46;Geprueft
1990-02-26;;Geprueft
1990-02-27;;Geprueft
1990-02-28;;Geprueft
1990-03-01;511,46;Geprueft
1990-03-02;;Geprueft
1990-03-03;511,45;Geprueft
1990-03-04;;Geprueft
1990-03-05;;Geprueft
1990-03-06;;Geprueft
1990-03-07;511,42;Geprueft
1990-03-08;;Geprueft
1990-03-09;511,41;Geprueft
1990-03-10;;Geprueft
1990-03-11;;Geprueft
1990-03-12;;Geprueft
1990-03-13;511,39;Geprueft
1990-03-14;;Geprueft
1990-03-15;;Geprueft
1990-03-16;511,35;Geprueft
1990-03-17;;Geprueft
1990-03-18;;Geprueft
1990-03-19;;Geprueft
1990-03-20;511,33;Geprueft
1990-03-21;;Geprueft
1990-03-22;;Geprueft
1990-03-23;511,34;Geprueft
1990-03-24;511,33;Geprueft
1990-03-25;;Geprueft
1990-03-26;;Geprueft
1990-03-27;;Geprueft
1990-03-28;511,31;Geprueft
1990-03-29;;Geprueft
1990-03-30;;Geprueft
1990-03-31;511,31;Geprueft
1990-04-01;;Geprueft
1990-04-02;511,29;Geprueft
1990-04-03;;Geprueft
1990-04-04;;Geprueft
1990-04-05;511,29;Geprueft
1990-04-06;;Geprueft
1990-04-07;;Geprueft
1990-04-08;;Geprueft
1990-04-09;;Geprueft
1990-04-10;;Geprueft
1990-04-11;;Geprueft
1990-04-12;;Geprueft
1990-04-13;511,29;Geprueft
1990-04-14;511,28;Geprueft
1990-04-15;;Geprueft
1990-04-16;;Geprueft
1990-04-17;511,29;Geprueft
1990-04-18;511,29;Geprueft
1990-04-19;;Geprueft
1990-04-20;511,31;Geprueft
1990-04-21;;Geprueft
1990-04-22;;Geprueft
1990-04-23;511,32;Geprueft
1990-04-24;;Geprueft
1990-04-25;;Geprueft
1990-04-26;511,41;Geprueft
1990-04-27;;Geprueft
1990-04-28;511,45;Geprueft
1990-04-29;511,46;Geprueft
1990-04-30;;Geprueft
1990-05-01;;Geprueft
1990-05-02;;Geprueft
1990-05-03;511,44;Geprueft
1990-05-04;;Geprueft
1990-05-05;;Geprueft
1990-05-06;;Geprueft
1990-05-07;;Geprueft
1990-05-08;;Geprueft
1990-05-09;;Geprueft
1990-05-10;;Geprueft
1990-05-11;511,43;Geprueft
1990-05-12;;Geprueft
1990-05-13;511,44;Geprueft
1990-05-14;;Geprueft
1990-05-15;;Geprueft
1990-05-16;;Geprueft
1990-05-17;;Geprueft
1990-05-18;;Geprueft
1990-05-19;511,42;Geprueft
1990-05-20;;Geprueft
1990-05-21;511,40;Geprueft
1990-05-22;511,38;Geprueft
1990-05-23;511,38;Geprueft
1990-05-24;511,38;Geprueft
1990-05-25;511,45;Geprueft
1990-05-26;;Geprueft
1990-05-27;511,56;Geprueft
1990-05-28;;Geprueft
1990-05-29;511,62;Geprueft
1990-05-30;;Geprueft
1990-05-31;511,64;Geprueft
1990-06-01;;Geprueft
1990-06-02;;Geprueft
1990-06-03;;Geprueft
1990-06-04;;Geprueft
1990-06-05;511,61;Geprueft
1990-06-06;;Geprueft
1990-06-07;511,61;Geprueft
1990-06-08;;Geprueft
1990-06-09;511,60;Geprueft
1990-06-10;511,60;Geprueft
1990-06-11;511,61;Geprueft
1990-06-12;511,61;Geprueft
1990-06-13;511,65;Geprueft
1990-06-14;;Geprueft
1990-06-15;511,74;Geprueft
1990-06-16;511,79;Geprueft
1990-06-17;511,82;Geprueft
1990-06-18;;Geprueft
1990-06-19;;Geprueft
1990-06-20;;Geprueft
1990-06-21;;Geprueft
1990-06-22;;Geprueft
1990-06-23;511,88;Geprueft
1990-06-24;511,89;Geprueft
1990-06-25;;Geprueft
1990-06-26;;Geprueft
1990-06-27;511,88;Geprueft
1990-06-28;;Geprueft
1990-06-29;;Geprueft
1990-06-30;;Geprueft
1990-07-01;511,89;Geprueft
1990-07-02;;Geprueft
1990-07-03;511,91;Geprueft
1990-07-04;511,93;Geprueft
1990-07-05;511,97;Geprueft
1990-07-06;;Geprueft
1990-07-07;512,02;Geprueft
1990-07-08;;Geprueft
1990-07-09;;Geprueft
1990-07-10;;Geprueft
1990-07-11;512,06;Geprueft
1990-07-12;;Geprueft
1990-07-13;512,06;Geprueft
1990-07-14;;Geprueft
1990-07-15;;Geprueft
1990-07-16;;Geprueft
1990-07-17;;Geprueft
1990-07-18;512,02;Geprueft
1990-07-19;512,01;Geprueft
1990-07-20;511,99;Geprueft
1990-07-21;;Geprueft
1990-07-22;;Geprueft
1990-07-23;;Geprueft
1990-07-24;;Geprueft
1990-07-25;;Geprueft
1990-07-26;511,91;Geprueft
1990-07-27;;Geprueft
1990-07-28;;Geprueft
1990-07-29;;Geprueft
1990-07-30;;Geprueft
1990-07-31;511,83;Geprueft
1990-08-01;511,79;Geprueft
1990-08-02;;Geprueft
1990-08-03;;Geprueft
1990-08-04;511,76;Geprueft
1990-08-05;;Geprueft
1990-08-06;511,76;Geprueft
1990-08-07;;Geprueft
1990-08-08;511,75;Geprueft
1990-08-09;;Geprueft
1990-08-10;;Geprueft
1990-08-11;;Geprueft
1990-08-12;;Geprueft
1990-08-13;;Geprueft
1990-08-14;;Geprueft
1990-08-15;;Geprueft
1990-08-16;;Geprueft
1990-08-17;511,71;Geprueft
1990-08-18;511,69;Geprueft
1990-08-19;;Geprueft
1990-08-20;511,69;Geprueft
1990-08-21;511,70;Geprueft
1990-08-22;;Geprueft
1990-08-23;;Geprueft
1990-08-24;;Geprueft
1990-08-25;511,67;Geprueft
1990-08-26;;Geprueft
1990-08-27;511,68;Geprueft
1990-08-28;;Geprueft
1990-08-29;;Geprueft
1990-08-30;511,65;Geprueft
1990-08-31;;Geprueft
1990-09-01;;Geprueft
1990-09-02;511,63;Geprueft
1990-09-03;;Geprueft
1990-09-04;;Geprueft
1990-09-05;;Geprueft
1990-09-06;;Geprueft
1990-09-07;511,62;Geprueft
1990-09-08;;Geprueft
1990-09-09;;Geprueft
1990-09-10;;Geprueft
1990-09-11;;Geprueft
1990-09-12;511,60;Geprueft
1990-09-13;;Geprueft
1990-09-14;;Geprueft
1990-09-15;;Geprueft
1990-09-16;;Geprueft
1990-09-17;511,57;Geprueft
1990-09-18;;Geprueft
1990-09-19;;Geprueft
1990-09-20;511,56;Geprueft
1990-09-21;;Geprueft
1990-09-22;511,58;Geprueft
1990-09-23;;Geprueft
1990-09-24;;Geprueft
1990-09-25;511,63;Geprueft
1990-09-26;;Geprueft
1990-09-27;511,67;Geprueft
1990-09-28;511,68;Geprueft
1990-09-29;;Geprueft
1990-09-30;511,71;Geprueft
1990-10-01;;Geprueft
1990-10-02;;Geprueft
1990-10-03;;Geprueft
1990-10-04;511,73;Geprueft
1990-10-05;;Geprueft
1990-10-06;;Geprueft
1990-10-07;;Geprueft
1990-10-08;;Geprueft
1990-10-09;511,71;Geprueft
1990-10-10;;Geprueft
1990-10-11;;Geprueft
1990-10-12;511,69;Geprueft
1990-10-13;;Geprueft
1990-10-14;;Geprueft
1990-10-15;;Geprueft
1990-10-16;;Geprueft
1990-10-17;;Geprueft
1990-10-18;;Geprueft
1990-10-19;511,67;Geprueft
1990-10-20;;Geprueft
1990-10-21;;Geprueft
1990-10-22;;Geprueft
1990-10-23;;Geprueft
1990-10-24;511,66;Geprueft
1990-10-25;511,64;Geprueft
1990-10-26;;Geprueft
1990-10-27;;Geprueft
1990-10-28;511,62;Geprueft
1990-10-29;;Geprueft
1990-10-30;;Geprueft
1990-10-31;511,62;Geprueft
1990-11-01;511,61;Geprueft
1990-11-02;;Geprueft
1990-11-03;511,61;Geprueft
1990-11-04;;Geprueft
1990-11-05;511,62;Geprueft
1990-11-06;;Geprueft
1990-11-07;511,65;Geprueft
1990-11-08;;Geprueft
1990-11-09;;Geprueft
1990-11-10;;Geprueft
1990-11-11;511,68;Geprueft
1990-11-12;;Geprueft
1990-11-13;;Geprueft
1990-11-14;;Geprueft
1990-11-15;;Geprueft
1990-11-16;;Geprueft
1990-11-17;;Geprueft
1990-11-18;511,67;Geprueft
1990-11-19;;Geprueft
1990-11-20;511,68;Geprueft
1990-11-21;;Geprueft
1990-11-22;;Geprueft
1990-11-23;;Geprueft
1990-11-24;511,72;Geprueft
1990-11-25;;Geprueft
1990-11-26;;Geprueft
1990-11-27;511,76;Geprueft
1990-11-28;;Geprueft
1990-11-29;511,78;Geprueft
1990-11-30;;Geprueft
1990-12-01;511,78;Geprueft
1990-12-02;;Geprueft
1990-12-03;;Geprueft
1990-12-04;;Geprueft
1990-12-05;511,76;Geprueft
1990-12-06;;Geprueft
1990-12-07;511,76;Geprueft
1990-12-08;;Geprueft
1990-12-09;;Geprueft
1990-12-10;;Geprueft
1990-12-11;;Geprueft
1990-12-12;;Geprueft
1990-12-13;;Geprueft
1990-12-14;;Geprueft
1990-12-15;511,72;Geprueft
1990-12-16;;Geprueft
1990-12-17;;Geprueft
1990-12-18;;Geprueft
1990-12-19;;Geprueft
1990-12-20;;Geprueft
1990-12-21;511,67;Geprueft
1990-12-22;;Geprueft
1990-12-23;511,67;Geprueft
1990-12-24;;Geprueft
1990-12-25;511,67;Geprueft
1990-12-26;;Geprueft
1990-12-27;511,66;Geprueft
1990-12-28;511,68;Geprueft
1990-12-29;511,74;Geprueft
1990-12-30;511,80;Geprueft
1990-12-31;511,84;Geprueft
1991-01-01;511,87;Geprueft
1991-01-02;;Geprueft
1991-01-03;;Geprueft
1991-01-04;511,91;Geprueft
1991-01-05;;Geprueft
1991-01-06;511,92;Geprueft
1991-01-07;511,93;Geprueft
1991-01-08;511,96;Geprueft
1991-01-09;;Geprueft
1991-01-10;;Geprueft
1991-01-11;512,00;Geprueft
1991-01-12;;Geprueft
1991-01-13;512,00;Geprueft
1991-01-14;;Geprueft
1991-01-15;;Geprueft
1991-01-16;;Geprueft
1991-01-17;;Geprueft
1991-01-18;;Geprueft
1991-01-19;;Geprueft
1991-01-20;;Geprueft
1991-01-21;511,93;Geprueft
1991-01-22;;Geprueft
1991-01-23;;Geprueft
1991-01-24;511,90;Geprueft
1991-01-25;;Geprueft
1991-01-26;;Geprueft
1991-01-27;;Geprueft
1991-01-28;511,90;Geprueft
1991-01-29;;Geprueft
1991-01-30;;Geprueft
1991-01-31;;Geprueft
1991-02-01;511,92;Geprueft
1991-02-02;;Geprueft
1991-02-03;511,92;Geprueft
1991-02-04;;Geprueft
1991-02-05;511,91;Geprueft
1991-02-06;;Geprueft
1991-02-07;;Geprueft
1991-02-08;511,86;Geprueft
1991-02-09;;Geprueft
1991-02-10;;Geprueft
1991-02-11;511,84;Geprueft
1991-02-12;;Geprueft
1991-02-13;;Geprueft
1991-02-14;;Geprueft
1991-02-15;;Geprueft
1991-02-16;;Geprueft
1991-02-17;511,81;Geprueft
1991-02-18;;Geprueft
1991-02-19;;Geprueft
1991-02-20;;Geprueft
1991-02-21;;Geprueft
1991-02-22;511,77;Geprueft
1991-02-23;;Geprueft
1991-02-24;;Geprueft
1991-02-25;;Geprueft
1991-02-26;;Geprueft
1991-02-27;;Geprueft
1991-02-28;511,75;Geprueft
1991-03-01;;Geprueft
1991-03-02;;Geprueft
1991-03-03;;Geprueft
1991-03-04;;Geprueft
1991-03-05;511,72;Geprueft
1991-03-06;;Geprueft
1991-03-07;;Geprueft
1991-03-08;511,69;Geprueft
1991-03-09;;Geprueft
1991-03-10;;Geprueft
1991-03-11;;Geprueft
1991-03-12;;Geprueft
1991-03-13;;Geprueft
1991-03-14;;Geprueft
1991-03-15;;Geprueft
1991-03-16;;Geprueft
1991-03-17;;Geprueft
1991-03-18;;Geprueft
1991-03-19;511,65;Geprueft
1991-03-20;;Geprueft
1991-03-21;;Geprueft
1991-03-22;;Geprueft
1991-03-23;;Geprueft
1991-03-24;;Geprueft
1991-03-25;;Geprueft
1991-03-26;;Geprueft
1991-03-27;511,66;Geprueft
1991-03-28;;Geprueft
1991-03-29;;Geprueft
1991-03-30;;Geprueft
1991-03-31;;Geprueft
1991-04-01;;Geprueft
1991-04-02;;Geprueft
1991-04-03;;Geprueft
1991-04-04;;Geprueft
1991-04-05;;Geprueft
1991-04-06;511,61;Geprueft
1991-04-07;;Geprueft
1991-04-08;511,61;Geprueft
1991-04-09;;Geprueft
1991-04-10;;Geprueft
1991-04-11;;Geprueft
1991-04-12;;Geprueft
1991-04-13;;Geprueft
1991-04-14;511,59;Geprueft
1991-04-15;;Geprueft
1991-04-16;;Geprueft
1991-04-17;;Geprueft
1991-04-18;;Geprueft
1991-04-19;511,56;Geprueft
1991-04-20;;Geprueft
1991-04-21;;Geprueft
1991-04-22;;Geprueft
1991-04-23;;Geprueft
1991-04-24;511,55;Geprueft
1991-04-25;;Geprueft
1991-04-26;;Geprueft
1991-04-27;;Geprueft
1991-04-28;;Geprueft
1991-04-29;;Geprueft
1991-04-30;;Geprueft
1991-05-01;511,51;Geprueft
1991-05-02;;Geprueft
1991-05-03;511,52;Geprueft
1991-05-04;;Geprueft
1991-05-05;;Geprueft
1991-05-06;;Geprueft
1991-05-07;;Geprueft
1991-05-08;511,50;Geprueft
1991-05-09;511,49;Geprueft
1991-05-10;;Geprueft
1991-05-11;511,50;Geprueft
1991-05-12;511,55;Geprueft
1991-05-13;;Geprueft
1991-05-14;511,69;Geprueft
1991-05-15;511,73;Geprueft
1991-05-16;511,76;Geprueft
1991-05-17;;Geprueft
1991-05-18;;Geprueft
1991-05-19;511,75;Geprueft
1991-05-20;;Geprueft
1991-05-21;511,76;Geprueft
1991-05-22;;Geprueft
1991-05-23;;Geprueft
1991-05-24;511,76;Geprueft
1991-05-25;;Geprueft
1991-05-26;;Geprueft
1991-05-27;;Geprueft
1991-05-28;;Geprueft
1991-05-29;;Geprueft
1991-05-30;511,72;Geprueft
1991-05-31;;Geprueft
1991-06-01;;Geprueft
1991-06-02;;Geprueft
1991-06-03;;Geprueft
1991-06-04;;Geprueft
1991-06-05;;Geprueft
1991-06-06;511,66;Geprueft
1991-06-07;;Geprueft
1991-06-08;511,68;Geprueft
1991-06-09;;Geprueft
1991-06-10;511,66;Geprueft
1991-06-11;;Geprueft
1991-06-12;;Geprueft
1991-06-13;;Geprueft
1991-06-14;;Geprueft
1991-06-15;;Geprueft
1991-06-16;511,67;Geprueft
1991-06-17;511,72;Geprueft
1991-06-18;;Geprueft
1991-06-19;511,77;Geprueft
1991-06-20;;Geprueft
1991-06-21;511,83;Geprueft
1991-06-22;511,85;Geprueft
1991-06-23;;Geprueft
1991-06-24;;Geprueft
1991-06-25;511,87;Geprueft
1991-06-26;;Geprueft
1991-06-27;;Geprueft
1991-06-28;;Geprueft
1991-06-29;;Geprueft
1991-06-30;;Geprueft
1991-07-01;511,87;Geprueft
1991-07-02;;Geprueft
1991-07-03;;Geprueft
1991-07-04;;Geprueft
1991-07-05;511,83;Geprueft
1991-07-06;;Geprueft
1991-07-07;511,81;Geprueft
1991-07-08;;Geprueft
1991-07-09;;Geprueft
1991-07-10;;Geprueft
1991-07-11;;Geprueft
1991-07-12;511,74;Geprueft
1991-07-13;;Geprueft
1991-07-14;511,74;Geprueft
1991-07-15;;Geprueft
1991-07-16;511,71;Geprueft
1991-07-17;;Geprueft
1991-07-18;;Geprueft
1991-07-19;;Geprueft
1991-07-20;;Geprueft
1991-07-21;;Geprueft
1991-07-22;;Geprueft
1991-07-23;;Geprueft
1991-07-24;;Geprueft
1991-07-25;;Geprueft
1991-07-26;;Geprueft
1991-07-27;;Geprueft
1991-07-28;;Geprueft
1991-07-29;511,64;Geprueft
1991-07-30;511,66;Geprueft
1991-07-31;511,71;Geprueft
1991-08-01;511,72;Geprueft
1991-08-02;511,86;Geprueft
1991-08-03;512,01;Geprueft
1991-08-04;512,09;Geprueft
1991-08-05;512,13;Geprueft
1991-08-06;512,16;Geprueft
1991-08-07;;Geprueft
1991-08-08;512,16;Geprueft
1991-08-09;;Geprueft
1991-08-10;;Geprueft
1991-08-11;;Geprueft
1991-08-12;;Geprueft
1991-08-13;;Geprueft
1991-08-14;;Geprueft
1991-08-15;;Geprueft
1991-08-16;;Geprueft
1991-08-17;;Geprueft
1991-08-18;512,11;Geprueft
1991-08-19;;Geprueft
1991-08-20;;Geprueft
1991-08-21;;Geprueft
1991-08-22;512,11;Geprueft
1991-08-23;;Geprueft
1991-08-24;;Geprueft
1991-08-25;;Geprueft
1991-08-26;512,08;Geprueft
1991-08-27;;Geprueft
1991-08-28;;Geprueft
1991-08-29;;Geprueft
1991-08-30;;Geprueft
1991-08-31;;Geprueft
1991-09-01;;Geprueft
1991-09-02;;Geprueft
1991-09-03;;Geprueft
1991-09-04;512,00;Geprueft
1991-09-05;;Geprueft
1991-09-06;;Geprueft
1991-09-07;;Geprueft
1991-09-08;;Geprueft
1991-09-09;;Geprueft
1991-09-10;;Geprueft
1991-09-11;511,97;Geprueft
1991-09-12;;Geprueft
1991-09-13;;Geprueft
1991-09-14;511,95;Geprueft
1991-09-15;;Geprueft
1991-09-16;;Geprueft
1991-09-17;;Geprueft
1991-09-18;511,93;Geprueft
1991-09-19;;Geprueft
1991-09-20;;Geprueft
1991-09-21;511,92;Geprueft
1991-09-22;;Geprueft
1991-09-23;;Geprueft
1991-09-24;511,91;Geprueft
1991-09-25;;Geprueft
1991-09-26;511,91;Geprueft
1991-09-27;;Geprueft
1991-09-28;;Geprueft
1991-09-29;;Geprueft
1991-09-30;511,87;Geprueft
1991-10-01;;Geprueft
1991-10-02;;Geprueft
1991-10-03;;Geprueft
1991-10-04;;Geprueft
1991-10-05;;Geprueft
1991-10-06;;Geprueft
1991-10-07;511,82;Geprueft
1991-10-08;;Geprueft
1991-10-09;;Geprueft
1991-10-10;;Geprueft
1991-10-11;;Geprueft
1991-10-12;511,81;Geprueft
1991-10-13;;Geprueft
1991-10-14;;Geprueft
1991-10-15;;Geprueft
1991-10-16;;Geprueft
1991-10-17;511,77;Geprueft
1991-10-18;;Geprueft
1991-10-19;;Geprueft
1991-10-20;;Geprueft
1991-10-21;;Geprueft
1991-10-22;;Geprueft
1991-10-23;511,75;Geprueft
1991-10-24;;Geprueft
1991-10-25;;Geprueft
1991-10-26;;Geprueft
1991-10-27;;Geprueft
1991-10-28;;Geprueft
1991-10-29;;Geprueft
1991-10-30;;Geprueft
1991-10-31;511,69;Geprueft
1991-11-01;511,69;Geprueft
1991-11-02;;Geprueft
1991-11-03;511,67;Geprueft
1991-11-04;;Geprueft
1991-11-05;511,67;Geprueft
1991-11-06;;Geprueft
1991-11-07;511,65;Geprueft
1991-11-08;;Geprueft
1991-11-09;;Geprueft
1991-11-10;;Geprueft
1991-11-11;;Geprueft
1991-11-12;;Geprueft
1991-11-13;;Geprueft
1991-11-14;511,63;Geprueft
1991-11-15;;Geprueft
1991-11-16;511,64;Geprueft
1991-11-17;;Geprueft
1991-11-18;;Geprueft
1991-11-19;;Geprueft
1991-11-20;511,64;Geprueft
1991-11-21;;Geprueft
1991-11-22;;Geprueft
1991-11-23;;Geprueft
1991-11-24;511,65;Geprueft
1991-11-25;;Geprueft
1991-11-26;;Geprueft
1991-11-27;511,67;Geprueft
1991-11-28;;Geprueft
1991-11-29;;Geprueft
1991-11-30;;Geprueft
1991-12-01;;Geprueft
1991-12-02;;Geprueft
1991-12-03;;Geprueft
1991-12-04;;Geprueft
1991-12-05;;Geprueft
1991-12-06;;Geprueft
1991-12-07;511,62;Geprueft
1991-12-08;;Geprueft
1991-12-09;;Geprueft
1991-12-10;;Geprueft
1991-12-11;511,59;Geprueft
1991-12-12;;Geprueft
1991-12-13;511,56;Geprueft
1991-12-14;;Geprueft
1991-12-15;;Geprueft
1991-12-16;;Geprueft
1991-12-17;;Geprueft
1991-12-18;511,55;Geprueft
1991-12-19;;Geprueft
1991-12-20;;Geprueft
1991-12-21;;Geprueft
1991-12-22;511,56;Geprueft
1991-12-23;;Geprueft
1991-12-24;511,62;Geprueft
1991-12-25;;Geprueft
1991-12-26;511,69;Geprueft
1991-12-27;;Geprueft
1991-12-28;511,72;Geprueft
1991-12-29;;Geprueft
1991-12-30;;Geprueft
1991-12-31;;Geprueft
1992-01-01;;Geprueft
1992-01-02;511,73;Geprueft
1992-01-03;;Geprueft
1992-01-04;511,71;Geprueft
1992-01-05;;Geprueft
1992-01-06;511,72;Geprueft
1992-01-07;;Geprueft
1992-01-08;;Geprueft
1992-01-09;;Geprueft
1992-01-10;;Geprueft
1992-01-11;511,69;Geprueft
1992-01-12;;Geprueft
1992-01-13;;Geprueft
1992-01-14;511,66;Geprueft
1992-01-15;;Geprueft
1992-01-16;511,65;Geprueft
1992-01-17;;Geprueft
1992-01-18;511,63;Geprueft
1992-01-19;511,61;Geprueft
1992-01-20;;Geprueft
1992-01-21;;Geprueft
1992-01-22;;Geprueft
1992-01-23;;Geprueft
1992-01-24;511,59;Geprueft
1992-01-25;;Geprueft
1992-01-26;;Geprueft
1992-01-27;;Geprueft
1992-01-28;;Geprueft
1992-01-29;;Geprueft
1992-01-30;;Geprueft
1992-01-31;511,54;Geprueft
1992-02-01;511,53;Geprueft
1992-02-02;;Geprueft
1992-02-03;511,52;Geprueft
1992-02-04;;Geprueft
1992-02-05;;Geprueft
1992-02-06;;Geprueft
1992-02-07;;Geprueft
1992-02-08;;Geprueft
1992-02-09;;Geprueft
1992-02-10;;Geprueft
1992-02-11;511,52;Geprueft
1992-02-12;511,54;Geprueft
1992-02-13;;Geprueft
1992-02-14;;Geprueft
1992-02-15;511,61;Geprueft
1992-02-16;;Geprueft
1992-02-17;511,64;Geprueft
1992-02-18;;Geprueft
1992-02-19;511,66;Geprueft
1992-02-20;;Geprueft
1992-02-21;;Geprueft
1992-02-22;;Geprueft
1992-02-23;511,65;Geprueft
1992-02-24;;Geprueft
1992-02-25;;Geprueft
1992-02-26;;Geprueft
1992-02-27;;Geprueft
1992-02-28;;Geprueft
1992-02-29;;Geprueft
1992-03-01;;Geprueft
1992-03-02;;Geprueft
1992-03-03;;Geprueft
1992-03-04;;Geprueft
1992-03-05;511,58;Geprueft
1992-03-06;511,57;Geprueft
1992-03-07;;Geprueft
1992-03-08;511,56;Geprueft
1992-03-09;;Geprueft
1992-03-10;;Geprueft
1992-03-11;;Geprueft
1992-03-12;511,52;Geprueft
1992-03-13;;Geprueft
1992-03-14;511,52;Geprueft
1992-03-15;511,54;Geprueft
1992-03-16;511,55;Geprueft
1992-03-17;;Geprueft
1992-03-18;511,59;Geprueft
1992-03-19;;Geprueft
1992-03-20;;Geprueft
1992-03-21;;Geprueft
1992-03-22;;Geprueft
1992-03-23;511,69;Geprueft
1992-03-24;511,75;Geprueft
1992-03-25;511,84;Geprueft
1992-03-26;511,90;Geprueft
1992-03-27;511,94;Geprueft
1992-03-28;511,96;Geprueft
1992-03-29;;Geprueft
1992-03-30;;Geprueft
1992-03-31;;Geprueft
1992-04-01;;Geprueft
1992-04-02;;Geprueft
1992-04-03;511,96;Geprueft
1992-04-04;;Geprueft
1992-04-05;;Geprueft
1992-04-06;;Geprueft
1992-04-07;511,97;Geprueft
1992-04-08;;Geprueft
1992-04-09;;Geprueft
1992-04-10;;Geprueft
1992-04-11;511,97;Geprueft
1992-04-12;511,98;Geprueft
1992-04-13;;Geprueft
1992-04-14;;Geprueft
1992-04-15;;Geprueft
1992-04-16;511,96;Geprueft
1992-04-17;;Geprueft
1992-04-18;;Geprueft
1992-04-19;;Geprueft
1992-04-20;;Geprueft
1992-04-21;;Geprueft
1992-04-22;;Geprueft
1992-04-23;511,90;Geprueft
1992-04-24;511,89;Geprueft
1992-04-25;;Geprueft
1992-04-26;;Geprueft
1992-04-27;511,86;Geprueft
1992-04-28;511,85;Geprueft
1992-04-29;511,86;Geprueft
1992-04-30;;Geprueft
1992-05-01;511,86;Geprueft
1992-05-02;511,86;Geprueft
1992-05-03;511,87;Geprueft
1992-05-04;;Geprueft
1992-05-05;;Geprueft
1992-05-06;;Geprueft
1992-05-07;511,85;Geprueft
1992-05-08;;Geprueft
1992-05-09;;Geprueft
1992-05-10;511,83;Geprueft
1992-05-11;;Geprueft
1992-05-12;511,83;Geprueft
1992-05-13;;Geprueft
1992-05-14;;Geprueft
1992-05-15;;Geprueft
1992-05-16;511,78;Geprueft
1992-05-17;;Geprueft
1992-05-18;;Geprueft
1992-05-19;;Geprueft
1992-05-20;;Geprueft
1992-05-21;;Geprueft
1992-05-22;;Geprueft
1992-05-23;;Geprueft
1992-05-24;;Geprueft
1992-05-25;;Geprueft
1992-05-26;;Geprueft
1992-05-27;511,68;Geprueft
1992-05-28;;Geprueft
1992-05-29;511,65;Geprueft
1992-05-30;;Geprueft
1992-05-31;511,61;Geprueft
1992-06-01;;Geprueft
1992-06-02;;Geprueft
1992-06-03;511,58;Geprueft
1992-06-04;511,59;Geprueft
1992-06-05;;Geprueft
1992-06-06;;Geprueft
1992-06-07;;Geprueft
1992-06-08;511,58;Geprueft
1992-06-09;;Geprueft
1992-06-10;;Geprueft
1992-06-11;;Geprueft
1992-06-12;511,54;Geprueft
1992-06-13;;Geprueft
1992-06-14;;Geprueft
1992-06-15;;Geprueft
1992-06-16;;Geprueft
1992-06-17;;Geprueft
1992-06-18;;Geprueft
1992-06-19;;Geprueft
1992-06-20;;Geprueft
1992-06-21;;Geprueft
1992-06-22;511,48;Geprueft
1992-06-23;;Geprueft
1992-06-24;511,44;Geprueft
1992-06-25;;Geprueft
1992-06-26;511,44;Geprueft
1992-06-27;;Geprueft
1992-06-28;;Geprueft
1992-06-29;511,42;Geprueft
1992-06-30;;Geprueft
1992-07-01;;Geprueft
1992-07-02;;Geprueft
1992-07-03;511,37;Geprueft
1992-07-04;;Geprueft
1992-07-05;;Geprueft
1992-07-06;511,35;Geprueft
1992-07-07;;Geprueft
1992-07-08;;Geprueft
1992-07-09;511,35;Geprueft
1992-07-10;;Geprueft
1992-07-11;511,34;Geprueft
1992-07-12;;Geprueft
1992-07-13;;Geprueft
1992-07-14;511,34;Geprueft
1992-07-15;511,33;Geprueft
1992-07-16;;Geprueft
1992-07-17;;Geprueft
1992-07-18;;Geprueft
1992-07-19;511,32;Geprueft
1992-07-20;;Geprueft
1992-07-21;511,32;Geprueft
1992-07-22;;Geprueft
1992-07-23;511,29;Geprueft
1992-07-24;;Geprueft
1992-07-25;511,28;Geprueft
1992-07-26;;Geprueft
1992-07-27;511,28;Geprueft
1992-07-28;;Geprueft
1992-07-29;;Geprueft
1992-07-30;511,26;Geprueft
1992-07-31;511,24;Geprueft
1992-08-01;;Geprueft
1992-08-02;;Geprueft
1992-08-03;511,20;Geprueft
1992-08-04;511,21;Geprueft
1992-08-05;;Geprueft
1992-08-06;;Geprueft
1992-08-07;511,19;Geprueft
1992-08-08;511,18;Geprueft
1992-08-09;;Geprueft
1992-08-10;511,18;Geprueft
1992-08-11;511,20;Geprueft
1992-08-12;;Geprueft
1992-08-13;;Geprueft
1992-08-14;511,17;Geprueft
1992-08-15;;Geprueft
1992-08-16;;Geprueft
1992-08-17;511,16;Geprueft
1992-08-18;;Geprueft
1992-08-19;511,16;Geprueft
1992-08-20;;Geprueft
1992-08-21;511,15;Geprueft
1992-08-22;511,15;Geprueft
1992-08-23;511,14;Geprueft
1992-08-24;;Geprueft
1992-08-25;511,14;Geprueft
1992-08-26;;Geprueft
1992-08-27;;Geprueft
1992-08-28;511,12;Geprueft
1992-08-29;;Geprueft
1992-08-30;;Geprueft
1992-08-31;;Geprueft
1992-09-01;511,11;Geprueft
1992-09-02;;Geprueft
1992-09-03;;Geprueft
1992-09-04;;Geprueft
1992-09-05;511,08;Geprueft
1992-09-06;;Geprueft
1992-09-07;511,09;Geprueft
1992-09-08;511,08;Geprueft
1992-09-09;;Geprueft
1992-09-10;;Geprueft
1992-09-11;511,08;Geprueft
1992-09-12;;Geprueft
1992-09-13;;Geprueft
1992-09-14;;Geprueft
1992-09-15;;Geprueft
1992-09-16;;Geprueft
1992-09-17;511,06;Geprueft
1992-09-18;;Geprueft
1992-09-19;;Geprueft
1992-09-20;;Geprueft
1992-09-21;;Geprueft
1992-09-22;;Geprueft
1992-09-23;511,03;Geprueft
1992-09-24;511,03;Geprueft
1992-09-25;;Geprueft
1992-09-26;511,02;Geprueft
1992-09-27;;Geprueft
1992-09-28;;Geprueft
1992-09-29;511,01;Geprueft
1992-09-30;;Geprueft
1992-10-01;;Geprueft
1992-10-02;510,98;Geprueft
1992-10-03;;Geprueft
1992-10-04;;Geprueft
1992-10-05;510,98;Geprueft
1992-10-06;;Geprueft
1992-10-07;;Geprueft
1992-10-08;;Geprueft
1992-10-09;;Geprueft
1992-10-10;;Geprueft
1992-10-11;;Geprueft
1992-10-12;;Geprueft
1992-10-13;510,94;Geprueft
1992-10-14;;Geprueft
1992-10-15;;Geprueft
1992-10-16;510,94;Geprueft
1992-10-17;510,93;Geprueft
1992-10-18;;Geprueft
1992-10-19;;Geprueft
1992-10-20;;Geprueft
1992-10-21;;Geprueft
1992-10-22;;Geprueft
1992-10-23;510,92;Geprueft
1992-10-24;;Geprueft
1992-10-25;;Geprueft
1992-10-26;;Geprueft
1992-10-27;;Geprueft
1992-10-28;510,95;Geprueft
1992-10-29;510,97;Geprueft
1992-10-30;;Geprueft
1992-10-31;510,98;Geprueft
1992-11-01;510,98;Geprueft
1992-11-02;;Geprueft
1992-11-03;510,97;Geprueft
1992-11-04;;Geprueft
1992-11-05;;Geprueft
1992-11-06;;Geprueft
1992-11-07;511,00;Geprueft
1992-11-08;;Geprueft
1992-11-09;;Geprueft
1992-11-10;;Geprueft
1992-11-11;511,04;Geprueft
1992-11-12;;Geprueft
1992-11-13;;Geprueft
1992-11-14;;Geprueft
1992-11-15;511,03;Geprueft
1992-11-16;;Geprueft
1992-11-17;;Geprueft
1992-11-18;;Geprueft
1992-11-19;511,10;Geprueft
1992-11-20;;Geprueft
1992-11-21;511,14;Geprueft
1992-11-22;;Geprueft
1992-11-23;;Geprueft
1992-11-24;511,17;Geprueft
1992-11-25;;Geprueft
1992-11-26;511,17;Geprueft
1992-11-27;511,19;Geprueft
1992-11-28;;Geprueft
1992-11-29;;Geprueft
1992-11-30;511,26;Geprueft
1992-12-01;;Geprueft
1992-12-02;;Geprueft
1992-12-03;511,36;Geprueft
1992-12-04;;Geprueft
1992-12-05;;Geprueft
1992-12-06;;Geprueft
1992-12-07;511,42;Geprueft
1992-12-08;;Geprueft
1992-12-09;;Geprueft
1992-12-10;;Geprueft
1992-12-11;;Geprueft
1992-12-12;;Geprueft
1992-12-13;511,46;Geprueft
1992-12-14;;Geprueft
1992-12-15;;Geprueft
1992-12-16;;Geprueft
1992-12-17;;Geprueft
1992-12-18;511,47;Geprueft
1992-12-19;;Geprueft
1992-12-20;;Geprueft
1992-12-21;;Geprueft
1992-12-22;511,47;Geprueft
1992-12-23;;Geprueft
1992-12-24;;Geprueft
1992-12-25;;Geprueft
1992-12-26;;Geprueft
1992-12-27;;Geprueft
1992-12-28;;Geprueft
1992-12-29;511,43;Geprueft
1992-12-30;511,41;Geprueft
1992-12-31;;Geprueft
1993-01-01;511,39;Geprueft
1993-01-02;511,38;Geprueft
1993-01-03;;Geprueft
1993-01-04;511,38;Geprueft
1993-01-05;511,36;Geprueft
1993-01-06;;Geprueft
1993-01-07;;Geprueft
1993-01-08;;Geprueft
1993-01-09;511,33;Geprueft
1993-01-10;;Geprueft
1993-01-11;511,31;Geprueft
1993-01-12;;Geprueft
1993-01-13;;Geprueft
1993-01-14;;Geprueft
1993-01-15;;Geprueft
1993-01-16;;Geprueft
1993-01-17;;Geprueft
1993-01-18;;Geprueft
1993-01-19;511,26;Geprueft
1993-01-20;;Geprueft
1993-01-21;511,24;Geprueft
1993-01-22;;Geprueft
1993-01-23;511,25;Geprueft
1993-01-24;;Geprueft
1993-01-25;;Geprueft
1993-01-26;;Geprueft
1993-01-27;511,24;Geprueft
1993-01-28;;Geprueft
1993-01-29;;Geprueft
1993-01-30;;Geprueft
1993-01-31;511,23;Geprueft
1993-02-01;;Geprueft
1993-02-02;511,22;Geprueft
1993-02-03;511,21;Geprueft
1993-02-04;511,22;Geprueft
1993-02-05;;Geprueft
1993-02-06;;Geprueft
1993-02-07;;Geprueft
1993-02-08;;Geprueft
1993-02-09;511,20;Geprueft
1993-02-10;;Geprueft
1993-02-11;;Geprueft
1993-02-12;;Geprueft
1993-02-13;;Geprueft
1993-02-14;511,17;Geprueft
1993-02-15;;Geprueft
1993-02-16;;Geprueft
1993-02-17;;Geprueft
1993-02-18;;Geprueft
1993-02-19;511,16;Geprueft
1993-02-20;;Geprueft
1993-02-21;;Geprueft
1993-02-22;;Geprueft
1993-02-23;;Geprueft
1993-02-24;;Geprueft
1993-02-25;;Geprueft
1993-02-26;;Geprueft
1993-02-27;;Geprueft
1993-02-28;;Geprueft
1993-03-01;;Geprueft
1993-03-02;;Geprueft
1993-03-03;511,09;Geprueft
1993-03-04;;Geprueft
1993-03-05;511,09;Geprueft
1993-03-06;;Geprueft
1993-03-07;;Geprueft
1993-03-08;;Geprueft
1993-03-09;;Geprueft
1993-03-10;;Geprueft
1993-03-11;;Geprueft
1993-03-12;;Geprueft
1993-03-13;;Geprueft
1993-03-14;;Geprueft
1993-03-15;;Geprueft
1993-03-16;;Geprueft
1993-03-17;511,05;Geprueft
1993-03-18;;Geprueft
1993-03-19;;Geprueft
1993-03-20;511,07;Geprueft
1993-03-21;;Geprueft
1993-03-22;511,10;Geprueft
1993-03-23;;Geprueft
1993-03-24;;Geprueft
1993-03-25;;Geprueft
1993-03-26;;Geprueft
1993-03-27;;Geprueft
1993-03-28;511,11;Geprueft
1993-03-29;;Geprueft
1993-03-30;;Geprueft
1993-03-31;;Geprueft
1993-04-01;;Geprueft
1993-04-02;;Geprueft
1993-04-03;;Geprueft
1993-04-04;511,09;Geprueft
1993-04-05;;Geprueft
1993-04-06;511,07;Geprueft
1993-04-07;;Geprueft
1993-04-08;511,07;Geprueft
1993-04-09;;Geprueft
1993-04-10;;Geprueft
1993-04-11;;Geprueft
1993-04-12;;Geprueft
1993-04-13;;Geprueft
1993-04-14;511,05;Geprueft
1993-04-15;;Geprueft
1993-04-16;;Geprueft
1993-04-17;;Geprueft
1993-04-18;;Geprueft
1993-04-19;;Geprueft
1993-04-20;;Geprueft
1993-04-21;;Geprueft
1993-04-22;;Geprueft
1993-04-23;;Geprueft
1993-04-24;;Geprueft
1993-04-25;;Geprueft
1993-04-26;;Geprueft
1993-04-27;;Geprueft
1993-04-28;511,01;Geprueft
1993-04-29;;Geprueft
1993-04-30;;Geprueft
1993-05-01;;Geprueft
1993-05-02;510,98;Geprueft
1993-05-03;;Geprueft
1993-05-04;510,90;Geprueft
1993-05-05;;Geprueft
1993-05-06;510,90;Geprueft
1993-05-07;;Geprueft
1993-05-08;;Geprueft
1993-05-09;510,89;Geprueft
1993-05-10;;Geprueft
1993-05-11;;Geprueft
1993-05-12;;Geprueft
1993-05-13;510,90;Geprueft
1993-05-14;;Geprueft
1993-05-15;;Geprueft
1993-05-16;;Geprueft
1993-05-17;510,90;Geprueft
1993-05-18;;Geprueft
1993-05-19;;Geprueft
1993-05-20;;Geprueft
1993-05-21;;Geprueft
1993-05-22;;Geprueft
1993-05-23;510,88;Geprueft
1993-05-24;;Geprueft
1993-05-25;;Geprueft
1993-05-26;;Geprueft
1993-05-27;;Geprueft
1993-05-28;510,85;Geprueft
1993-05-29;;Geprueft
1993-05-30;;Geprueft
1993-05-31;;Geprueft
1993-06-01;510,86;Geprueft
1993-06-02;;Geprueft
1993-06-03;;Geprueft
1993-06-04;;Geprueft
1993-06-05;;Geprueft
1993-06-06;;Geprueft
1993-06-07;;Geprueft
1993-06-08;;Geprueft
1993-06-09;;Geprueft
1993-06-10;;Geprueft
1993-06-11;510,85;Geprueft
1993-06-12;510,87;Geprueft
1993-06-13;;Geprueft
1993-06-14;510,88;Geprueft
1993-06-15;;Geprueft
1993-06-16;;Geprueft
1993-06-17;;Geprueft
1993-06-18;;Geprueft
1993-06-19;;Geprueft
1993-06-20;;Geprueft
1993-06-21;;Geprueft
1993-06-22;;Geprueft
1993-06-23;;Geprueft
1993-06-24;;Geprueft
1993-06-25;;Geprueft
1993-06-26;510,86;Geprueft
1993-06-27;;Geprueft
1993-06-28;;Geprueft
1993-06-29;510,87;Geprueft
1993-06-30;;Geprueft
1993-07-01;;Geprueft
1993-07-02;;Geprueft
1993-07-03;;Geprueft
1993-07-04;;Geprueft
1993-07-05;510,87;Geprueft
1993-07-06;;Geprueft
1993-07-07;;Geprueft
1993-07-08;;Geprueft
1993-07-09;;Geprueft
1993-07-10;510,91;Geprueft
1993-07-11;510,93;Geprueft
1993-07-12;;Geprueft
1993-07-13;;Geprueft
1993-07-14;;Geprueft
1993-07-15;;Geprueft
1993-07-16;510,99;Geprueft
1993-07-17;;Geprueft
1993-07-18;511,03;Geprueft
1993-07-19;;Geprueft
1993-07-20;511,09;Geprueft
1993-07-21;;Geprueft
1993-07-22;;Geprueft
1993-07-23;511,22;Geprueft
1993-07-24;;Geprueft
1993-07-25;511,27;Geprueft
1993-07-26;;Geprueft
1993-07-27;;Geprueft
1993-07-28;511,30;Geprueft
1993-07-29;;Geprueft
1993-07-30;511,32;Geprueft
1993-07-31;;Geprueft
1993-08-01;511,31;Geprueft
1993-08-02;;Geprueft
1993-08-03;511,25;Geprueft
1993-08-04;511,25;Geprueft
1993-08-05;;Geprueft
1993-08-06;511,26;Geprueft
1993-08-07;;Geprueft
1993-08-08;511,25;Geprueft
1993-08-09;;Geprueft
1993-08-10;511,25;Geprueft
1993-08-11;;Geprueft
1993-08-12;511,26;Geprueft
1993-08-13;511,25;Geprueft
1993-08-14;;Geprueft
1993-08-15;;Geprueft
1993-08-16;;Geprueft
1993-08-17;511,23;Geprueft
1993-08-18;;Geprueft
1993-08-19;511,21;Geprueft
1993-08-20;;Geprueft
1993-08-21;;Geprueft
1993-08-22;;Geprueft
1993-08-23;511,20;Geprueft
1993-08-24;;Geprueft
1993-08-25;;Geprueft
1993-08-26;511,23;Geprueft
1993-08-27;;Geprueft
1993-08-28;511,23;Geprueft
1993-08-29;;Geprueft
1993-08-30;;Geprueft
1993-08-31;511,27;Geprueft
1993-09-01;511,30;Geprueft
1993-09-02;;Geprueft
1993-09-03;;Geprueft
1993-09-04;511,36;Geprueft
1993-09-05;;Geprueft
1993-09-06;;Geprueft
1993-09-07;;Geprueft
1993-09-08;511,42;Geprueft
1993-09-09;;Geprueft
1993-09-10;;Geprueft
1993-09-11;511,45;Geprueft
1993-09-12;;Geprueft
1993-09-13;;Geprueft
1993-09-14;511,45;Geprueft
1993-09-15;;Geprueft
1993-09-16;;Geprueft
1993-09-17;;Geprueft
1993-09-18;;Geprueft
1993-09-19;511,45;Geprueft
1993-09-20;;Geprueft
1993-09-21;;Geprueft
1993-09-22;511,41;Geprueft
1993-09-23;;Geprueft
1993-09-24;;Geprueft
1993-09-25;;Geprueft
1993-09-26;;Geprueft
1993-09-27;;Geprueft
1993-09-28;;Geprueft
1993-09-29;511,37;Geprueft
1993-09-30;511,37;Geprueft
1993-10-01;;Geprueft
1993-10-02;511,37;Geprueft
1993-10-03;;Geprueft
1993-10-04;511,36;Geprueft
1993-10-05;511,35;Geprueft
1993-10-06;;Geprueft
1993-10-07;;Geprueft
1993-10-08;;Geprueft
1993-10-09;511,34;Geprueft
1993-10-10;;Geprueft
1993-10-11;511,32;Geprueft
1993-10-12;;Geprueft
1993-10-13;;Geprueft
1993-10-14;;Geprueft
1993-10-15;;Geprueft
1993-10-16;;Geprueft
1993-10-17;511,30;Geprueft
1993-10-18;;Geprueft
1993-10-19;;Geprueft
1993-10-20;511,26;Geprueft
1993-10-21;;Geprueft
1993-10-22;511,26;Geprueft
1993-10-23;;Geprueft
1993-10-24;511,31;Geprueft
1993-10-25;;Geprueft
1993-10-26;511,39;Geprueft
1993-10-27;511,44;Geprueft
1993-10-28;511,47;Geprueft
1993-10-29;;Geprueft
1993-10-30;;Geprueft
1993-10-31;511,48;Geprueft
1993-11-01;511,47;Geprueft
1993-11-02;;Geprueft
1993-11-03;;Geprueft
1993-11-04;;Geprueft
1993-11-05;511,46;Geprueft
1993-11-06;;Geprueft
1993-11-07;;Geprueft
1993-11-08;;Geprueft
1993-11-09;511,43;Geprueft
1993-11-10;;Geprueft
1993-11-11;;Geprueft
1993-11-12;;Geprueft
1993-11-13;;Geprueft
1993-11-14;511,41;Geprueft
1993-11-15;;Geprueft
1993-11-16;;Geprueft
1993-11-17;;Geprueft
1993-11-18;;Geprueft
1993-11-19;511,38;Geprueft
1993-11-20;;Geprueft
1993-11-21;;Geprueft
1993-11-22;;Geprueft
1993-11-23;;Geprueft
1993-11-24;;Geprueft
1993-11-25;;Geprueft
1993-11-26;511,34;Geprueft
1993-11-27;;Geprueft
1993-11-28;;Geprueft
1993-11-29;;Geprueft
1993-11-30;;Geprueft
1993-12-01;;Geprueft
1993-12-02;;Geprueft
1993-12-03;;Geprueft
1993-12-04;511,33;Geprueft
1993-12-05;;Geprueft
1993-12-06;511,31;Geprueft
1993-12-07;;Geprueft
1993-12-08;;Geprueft
1993-12-09;;Geprueft
1993-12-10;511,31;Geprueft
1993-12-11;;Geprueft
1993-12-12;511,32;Geprueft
1993-12-13;511,33;Geprueft
1993-12-14;;Geprueft
1993-12-15;;Geprueft
1993-12-16;;Geprueft
1993-12-17;511,33;Geprueft
1993-12-18;;Geprueft
1993-12-19;511,36;Geprueft
1993-12-20;;Geprueft
1993-12-21;511,40;Geprueft
1993-12-22;;Geprueft
1993-12-23;;Geprueft
1993-12-24;;Geprueft
1993-12-25;511,44;Geprueft
1993-12-26;;Geprueft
1993-12-27;511,46;Geprueft
1993-12-28;;Geprueft
1993-12-29;;Geprueft
1993-12-30;;Geprueft
1993-12-31;;Geprueft
1994-01-01;511,46;Geprueft
1994-01-02;;Geprueft
1994-01-03;;Geprueft
1994-01-04;;Geprueft
1994-01-05;;Geprueft
1994-01-06;;Geprueft
1994-01-07;511,48;Geprueft
1994-01-08;;Geprueft
1994-01-09;;Geprueft
1994-01-10;;Geprueft
1994-01-11;511,52;Geprueft
1994-01-12;;Geprueft
1994-01-13;;Geprueft
1994-01-14;;Geprueft
1994-01-15;;Geprueft
1994-01-16;;Geprueft
1994-01-17;;Geprueft
1994-01-18;;Geprueft
1994-01-19;511,53;Geprueft
1994-01-20;;Geprueft
1994-01-21;;Geprueft
1994-01-22;;Geprueft
1994-01-23;511,53;Geprueft
1994-01-24;;Geprueft
1994-01-25;;Geprueft
1994-01-26;;Geprueft
1994-01-27;;Geprueft
1994-01-28;511,51;Geprueft
1994-01-29;;Geprueft
1994-01-30;511,54;Geprueft
1994-01-31;;Geprueft
1994-02-01;511,53;Geprueft
1994-02-02;;Geprueft
1994-02-03;;Geprueft
1994-02-04;;Geprueft
1994-02-05;;Geprueft
1994-02-06;;Geprueft
1994-02-07;;Geprueft
1994-02-08;;Geprueft
1994-02-09;;Geprueft
1994-02-10;;Geprueft
1994-02-11;;Geprueft
1994-02-12;511,54;Geprueft
1994-02-13;;Geprueft
1994-02-14;;Geprueft
1994-02-15;;Geprueft
1994-02-16;511,53;Geprueft
1994-02-17;;Geprueft
1994-02-18;;Geprueft
1994-02-19;511,52;Geprueft
1994-02-20;;Geprueft
1994-02-21;;Geprueft
1994-02-22;511,52;Geprueft
1994-02-23;;Geprueft
1994-02-24;;Geprueft
1994-02-25;;Geprueft
1994-02-26;511,51;Geprueft
1994-02-27;;Geprueft
1994-02-28;;Geprueft
1994-03-01;511,49;Geprueft
1994-03-02;;Geprueft
1994-03-03;;Geprueft
1994-03-04;;Geprueft
1994-03-05;;Geprueft
1994-03-06;;Geprueft
1994-03-07;;Geprueft
1994-03-08;;Geprueft
1994-03-09;;Geprueft
1994-03-10;511,49;Geprueft
1994-03-11;;Geprueft
1994-03-12;;Geprueft
1994-03-13;;Geprueft
1994-03-14;511,50;Geprueft
1994-03-15;;Geprueft
1994-03-16;511,51;Geprueft
1994-03-17;511,51;Geprueft
1994-03-18;;Geprueft
1994-03-19;;Geprueft
1994-03-20;;Geprueft
1994-03-21;;Geprueft
1994-03-22;;Geprueft
1994-03-23;;Geprueft
1994-03-24;;Geprueft
1994-03-25;511,54;Geprueft
1994-03-26;511,55;Geprueft
1994-03-27;511,55;Geprueft
1994-03-28;;Geprueft
1994-03-29;511,58;Geprueft
1994-03-30;;Geprueft
1994-03-31;511,62;Geprueft
1994-04-01;;Geprueft
1994-04-02;;Geprueft
1994-04-03;;Geprueft
1994-04-04;511,65;Geprueft
1994-04-05;;Geprueft
1994-04-06;;Geprueft
1994-04-07;;Geprueft
1994-04-08;511,66;Geprueft
1994-04-09;;Geprueft
1994-04-10;;Geprueft
1994-04-11;;Geprueft
1994-04-12;511,64;Geprueft
1994-04-13;511,66;Geprueft
1994-04-14;511,78;Geprueft
1994-04-15;511,91;Geprueft
1994-04-16;512,00;Geprueft
1994-04-17;;Geprueft
1994-04-18;;Geprueft
1994-04-19;512,05;Geprueft
1994-04-20;;Geprueft
1994-04-21;;Geprueft
1994-04-22;;Geprueft
1994-04-23;512,06;Geprueft
1994-04-24;;Geprueft
1994-04-25;;Geprueft
1994-04-26;512,05;Geprueft
1994-04-27;;Geprueft
1994-04-28;;Geprueft
1994-04-29;;Geprueft
1994-04-30;;Geprueft
1994-05-01;511,99;Geprueft
1994-05-02;;Geprueft
1994-05-03;;Geprueft
1994-05-04;512,00;Geprueft
1994-05-05;;Geprueft
1994-05-06;;Geprueft
1994-05-07;;Geprueft
1994-05-08;;Geprueft
1994-05-09;;Geprueft
1994-05-10;;Geprueft
1994-05-11;;Geprueft
1994-05-12;;Geprueft
1994-05-13;;Geprueft
1994-05-14;;Geprueft
1994-05-15;511,93;Geprueft
1994-05-16;;Geprueft
1994-05-17;;Geprueft
1994-05-18;;Geprueft
1994-05-19;;Geprueft
1994-05-20;;Geprueft
1994-05-21;;Geprueft
1994-05-22;;Geprueft
1994-05-23;;Geprueft
1994-05-24;;Geprueft
1994-05-25;;Geprueft
1994-05-26;;Geprueft
1994-05-27;;Geprueft
1994-05-28;;Geprueft
1994-05-29;511,86;Geprueft
1994-05-30;;Geprueft
1994-05-31;;Geprueft
1994-06-01;;Geprueft
1994-06-02;;Geprueft
1994-06-03;;Geprueft
1994-06-04;;Geprueft
1994-06-05;511,85;Geprueft
1994-06-06;;Geprueft
1994-06-07;;Geprueft
1994-06-08;;Geprueft
1994-06-09;;Geprueft
1994-06-10;;Geprueft
1994-06-11;;Geprueft
1994-06-12;;Geprueft
1994-06-13;;Geprueft
1994-06-14;;Geprueft
1994-06-15;511,80;Geprueft
1994-06-16;;Geprueft
1994-06-17;;Geprueft
1994-06-18;;Geprueft
1994-06-19;;Geprueft
1994-06-20;;Geprueft
1994-06-21;;Geprueft
1994-06-22;;Geprueft
1994-06-23;;Geprueft
1994-06-24;;Geprueft
1994-06-25;;Geprueft
1994-06-26;;Geprueft
1994-06-27;511,72;Geprueft
1994-06-28;;Geprueft
1994-06-29;;Geprueft
1994-06-30;;Geprueft
1994-07-01;;Geprueft
1994-07-02;;Geprueft
1994-07-03;511,65;Geprueft
1994-07-04;;Geprueft
1994-07-05;;Geprueft
1994-07-06;511,66;Geprueft
1994-07-07;;Geprueft
1994-07-08;;Geprueft
1994-07-09;511,66;Geprueft
1994-07-10;;Geprueft
1994-07-11;;Geprueft
1994-07-12;;Geprueft
1994-07-13;;Geprueft
1994-07-14;511,64;Geprueft
1994-07-15;;Geprueft
1994-07-16;511,62;Geprueft
1994-07-17;;Geprueft
1994-07-18;;Geprueft
1994-07-19;511,57;Geprueft
1994-07-20;511,56;Geprueft
1994-07-21;511,56;Geprueft
1994-07-22;;Geprueft
1994-07-23;;Geprueft
1994-07-24;;Geprueft
1994-07-25;511,52;Geprueft
1994-07-26;511,53;Geprueft
1994-07-27;;Geprueft
1994-07-28;511,54;Geprueft
1994-07-29;;Geprueft
1994-07-30;;Geprueft
1994-07-31;;Geprueft
1994-08-01;;Geprueft
1994-08-02;;Geprueft
1994-08-03;511,56;Geprueft
1994-08-04;511,55;Geprueft
1994-08-05;;Geprueft
1994-08-06;511,51;Geprueft
1994-08-07;;Geprueft
1994-08-08;511,49;Geprueft
1994-08-09;;Geprueft
1994-08-10;511,50;Geprueft
1994-08-11;;Geprueft
1994-08-12;;Geprueft
1994-08-13;511,49;Geprueft
1994-08-14;;Geprueft
1994-08-15;;Geprueft
1994-08-16;511,47;Geprueft
1994-08-17;;Geprueft
1994-08-18;;Geprueft
1994-08-19;511,48;Geprueft
1994-08-20;;Geprueft
1994-08-21;;Geprueft
1994-08-22;;Geprueft
1994-08-23;511,47;Geprueft
1994-08-24;511,48;Geprueft
1994-08-25;;Geprueft
1994-08-26;;Geprueft
1994-08-27;511,48;Geprueft
1994-08-28;;Geprueft
1994-08-29;;Geprueft
1994-08-30;;Geprueft
1994-08-31;;Geprueft
1994-09-01;;Geprueft
1994-09-02;511,44;Geprueft
1994-09-03;;Geprueft
1994-09-04;;Geprueft
1994-09-05;511,41;Geprueft
1994-09-06;;Geprueft
1994-09-07;;Geprueft
1994-09-08;;Geprueft
1994-09-09;511,41;Geprueft
1994-09-10;;Geprueft
1994-09-11;;Geprueft
1994-09-12;;Geprueft
1994-09-13;;Geprueft
1994-09-14;;Geprueft
1994-09-15;;Geprueft
1994-09-16;511,42;Geprueft
1994-09-17;;Geprueft
1994-09-18;;Geprueft
1994-09-19;;Geprueft
1994-09-20;;Geprueft
1994-09-21;;Geprueft
1994-09-22;511,39;Geprueft
1994-09-23;;Geprueft
1994-09-24;;Geprueft
1994-09-25;;Geprueft
1994-09-26;;Geprueft
1994-09-27;;Geprueft
1994-09-28;511,37;Geprueft
1994-09-29;;Geprueft
1994-09-30;;Geprueft
1994-10-01;;Geprueft
1994-10-02;;Geprueft
1994-10-03;;Geprueft
1994-10-04;;Geprueft
1994-10-05;511,35;Geprueft
1994-10-06;;Geprueft
1994-10-07;;Geprueft
1994-10-08;;Geprueft
1994-10-09;;Geprueft
1994-10-10;;Geprueft
1994-10-11;;Geprueft
1994-10-12;511,30;Geprueft
1994-10-13;;Geprueft
1994-10-14;;Geprueft
1994-10-15;;Geprueft
1994-10-16;;Geprueft
1994-10-17;;Geprueft
1994-10-18;;Geprueft
1994-10-19;;Geprueft
1994-10-20;;Geprueft
1994-10-21;;Geprueft
1994-10-22;;Geprueft
1994-10-23;;Geprueft
1994-10-24;;Geprueft
1994-10-25;511,24;Geprueft
1994-10-26;;Geprueft
1994-10-27;;Geprueft
1994-10-28;511,23;Geprueft
1994-10-29;;Geprueft
1994-10-30;511,24;Geprueft
1994-10-31;511,23;Geprueft
1994-11-01;511,24;Geprueft
1994-11-02;;Geprueft
1994-11-03;;Geprueft
1994-11-04;;Geprueft
1994-11-05;;Geprueft
1994-11-06;;Geprueft
1994-11-07;;Geprueft
1994-11-08;;Geprueft
1994-11-09;;Geprueft
1994-11-10;511,24;Geprueft
1994-11-11;;Geprueft
1994-11-12;;Geprueft
1994-11-13;;Geprueft
1994-11-14;;Geprueft
1994-11-15;;Geprueft
1994-11-16;;Geprueft
1994-11-17;;Geprueft
1994-11-18;;Geprueft
1994-11-19;;Geprueft
1994-11-20;511,28;Geprueft
1994-11-21;;Geprueft
1994-11-22;;Geprueft
1994-11-23;;Geprueft
1994-11-24;;Geprueft
1994-11-25;511,29;Geprueft
1994-11-26;;Geprueft
1994-11-27;;Geprueft
1994-11-28;;Geprueft
1994-11-29;;Geprueft
1994-11-30;;Geprueft
1994-12-01;;Geprueft
1994-12-02;;Geprueft
1994-12-03;511,27;Geprueft
1994-12-04;;Geprueft
1994-12-05;;Geprueft
1994-12-06;;Geprueft
1994-12-07;;Geprueft
1994-12-08;;Geprueft
1994-12-09;511,27;Geprueft
1994-12-10;;Geprueft
1994-12-11;;Geprueft
1994-12-12;;Geprueft
1994-12-13;;Geprueft
1994-12-14;;Geprueft
1994-12-15;;Geprueft
1994-12-16;511,30;Geprueft
1994-12-17;;Geprueft
1994-12-18;;Geprueft
1994-12-19;;Geprueft
1994-12-20;;Geprueft
1994-12-21;;Geprueft
1994-12-22;;Geprueft
1994-12-23;;Geprueft
1994-12-24;;Geprueft
1994-12-25;511,30;Geprueft
1994-12-26;;Geprueft
1994-12-27;;Geprueft
1994-12-28;;Geprueft
1994-12-29;;Geprueft
1994-12-30;511,32;Geprueft
1994-12-31;;Geprueft
1995-01-01;;Geprueft
1995-01-02;511,36;Geprueft
1995-01-03;;Geprueft
1995-01-04;;Geprueft
1995-01-05;511,38;Geprueft
1995-01-06;;Geprueft
1995-01-07;;Geprueft
1995-01-08;;Geprueft
1995-01-09;;Geprueft
1995-01-10;;Geprueft
1995-01-11;;Geprueft
1995-01-12;;Geprueft
1995-01-13;;Geprueft
1995-01-14;;Geprueft
1995-01-15;511,36;Geprueft
1995-01-16;;Geprueft
1995-01-17;;Geprueft
1995-01-18;;Geprueft
1995-01-19;;Geprueft
1995-01-20;;Geprueft
1995-01-21;;Geprueft
1995-01-22;511,33;Geprueft
1995-01-23;;Geprueft
1995-01-24;;Geprueft
1995-01-25;511,33;Geprueft
1995-01-26;511,36;Geprueft
1995-01-27;;Geprueft
1995-01-28;511,41;Geprueft
1995-01-29;511,43;Geprueft
1995-01-30;;Geprueft
1995-01-31;511,45;Geprueft
1995-02-01;;Geprueft
1995-02-02;;Geprueft
1995-02-03;511,42;Geprueft
1995-02-04;;Geprueft
1995-02-05;;Geprueft
1995-02-06;;Geprueft
1995-02-07;;Geprueft
1995-02-08;511,44;Geprueft
1995-02-09;;Geprueft
1995-02-10;;Geprueft
1995-02-11;;Geprueft
1995-02-12;;Geprueft
1995-02-13;;Geprueft
1995-02-14;;Geprueft
1995-02-15;;Geprueft
1995-02-16;;Geprueft
1995-02-17;511,39;Geprueft
1995-02-18;;Geprueft
1995-02-19;;Geprueft
1995-02-20;;Geprueft
1995-02-21;;Geprueft
1995-02-22;;Geprueft
1995-02-23;;Geprueft
1995-02-24;;Geprueft
1995-02-25;;Geprueft
1995-02-26;511,38;Geprueft
1995-02-27;;Geprueft
1995-02-28;;Geprueft
1995-03-01;;Geprueft
1995-03-02;;Geprueft
1995-03-03;;Geprueft
1995-03-04;;Geprueft
1995-03-05;;Geprueft
1995-03-06;;Geprueft
1995-03-07;;Geprueft
1995-03-08;;Geprueft
1995-03-09;;Geprueft
1995-03-10;511,34;Geprueft
1995-03-11;;Geprueft
1995-03-12;;Geprueft
1995-03-13;;Geprueft
1995-03-14;;Geprueft
1995-03-15;;Geprueft
1995-03-16;511,34;Geprueft
1995-03-17;;Geprueft
1995-03-18;;Geprueft
1995-03-19;511,35;Geprueft
1995-03-20;;Geprueft
1995-03-21;;Geprueft
1995-03-22;511,38;Geprueft
1995-03-23;;Geprueft
1995-03-24;;Geprueft
1995-03-25;;Geprueft
1995-03-26;;Geprueft
1995-03-27;;Geprueft
1995-03-28;511,43;Geprueft
1995-03-29;;Geprueft
1995-03-30;;Geprueft
1995-03-31;;Geprueft
1995-04-01;511,46;Geprueft
1995-04-02;511,48;Geprueft
1995-04-03;;Geprueft
1995-04-04;511,53;Geprueft
1995-04-05;;Geprueft
1995-04-06;511,56;Geprueft
1995-04-07;;Geprueft
1995-04-08;;Geprueft
1995-04-09;;Geprueft
1995-04-10;511,58;Geprueft
1995-04-11;;Geprueft
1995-04-12;;Geprueft
1995-04-13;;Geprueft
1995-04-14;511,57;Geprueft
1995-04-15;;Geprueft
1995-04-16;;Geprueft
1995-04-17;511,58;Geprueft
1995-04-18;;Geprueft
1995-04-19;;Geprueft
1995-04-20;;Geprueft
1995-04-21;;Geprueft
1995-04-22;;Geprueft
1995-04-23;;Geprueft
1995-04-24;;Geprueft
1995-04-25;;Geprueft
1995-04-26;511,55;Geprueft
1995-04-27;;Geprueft
1995-04-28;;Geprueft
1995-04-29;;Geprueft
1995-04-30;;Geprueft
1995-05-01;;Geprueft
1995-05-02;;Geprueft
1995-05-03;;Geprueft
1995-05-04;;Geprueft
1995-05-05;511,51;Geprueft
1995-05-06;511,51;Geprueft
1995-05-07;;Geprueft
1995-05-08;511,49;Geprueft
1995-05-09;;Geprueft
1995-05-10;511,49;Geprueft
1995-05-11;;Geprueft
1995-05-12;511,48;Geprueft
1995-05-13;;Geprueft
1995-05-14;511,51;Geprueft
1995-05-15;511,57;Geprueft
1995-05-16;511,59;Geprueft
1995-05-17;511,62;Geprueft
1995-05-18;;Geprueft
1995-05-19;511,64;Geprueft
1995-05-20;;Geprueft
1995-05-21;;Geprueft
1995-05-22;511,65;Geprueft
1995-05-23;;Geprueft
1995-05-24;;Geprueft
1995-05-25;511,64;Geprueft
1995-05-26;;Geprueft
1995-05-27;;Geprueft
1995-05-28;;Geprueft
1995-05-29;511,60;Geprueft
1995-05-30;;Geprueft
1995-05-31;511,57;Geprueft
1995-06-01;511,58;Geprueft
1995-06-02;511,59;Geprueft
1995-06-03;511,68;Geprueft
1995-06-04;511,79;Geprueft
1995-06-05;511,86;Geprueft
1995-06-06;511,90;Geprueft
1995-06-07;511,99;Geprueft
1995-06-08;512,22;Geprueft
1995-06-09;512,36;Geprueft
1995-06-10;512,40;Geprueft
1995-06-11;512,41;Geprueft
1995-06-12;;Geprueft
1995-06-13;;Geprueft
1995-06-14;512,41;Geprueft
1995-06-15;512,40;Geprueft
1995-06-16;;Geprueft
1995-06-17;512,41;Geprueft
1995-06-18;;Geprueft
1995-06-19;;Geprueft
1995-06-20;;Geprueft
1995-06-21;;Geprueft
1995-06-22;512,34;Geprueft
1995-06-23;;Geprueft
1995-06-24;512,31;Geprueft
1995-06-25;;Geprueft
1995-06-26;;Geprueft
1995-06-27;512,28;Geprueft
1995-06-28;;Geprueft
1995-06-29;512,24;Geprueft
1995-06-30;;Geprueft
1995-07-01;;Geprueft
1995-07-02;512,21;Geprueft
1995-07-03;;Geprueft
1995-07-04;;Geprueft
1995-07-05;;Geprueft
1995-07-06;512,17;Geprueft
1995-07-07;;Geprueft
1995-07-08;;Geprueft
1995-07-09;512,16;Geprueft
1995-07-10;512,14;Geprueft
1995-07-11;;Geprueft
1995-07-12;512,09;Geprueft
1995-07-13;;Geprueft
1995-07-14;;Geprueft
1995-07-15;;Geprueft
1995-07-16;512,05;Geprueft
1995-07-17;512,06;Geprueft
1995-07-18;;Geprueft
1995-07-19;;Geprueft
1995-07-20;;Geprueft
1995-07-21;512,01;Geprueft
1995-07-22;511,99;Geprueft
1995-07-23;511,99;Geprueft
1995-07-24;;Geprueft
1995-07-25;;Geprueft
1995-07-26;;Geprueft
1995-07-27;;Geprueft
1995-07-28;511,92;Geprueft
1995-07-29;;Geprueft
1995-07-30;511,90;Geprueft
1995-07-31;;Geprueft
1995-08-01;511,83;Geprueft
1995-08-02;;Geprueft
1995-08-03;511,79;Geprueft
1995-08-04;;Geprueft
1995-08-05;511,77;Geprueft
1995-08-06;;Geprueft
1995-08-07;511,74;Geprueft
1995-08-08;511,74;Geprueft
1995-08-09;;Geprueft
1995-08-10;;Geprueft
1995-08-11;511,74;Geprueft
1995-08-12;;Geprueft
1995-08-13;511,73;Geprueft
1995-08-14;511,73;Geprueft
1995-08-15;;Geprueft
1995-08-16;;Geprueft
1995-08-17;;Geprueft
1995-08-18;;Geprueft
1995-08-19;;Geprueft
1995-08-20;;Geprueft
1995-08-21;;Geprueft
1995-08-22;;Geprueft
1995-08-23;;Geprueft
1995-08-24;;Geprueft
1995-08-25;511,68;Geprueft
1995-08-26;511,68;Geprueft
1995-08-27;511,67;Geprueft
1995-08-28;;Geprueft
1995-08-29;;Geprueft
1995-08-30;;Geprueft
1995-08-31;;Geprueft
1995-09-01;511,73;Geprueft
1995-09-02;511,78;Geprueft
1995-09-03;511,82;Geprueft
1995-09-04;;Geprueft
1995-09-05;511,87;Geprueft
1995-09-06;511,88;Geprueft
1995-09-07;;Geprueft
1995-09-08;;Geprueft
1995-09-09;;Geprueft
1995-09-10;;Geprueft
1995-09-11;;Geprueft
1995-09-12;511,85;Geprueft
1995-09-13;;Geprueft
1995-09-14;;Geprueft
1995-09-15;;Geprueft
1995-09-16;;Geprueft
1995-09-17;;Geprueft
1995-09-18;511,81;Geprueft
1995-09-19;;Geprueft
1995-09-20;;Geprueft
1995-09-21;;Geprueft
1995-09-22;511,79;Geprueft
1995-09-23;;Geprueft
1995-09-24;;Geprueft
1995-09-25;;Geprueft
1995-09-26;511,77;Geprueft
1995-09-27;;Geprueft
1995-09-28;;Geprueft
1995-09-29;;Geprueft
1995-09-30;;Geprueft
1995-10-01;;Geprueft
1995-10-02;511,72;Geprueft
1995-10-03;;Geprueft
1995-10-04;;Geprueft
1995-10-05;;Geprueft
1995-10-06;;Geprueft
1995-10-07;;Geprueft
1995-10-08;511,69;Geprueft
1995-10-09;;Geprueft
1995-10-10;;Geprueft
1995-10-11;;Geprueft
1995-10-12;;Geprueft
1995-10-13;;Geprueft
1995-10-14;;Geprueft
1995-10-15;;Geprueft
1995-10-16;;Geprueft
1995-10-17;;Geprueft
1995-10-18;511,61;Geprueft
1995-10-19;;Geprueft
1995-10-20;;Geprueft
1995-10-21;511,60;Geprueft
1995-10-22;;Geprueft
1995-10-23;;Geprueft
1995-10-24;;Geprueft
1995-10-25;;Geprueft
1995-10-26;;Geprueft
1995-10-27;;Geprueft
1995-10-28;511,56;Geprueft
1995-10-29;;Geprueft
1995-10-30;511,55;Geprueft
1995-10-31;511,54;Geprueft
1995-11-01;511,55;Geprueft
1995-11-02;;Geprueft
1995-11-03;;Geprueft
1995-11-04;511,54;Geprueft
1995-11-05;511,53;Geprueft
1995-11-06;;Geprueft
1995-11-07;;Geprueft
1995-11-08;;Geprueft
1995-11-09;;Geprueft
1995-11-10;511,50;Geprueft
1995-11-11;;Geprueft
1995-11-12;;Geprueft
1995-11-13;;Geprueft
1995-11-14;511,49;Geprueft
1995-11-15;511,47;Geprueft
1995-11-16;511,49;Geprueft
1995-11-17;511,53;Geprueft
1995-11-18;;Geprueft
1995-11-19;511,53;Geprueft
1995-11-20;;Geprueft
1995-11-21;511,53;Geprueft
1995-11-22;;Geprueft
1995-11-23;;Geprueft
1995-11-24;;Geprueft
1995-11-25;511,53;Geprueft
1995-11-26;;Geprueft
1995-11-27;;Geprueft
1995-11-28;;Geprueft
1995-11-29;;Geprueft
1995-11-30;511,52;Geprueft
1995-12-01;;Geprueft
1995-12-02;;Geprueft
1995-12-03;;Geprueft
1995-12-04;;Geprueft
1995-12-05;511,49;Geprueft
1995-12-06;;Geprueft
1995-12-07;;Geprueft
1995-12-08;;Geprueft
1995-12-09;511,47;Geprueft
1995-12-10;;Geprueft
1995-12-11;511,47;Geprueft
1995-12-12;;Geprueft
1995-12-13;;Geprueft
1995-12-14;;Geprueft
1995-12-15;511,46;Geprueft
1995-12-16;;Geprueft
1995-12-17;;Geprueft
1995-12-18;;Geprueft
1995-12-19;;Geprueft
1995-12-20;511,45;Geprueft
1995-12-21;;Geprueft
1995-12-22;511,45;Geprueft
1995-12-23;511,48;Geprueft
1995-12-24;;Geprueft
1995-12-25;;Geprueft
1995-12-26;511,61;Geprueft
1995-12-27;;Geprueft
1995-12-28;511,69;Geprueft
1995-12-29;511,72;Geprueft
1995-12-30;;Geprueft
1995-12-31;;Geprueft
1996-01-01;511,75;Geprueft
1996-01-02;;Geprueft
1996-01-03;;Geprueft
1996-01-04;;Geprueft
1996-01-05;;Geprueft
1996-01-06;511,74;Geprueft
1996-01-07;;Geprueft
1996-01-08;;Geprueft
1996-01-09;;Geprueft
1996-01-10;511,74;Geprueft
1996-01-11;;Geprueft
1996-01-12;511,75;Geprueft
1996-01-13;;Geprueft
1996-01-14;;Geprueft
1996-01-15;;Geprueft
1996-01-16;;Geprueft
1996-01-17;;Geprueft
1996-01-18;;Geprueft
1996-01-19;511,73;Geprueft
1996-01-20;;Geprueft
1996-01-21;;Geprueft
1996-01-22;;Geprueft
1996-01-23;;Geprueft
1996-01-24;;Geprueft
1996-01-25;511,71;Geprueft
1996-01-26;;Geprueft
1996-01-27;;Geprueft
1996-01-28;;Geprueft
1996-01-29;;Geprueft
1996-01-30;;Geprueft
1996-01-31;;Geprueft
1996-02-01;;Geprueft
1996-02-02;511,65;Geprueft
1996-02-03;;Geprueft
1996-02-04;;Geprueft
1996-02-05;;Geprueft
1996-02-06;511,62;Geprueft
1996-02-07;;Geprueft
1996-02-08;;Geprueft
1996-02-09;;Geprueft
1996-02-10;;Geprueft
1996-02-11;;Geprueft
1996-02-12;;Geprueft
1996-02-13;511,59;Geprueft
1996-02-14;;Geprueft
1996-02-15;511,59;Geprueft
1996-02-16;;Geprueft
1996-02-17;;Geprueft
1996-02-18;;Geprueft
1996-02-19;;Geprueft
1996-02-20;511,57;Geprueft
1996-02-21;;Geprueft
1996-02-22;;Geprueft
1996-02-23;;Geprueft
1996-02-24;511,56;Geprueft
1996-02-25;;Geprueft
1996-02-26;;Geprueft
1996-02-27;;Geprueft
1996-02-28;;Geprueft
1996-02-29;511,54;Geprueft
1996-03-01;;Geprueft
1996-03-02;;Geprueft
1996-03-03;;Geprueft
1996-03-04;511,54;Geprueft
1996-03-05;;Geprueft
1996-03-06;;Geprueft
1996-03-07;;Geprueft
1996-03-08;;Geprueft
1996-03-09;;Geprueft
1996-03-10;511,52;Geprueft
1996-03-11;;Geprueft
1996-03-12;;Geprueft
1996-03-13;;Geprueft
1996-03-14;;Geprueft
1996-03-15;;Geprueft
1996-03-16;;Geprueft
1996-03-17;;Geprueft
1996-03-18;;Geprueft
1996-03-19;511,49;Geprueft
1996-03-20;;Geprueft
1996-03-21;;Geprueft
1996-03-22;;Geprueft
1996-03-23;;Geprueft
1996-03-24;511,49;Geprueft
1996-03-25;;Geprueft
1996-03-26;511,48;Geprueft
1996-03-27;;Geprueft
1996-03-28;511,50;Geprueft
1996-03-29;;Geprueft
1996-03-30;;Geprueft
1996-03-31;;Geprueft
1996-04-01;;Geprueft
1996-04-02;;Geprueft
1996-04-03;;Geprueft
1996-04-04;511,52;Geprueft
1996-04-05;;Geprueft
1996-04-06;;Geprueft
1996-04-07;;Geprueft
1996-04-08;511,54;Geprueft
1996-04-09;;Geprueft
1996-04-10;;Geprueft
1996-04-11;;Geprueft
1996-04-12;;Geprueft
1996-04-13;511,55;Geprueft
1996-04-14;;Geprueft
1996-04-15;;Geprueft
1996-04-16;;Geprueft
1996-04-17;511,55;Geprueft
1996-04-18;;Geprueft
1996-04-19;;Geprueft
1996-04-20;;Geprueft
1996-04-21;511,55;Geprueft
1996-04-22;;Geprueft
1996-04-23;;Geprueft
1996-04-24;;Geprueft
1996-04-25;;Geprueft
1996-04-26;;Geprueft
1996-04-27;;Geprueft
1996-04-28;511,51;Geprueft
1996-04-29;;Geprueft
1996-04-30;;Geprueft
1996-05-01;511,51;Geprueft
1996-05-02;;Geprueft
1996-05-03;511,49;Geprueft
1996-05-04;511,49;Geprueft
1996-05-05;;Geprueft
1996-05-06;511,49;Geprueft
1996-05-07;;Geprueft
1996-05-08;511,49;Geprueft
1996-05-09;;Geprueft
1996-05-10;511,48;Geprueft
1996-05-11;511,49;Geprueft
1996-05-12;;Geprueft
1996-05-13;;Geprueft
1996-05-14;511,51;Geprueft
1996-05-15;511,52;Geprueft
1996-05-16;511,54;Geprueft
1996-05-17;;Geprueft
1996-05-18;;Geprueft
1996-05-19;;Geprueft
1996-05-20;511,62;Geprueft
1996-05-21;511,64;Geprueft
1996-05-22;;Geprueft
1996-05-23;511,66;Geprueft
1996-05-24;;Geprueft
1996-05-25;;Geprueft
1996-05-26;;Geprueft
1996-05-27;511,67;Geprueft
1996-05-28;;Geprueft
1996-05-29;;Geprueft
1996-05-30;511,71;Geprueft
1996-05-31;;Geprueft
1996-06-01;;Geprueft
1996-06-02;511,75;Geprueft
1996-06-03;;Geprueft
1996-06-04;;Geprueft
1996-06-05;;Geprueft
1996-06-06;511,76;Geprueft
1996-06-07;;Geprueft
1996-06-08;;Geprueft
1996-06-09;;Geprueft
1996-06-10;;Geprueft
1996-06-11;511,74;Geprueft
1996-06-12;511,76;Geprueft
1996-06-13;;Geprueft
1996-06-14;511,75;Geprueft
1996-06-15;;Geprueft
1996-06-16;;Geprueft
1996-06-17;511,73;Geprueft
1996-06-18;;Geprueft
1996-06-19;;Geprueft
1996-06-20;;Geprueft
1996-06-21;;Geprueft
1996-06-22;;Geprueft
1996-06-23;;Geprueft
1996-06-24;;Geprueft
1996-06-25;;Geprueft
1996-06-26;511,67;Geprueft
1996-06-27;;Geprueft
1996-06-28;;Geprueft
1996-06-29;;Geprueft
1996-06-30;;Geprueft
1996-07-01;;Geprueft
1996-07-02;;Geprueft
1996-07-03;;Geprueft
1996-07-04;;Geprueft
1996-07-05;511,65;Geprueft
1996-07-06;;Geprueft
1996-07-07;;Geprueft
1996-07-08;511,67;Geprueft
1996-07-09;511,68;Geprueft
1996-07-10;;Geprueft
1996-07-11;;Geprueft
1996-07-12;;Geprueft
1996-07-13;;Geprueft
1996-07-14;511,83;Geprueft
1996-07-15;511,85;Geprueft
1996-07-16;511,84;Geprueft
1996-07-17;;Geprueft
1996-07-18;;Geprueft
1996-07-19;511,84;Geprueft
1996-07-20;;Geprueft
1996-07-21;511,81;Geprueft
1996-07-22;;Geprueft
1996-07-23;;Geprueft
1996-07-24;511,77;Geprueft
1996-07-25;;Geprueft
1996-07-26;;Geprueft
1996-07-27;511,73;Geprueft
1996-07-28;;Geprueft
1996-07-29;511,72;Geprueft
1996-07-30;;Geprueft
1996-07-31;;Geprueft
1996-08-01;511,68;Geprueft
1996-08-02;511,62;Geprueft
1996-08-03;511,61;Geprueft
1996-08-04;511,62;Geprueft
1996-08-05;;Geprueft
1996-08-06;511,61;Geprueft
1996-08-07;;Geprueft
1996-08-08;511,62;Geprueft
1996-08-09;;Geprueft
1996-08-10;;Geprueft
1996-08-11;;Geprueft
1996-08-12;511,60;Geprueft
1996-08-13;;Geprueft
1996-08-14;;Geprueft
1996-08-15;511,61;Geprueft
1996-08-16;;Geprueft
1996-08-17;;Geprueft
1996-08-18;;Geprueft
1996-08-19;;Geprueft
1996-08-20;511,61;Geprueft
1996-08-21;;Geprueft
1996-08-22;511,59;Geprueft
1996-08-23;511,62;Geprueft
1996-08-24;511,62;Geprueft
1996-08-25;;Geprueft
1996-08-26;;Geprueft
1996-08-27;;Geprueft
1996-08-28;511,64;Geprueft
1996-08-29;;Geprueft
1996-08-30;;Geprueft
1996-08-31;;Geprueft
1996-09-01;511,64;Geprueft
1996-09-02;;Geprueft
1996-09-03;;Geprueft
1996-09-04;511,62;Geprueft
1996-09-05;;Geprueft
1996-09-06;;Geprueft
1996-09-07;;Geprueft
1996-09-08;;Geprueft
1996-09-09;;Geprueft
1996-09-10;511,61;Geprueft
1996-09-11;;Geprueft
1996-09-12;511,61;Geprueft
1996-09-13;511,61;Geprueft
1996-09-14;511,63;Geprueft
1996-09-15;511,63;Geprueft
1996-09-16;;Geprueft
1996-09-17;;Geprueft
1996-09-18;;Geprueft
1996-09-19;;Geprueft
1996-09-20;511,69;Geprueft
1996-09-21;;Geprueft
1996-09-22;;Geprueft
1996-09-23;;Geprueft
1996-09-24;;Geprueft
1996-09-25;511,70;Geprueft
1996-09-26;;Geprueft
1996-09-27;;Geprueft
1996-09-28;;Geprueft
1996-09-29;;Geprueft
1996-09-30;511,67;Geprueft
1996-10-01;;Geprueft
1996-10-02;;Geprueft
1996-10-03;;Geprueft
1996-10-04;;Geprueft
1996-10-05;;Geprueft
1996-10-06;511,65;Geprueft
1996-10-07;;Geprueft
1996-10-08;;Geprueft
1996-10-09;;Geprueft
1996-10-10;;Geprueft
1996-10-11;511,65;Geprueft
1996-10-12;;Geprueft
1996-10-13;;Geprueft
1996-10-14;511,66;Geprueft
1996-10-15;;Geprueft
1996-10-16;511,65;Geprueft
1996-10-17;;Geprueft
1996-10-18;;Geprueft
1996-10-19;;Geprueft
1996-10-20;;Geprueft
1996-10-21;;Geprueft
1996-10-22;511,65;Geprueft
1996-10-23;;Geprueft
1996-10-24;;Geprueft
1996-10-25;;Geprueft
1996-10-26;511,70;Geprueft
1996-10-27;;Geprueft
1996-10-28;;Geprueft
1996-10-29;511,71;Geprueft
1996-10-30;;Geprueft
1996-10-31;511,70;Geprueft
1996-11-01;511,68;Geprueft
1996-11-02;511,68;Geprueft
1996-11-03;;Geprueft
1996-11-04;;Geprueft
1996-11-05;;Geprueft
1996-11-06;;Geprueft
1996-11-07;;Geprueft
1996-11-08;511,65;Geprueft
1996-11-09;;Geprueft
1996-11-10;;Geprueft
1996-11-11;;Geprueft
1996-11-12;;Geprueft
1996-11-13;511,63;Geprueft
1996-11-14;;Geprueft
1996-11-15;;Geprueft
1996-11-16;;Geprueft
1996-11-17;;Geprueft
1996-11-18;;Geprueft
1996-11-19;511,69;Geprueft
1996-11-20;;Geprueft
1996-11-21;;Geprueft
1996-11-22;511,72;Geprueft
1996-11-23;;Geprueft
1996-11-24;;Geprueft
1996-11-25;;Geprueft
1996-11-26;;Geprueft
1996-11-27;;Geprueft
1996-11-28;;Geprueft
1996-11-29;;Geprueft
1996-11-30;;Geprueft
1996-12-01;511,72;Geprueft
1996-12-02;;Geprueft
1996-12-03;;Geprueft
1996-12-04;;Geprueft
1996-12-05;;Geprueft
1996-12-06;511,78;Geprueft
1996-12-07;;Geprueft
1996-12-08;;Geprueft
1996-12-09;511,80;Geprueft
1996-12-10;;Geprueft
1996-12-11;;Geprueft
1996-12-12;;Geprueft
1996-12-13;;Geprueft
1996-12-14;;Geprueft
1996-12-15;;Geprueft
1996-12-16;511,79;Geprueft
1996-12-17;;Geprueft
1996-12-18;;Geprueft
1996-12-19;;Geprueft
1996-12-20;;Geprueft
1996-12-21;511,77;Geprueft
1996-12-22;;Geprueft
1996-12-23;;Geprueft
1996-12-24;;Geprueft
1996-12-25;;Geprueft
1996-12-26;;Geprueft
1996-12-27;;Geprueft
1996-12-28;511,82;Geprueft
1996-12-29;;Geprueft
1996-12-30;;Geprueft
1996-12-31;;Geprueft
1997-01-01;;Geprueft
1997-01-02;;Geprueft
1997-01-03;;Geprueft
1997-01-04;511,82;Geprueft
1997-01-05;;Geprueft
1997-01-06;;Geprueft
1997-01-07;511,79;Geprueft
1997-01-08;;Geprueft
1997-01-09;511,77;Geprueft
1997-01-10;;Geprueft
1997-01-11;;Geprueft
1997-01-12;511,76;Geprueft
1997-01-13;;Geprueft
1997-01-14;;Geprueft
1997-01-15;;Geprueft
1997-01-16;;Geprueft
1997-01-17;;Geprueft
1997-01-18;511,69;Geprueft
1997-01-19;;Geprueft
1997-01-20;;Geprueft
1997-01-21;;Geprueft
1997-01-22;;Geprueft
1997-01-23;511,65;Geprueft
1997-01-24;;Geprueft
1997-01-25;;Geprueft
1997-01-26;;Geprueft
1997-01-27;511,64;Geprueft
1997-01-28;;Geprueft
1997-01-29;;Geprueft
1997-01-30;;Geprueft
1997-01-31;;Geprueft
1997-02-01;511,61;Geprueft
1997-02-02;;Geprueft
1997-02-03;;Geprueft
1997-02-04;511,56;Geprueft
1997-02-05;;Geprueft
1997-02-06;;Geprueft
1997-02-07;511,55;Geprueft
1997-02-08;;Geprueft
1997-02-09;;Geprueft
1997-02-10;511,52;Geprueft
1997-02-11;;Geprueft
1997-02-12;;Geprueft
1997-02-13;;Geprueft
1997-02-14;511,52;Geprueft
1997-02-15;;Geprueft
1997-02-16;;Geprueft
1997-02-17;511,54;Geprueft
1997-02-18;;Geprueft
1997-02-19;;Geprueft
1997-02-20;511,57;Geprueft
1997-02-21;;Geprueft
1997-02-22;;Geprueft
1997-02-23;;Geprueft
1997-02-24;511,60;Geprueft
1997-02-25;;Geprueft
1997-02-26;;Geprueft
1997-02-27;511,61;Geprueft
1997-02-28;;Geprueft
1997-03-01;;Geprueft
1997-03-02;;Geprueft
1997-03-03;511,61;Geprueft
1997-03-04;;Geprueft
1997-03-05;;Geprueft
1997-03-06;511,59;Geprueft
1997-03-07;;Geprueft
1997-03-08;;Geprueft
1997-03-09;;Geprueft
1997-03-10;;Geprueft
1997-03-11;;Geprueft
1997-03-12;;Geprueft
1997-03-13;511,57;Geprueft
1997-03-14;;Geprueft
1997-03-15;;Geprueft
1997-03-16;;Geprueft
1997-03-17;;Geprueft
1997-03-18;;Geprueft
1997-03-19;;Geprueft
1997-03-20;;Geprueft
1997-03-21;;Geprueft
1997-03-22;;Geprueft
1997-03-23;511,58;Geprueft
1997-03-24;;Geprueft
1997-03-25;;Geprueft
1997-03-26;;Geprueft
1997-03-27;511,56;Geprueft
1997-03-28;;Geprueft
1997-03-29;;Geprueft
1997-03-30;;Geprueft
1997-03-31;;Geprueft
1997-04-01;;Geprueft
1997-04-02;;Geprueft
1997-04-03;;Geprueft
1997-04-04;;Geprueft
1997-04-05;511,56;Geprueft
1997-04-06;;Geprueft
1997-04-07;;Geprueft
1997-04-08;;Geprueft
1997-04-09;;Geprueft
1997-04-10;;Geprueft
1997-04-11;;Geprueft
1997-04-12;511,54;Geprueft
1997-04-13;;Geprueft
1997-04-14;;Geprueft
1997-04-15;;Geprueft
1997-04-16;;Geprueft
1997-04-17;;Geprueft
1997-04-18;;Geprueft
1997-04-19;;Geprueft
1997-04-20;;Geprueft
1997-04-21;511,52;Geprueft
1997-04-22;;Geprueft
1997-04-23;;Geprueft
1997-04-24;;Geprueft
1997-04-25;;Geprueft
1997-04-26;;Geprueft
1997-04-27;;Geprueft
1997-04-28;;Geprueft
1997-04-29;511,50;Geprueft
1997-04-30;;Geprueft
1997-05-01;511,50;Geprueft
1997-05-02;;Geprueft
1997-05-03;511,50;Geprueft
1997-05-04;;Geprueft
1997-05-05;;Geprueft
1997-05-06;;Geprueft
1997-05-07;;Geprueft
1997-05-08;511,47;Geprueft
1997-05-09;;Geprueft
1997-05-10;;Geprueft
1997-05-11;;Geprueft
1997-05-12;;Geprueft
1997-05-13;;Geprueft
1997-05-14;;Geprueft
1997-05-15;;Geprueft
1997-05-16;511,45;Geprueft
1997-05-17;511,44;Geprueft
1997-05-18;511,46;Geprueft
1997-05-19;;Geprueft
1997-05-20;511,47;Geprueft
1997-05-21;;Geprueft
1997-05-22;;Geprueft
1997-05-23;;Geprueft
1997-05-24;;Geprueft
1997-05-25;;Geprueft
1997-05-26;;Geprueft
1997-05-27;511,45;Geprueft
1997-05-28;;Geprueft
1997-05-29;511,43;Geprueft
1997-05-30;;Geprueft
1997-05-31;;Geprueft
1997-06-01;;Geprueft
1997-06-02;;Geprueft
1997-06-03;;Geprueft
1997-06-04;511,37;Geprueft
1997-06-05;;Geprueft
1997-06-06;511,36;Geprueft
1997-06-07;;Geprueft
1997-06-08;;Geprueft
1997-06-09;511,35;Geprueft
1997-06-10;;Geprueft
1997-06-11;;Geprueft
1997-06-12;511,34;Geprueft
1997-06-13;;Geprueft
1997-06-14;511,35;Geprueft
1997-06-15;;Geprueft
1997-06-16;511,36;Geprueft
1997-06-17;;Geprueft
1997-06-18;;Geprueft
1997-06-19;511,36;Geprueft
1997-06-20;;Geprueft
1997-06-21;;Geprueft
1997-06-22;;Geprueft
1997-06-23;511,33;Geprueft
1997-06-24;;Geprueft
1997-06-25;;Geprueft
1997-06-26;;Geprueft
1997-06-27;;Geprueft
1997-06-28;511,33;Geprueft
1997-06-29;511,32;Geprueft
1997-06-30;;Geprueft
1997-07-01;511,33;Geprueft
1997-07-02;;Geprueft
1997-07-03;;Geprueft
1997-07-04;;Geprueft
1997-07-05;511,30;Geprueft
1997-07-06;511,34;Geprueft
1997-07-07;511,36;Geprueft
1997-07-08;;Geprueft
1997-07-09;;Geprueft
1997-07-10;;Geprueft
1997-07-11;;Geprueft
1997-07-12;511,35;Geprueft
1997-07-13;;Geprueft
1997-07-14;;Geprueft
1997-07-15;511,32;Geprueft
1997-07-16;;Geprueft
1997-07-17;511,31;Geprueft
1997-07-18;511,33;Geprueft
1997-07-19;511,38;Geprueft
1997-07-20;511,44;Geprueft
1997-07-21;511,49;Geprueft
1997-07-22;511,53;Geprueft
1997-07-23;;Geprueft
1997-07-24;511,57;Geprueft
1997-07-25;;Geprueft
1997-07-26;511,58;Geprueft
1997-07-27;;Geprueft
1997-07-28;;Geprueft
1997-07-29;;Geprueft
1997-07-30;;Geprueft
1997-07-31;;Geprueft
1997-08-01;511,51;Geprueft
1997-08-02;511,50;Geprueft
1997-08-03;;Geprueft
1997-08-04;;Geprueft
1997-08-05;511,48;Geprueft
1997-08-06;;Geprueft
1997-08-07;;Geprueft
1997-08-08;;Geprueft
1997-08-09;511,44;Geprueft
1997-08-10;;Geprueft
1997-08-11;;Geprueft
1997-08-12;;Geprueft
1997-08-13;;Geprueft
1997-08-14;;Geprueft
1997-08-15;511,37;Geprueft
1997-08-16;;Geprueft
1997-08-17;511,37;Geprueft
1997-08-18;511,38;Geprueft
1997-08-19;;Geprueft
1997-08-20;;Geprueft
1997-08-21;;Geprueft
1997-08-22;;Geprueft
1997-08-23;;Geprueft
1997-08-24;;Geprueft
1997-08-25;511,33;Geprueft
1997-08-26;;Geprueft
1997-08-27;;Geprueft
1997-08-28;511,32;Geprueft
1997-08-29;;Geprueft
1997-08-30;511,34;Geprueft
1997-08-31;;Geprueft
1997-09-01;511,34;Geprueft
1997-09-02;;Geprueft
1997-09-03;;Geprueft
1997-09-04;;Geprueft
1997-09-05;;Geprueft
1997-09-06;;Geprueft
1997-09-07;511,30;Geprueft
1997-09-08;;Geprueft
1997-09-09;;Geprueft
1997-09-10;;Geprueft
1997-09-11;;Geprueft
1997-09-12;;Geprueft
1997-09-13;;Geprueft
1997-09-14;511,27;Geprueft
1997-09-15;;Geprueft
1997-09-16;;Geprueft
1997-09-17;;Geprueft
1997-09-18;;Geprueft
1997-09-19;;Geprueft
1997-09-20;;Geprueft
1997-09-21;;Geprueft
1997-09-22;511,26;Geprueft
1997-09-23;;Geprueft
1997-09-24;;Geprueft
1997-09-25;;Geprueft
1997-09-26;;Geprueft
1997-09-27;511,22;Geprueft
1997-09-28;;Geprueft
1997-09-29;;Geprueft
1997-09-30;;Geprueft
1997-10-01;511,20;Geprueft
1997-10-02;511,21;Geprueft
1997-10-03;511,21;Geprueft
1997-10-04;;Geprueft
1997-10-05;;Geprueft
1997-10-06;;Geprueft
1997-10-07;;Geprueft
1997-10-08;;Geprueft
1997-10-09;511,18;Geprueft
1997-10-10;;Geprueft
1997-10-11;;Geprueft
1997-10-12;511,18;Geprueft
1997-10-13;;Geprueft
1997-10-14;511,21;Geprueft
1997-10-15;;Geprueft
1997-10-16;;Geprueft
1997-10-17;;Geprueft
1997-10-18;;Geprueft
1997-10-19;;Geprueft
1997-10-20;;Geprueft
1997-10-21;511,20;Geprueft
1997-10-22;;Geprueft
1997-10-23;;Geprueft
1997-10-24;;Geprueft
1997-10-25;;Geprueft
1997-10-26;;Geprueft
1997-10-27;;Geprueft
1997-10-28;;Geprueft
1997-10-29;;Geprueft
1997-10-30;;Geprueft
1997-10-31;511,17;Geprueft
1997-11-01;511,15;Geprueft
1997-11-02;;Geprueft
1997-11-03;;Geprueft
1997-11-04;;Geprueft
1997-11-05;;Geprueft
1997-11-06;;Geprueft
1997-11-07;;Geprueft
1997-11-08;;Geprueft
1997-11-09;511,12;Geprueft
1997-11-10;;Geprueft
1997-11-11;;Geprueft
1997-11-12;;Geprueft
1997-11-13;;Geprueft
1997-11-14;;Geprueft
1997-11-15;;Geprueft
1997-11-16;;Geprueft
1997-11-17;;Geprueft
1997-11-18;;Geprueft
1997-11-19;;Geprueft
1997-11-20;;Geprueft
1997-11-21;;Geprueft
1997-11-22;;Geprueft
1997-11-23;511,09;Geprueft
1997-11-24;;Geprueft
1997-11-25;;Geprueft
1997-11-26;;Geprueft
1997-11-27;;Geprueft
1997-11-28;;Geprueft
1997-11-29;;Geprueft
1997-11-30;;Geprueft
1997-12-01;511,03;Geprueft
1997-12-02;;Geprueft
1997-12-03;;Geprueft
1997-12-04;;Geprueft
1997-12-05;511,00;Geprueft
1997-12-06;;Geprueft
1997-12-07;;Geprueft
1997-12-08;;Geprueft
1997-12-09;511,00;Geprueft
1997-12-10;;Geprueft
1997-12-11;511,01;Geprueft
1997-12-12;511,04;Geprueft
1997-12-13;;Geprueft
1997-12-14;;Geprueft
1997-12-15;511,11;Geprueft
1997-12-16;;Geprueft
1997-12-17;511,15;Geprueft
1997-12-18;511,16;Geprueft
1997-12-19;;Geprueft
1997-12-20;511,17;Geprueft
1997-12-21;;Geprueft
1997-12-22;;Geprueft
1997-12-23;;Geprueft
1997-12-24;;Geprueft
1997-12-25;;Geprueft
1997-12-26;;Geprueft
1997-12-27;;Geprueft
1997-12-28;;Geprueft
1997-12-29;;Geprueft
1997-12-30;;Geprueft
1997-12-31;;Geprueft
1998-01-01;;Geprueft
1998-01-02;;Geprueft
1998-01-03;511,19;Geprueft
1998-01-04;;Geprueft
1998-01-05;;Geprueft
1998-01-06;;Geprueft
1998-01-07;;Geprueft
1998-01-08;;Geprueft
1998-01-09;;Geprueft
1998-01-10;;Geprueft
1998-01-11;;Geprueft
1998-01-12;;Geprueft
1998-01-13;;Geprueft
1998-01-14;511,17;Geprueft
1998-01-15;;Geprueft
1998-01-16;;Geprueft
1998-01-17;;Geprueft
1998-01-18;;Geprueft
1998-01-19;;Geprueft
1998-01-20;511,15;Geprueft
1998-01-21;;Geprueft
1998-01-22;;Geprueft
1998-01-23;;Geprueft
1998-01-24;;Geprueft
1998-01-25;;Geprueft
1998-01-26;;Geprueft
1998-01-27;;Geprueft
1998-01-28;;Geprueft
1998-01-29;;Geprueft
1998-01-30;511,09;Geprueft
1998-01-31;511,08;Geprueft
1998-02-01;;Geprueft
1998-02-02;;Geprueft
1998-02-03;511,01;Geprueft
1998-02-04;;Geprueft
1998-02-05;511,02;Geprueft
1998-02-06;;Geprueft
1998-02-07;;Geprueft
1998-02-08;;Geprueft
1998-02-09;;Geprueft
1998-02-10;;Geprueft
1998-02-11;;Geprueft
1998-02-12;511,00;Geprueft
1998-02-13;;Geprueft
1998-02-14;;Geprueft
1998-02-15;;Geprueft
1998-02-16;;Geprueft
1998-02-17;;Geprueft
1998-02-18;;Geprueft
1998-02-19;510,95;Geprueft
1998-02-20;;Geprueft
1998-02-21;;Geprueft
1998-02-22;;Geprueft
1998-02-23;;Geprueft
1998-02-24;;Geprueft
1998-02-25;;Geprueft
1998-02-26;510,92;Geprueft
1998-02-27;;Geprueft
1998-02-28;;Geprueft
1998-03-01;;Geprueft
1998-03-02;510,92;Geprueft
1998-03-03;;Geprueft
1998-03-04;;Geprueft
1998-03-05;;Geprueft
1998-03-06;510,93;Geprueft
1998-03-07;;Geprueft
1998-03-08;;Geprueft
1998-03-09;;Geprueft
1998-03-10;;Geprueft
1998-03-11;;Geprueft
1998-03-12;;Geprueft
1998-03-13;;Geprueft
1998-03-14;;Geprueft
1998-03-15;;Geprueft
1998-03-16;;Geprueft
1998-03-17;;Geprueft
1998-03-18;;Geprueft
1998-03-19;;Geprueft
1998-03-20;510,93;Geprueft
1998-03-21;;Geprueft
1998-03-22;;Geprueft
1998-03-23;;Geprueft
1998-03-24;510,94;Geprueft
1998-03-25;;Geprueft
1998-03-26;;Geprueft
1998-03-27;;Geprueft
1998-03-28;;Geprueft
1998-03-29;;Geprueft
1998-03-30;;Geprueft
1998-03-31;510,93;Geprueft
1998-04-01;;Geprueft
1998-04-02;;Geprueft
1998-04-03;;Geprueft
1998-04-04;;Geprueft
1998-04-05;510,91;Geprueft
1998-04-06;;Geprueft
1998-04-07;;Geprueft
1998-04-08;;Geprueft
1998-04-09;;Geprueft
1998-04-10;;Geprueft
1998-04-11;;Geprueft
1998-04-12;;Geprueft
1998-04-13;;Geprueft
1998-04-14;;Geprueft
1998-04-15;;Geprueft
1998-04-16;;Geprueft
1998-04-17;;Geprueft
1998-04-18;510,89;Geprueft
1998-04-19;;Geprueft
1998-04-20;;Geprueft
1998-04-21;;Geprueft
1998-04-22;;Geprueft
1998-04-23;;Geprueft
1998-04-24;510,90;Geprueft
1998-04-25;;Geprueft
1998-04-26;;Geprueft
1998-04-27;;Geprueft
1998-04-28;;Geprueft
1998-04-29;;Geprueft
1998-04-30;;Geprueft
1998-05-01;;Geprueft
1998-05-02;510,88;Geprueft
1998-05-03;;Geprueft
1998-05-04;;Geprueft
1998-05-05;;Geprueft
1998-05-06;510,87;Geprueft
1998-05-07;;Geprueft
1998-05-08;510,87;Geprueft
1998-05-09;;Geprueft
1998-05-10;;Geprueft
1998-05-11;510,86;Geprueft
1998-05-12;;Geprueft
1998-05-13;;Geprueft
1998-05-14;;Geprueft
1998-05-15;510,83;Geprueft
1998-05-16;;Geprueft
1998-05-17;;Geprueft
1998-05-18;;Geprueft
1998-05-19;510,80;Geprueft
1998-05-20;;Geprueft
1998-05-21;;Geprueft
1998-05-22;;Geprueft
1998-05-23;;Geprueft
1998-05-24;;Geprueft
1998-05-25;;Geprueft
1998-05-26;510,78;Geprueft
1998-05-27;;Geprueft
1998-05-28;;Geprueft
1998-05-29;;Geprueft
1998-05-30;510,76;Geprueft
1998-05-31;;Geprueft
1998-06-01;;Geprueft
1998-06-02;;Geprueft
1998-06-03;;Geprueft
1998-06-04;;Geprueft
1998-06-05;;Geprueft
1998-06-06;510,73;Geprueft
1998-06-07;;Geprueft
1998-06-08;;Geprueft
1998-06-09;510,72;Geprueft
1998-06-10;;Geprueft
1998-06-11;510,72;Geprueft
1998-06-12;510,75;Geprueft
1998-06-13;510,78;Geprueft
1998-06-14;510,79;Geprueft
1998-06-15;;Geprueft
1998-06-16;;Geprueft
1998-06-17;510,78;Geprueft
1998-06-18;;Geprueft
1998-06-19;;Geprueft
1998-06-20;510,79;Geprueft
1998-06-21;;Geprueft
1998-06-22;;Geprueft
1998-06-23;510,78;Geprueft
1998-06-24;;Geprueft
1998-06-25;;Geprueft
1998-06-26;510,75;Geprueft
1998-06-27;;Geprueft
1998-06-28;;Geprueft
1998-06-29;;Geprueft
1998-06-30;;Geprueft
1998-07-01;;Geprueft
1998-07-02;;Geprueft
1998-07-03;510,73;Geprueft
1998-07-04;;Geprueft
1998-07-05;;Geprueft
1998-07-06;;Geprueft
1998-07-07;;Geprueft
1998-07-08;;Geprueft
1998-07-09;;Geprueft
1998-07-10;;Geprueft
1998-07-11;;Geprueft
1998-07-12;;Geprueft
1998-07-13;510,70;Geprueft
1998-07-14;;Geprueft
1998-07-15;;Geprueft
1998-07-16;;Geprueft
1998-07-17;;Geprueft
1998-07-18;;Geprueft
1998-07-19;;Geprueft
1998-07-20;;Geprueft
1998-07-21;;Geprueft
1998-07-22;;Geprueft
1998-07-23;;Geprueft
1998-07-24;;Geprueft
1998-07-25;510,66;Geprueft
1998-07-26;;Geprueft
1998-07-27;;Geprueft
1998-07-28;;Geprueft
1998-07-29;;Geprueft
1998-07-30;;Geprueft
1998-07-31;;Geprueft
1998-08-01;510,66;Geprueft
1998-08-02;510,69;Geprueft
1998-08-03;510,71;Geprueft
1998-08-04;510,70;Geprueft
1998-08-05;;Geprueft
1998-08-06;510,68;Geprueft
1998-08-07;;Geprueft
1998-08-08;;Geprueft
1998-08-09;;Geprueft
1998-08-10;;Geprueft
1998-08-11;;Geprueft
1998-08-12;;Geprueft
1998-08-13;510,62;Geprueft
1998-08-14;;Geprueft
1998-08-15;;Geprueft
1998-08-16;510,60;Geprueft
1998-08-17;;Geprueft
1998-08-18;;Geprueft
1998-08-19;;Geprueft
1998-08-20;;Geprueft
1998-08-21;;Geprueft
1998-08-22;510,60;Geprueft
1998-08-23;;Geprueft
1998-08-24;;Geprueft
1998-08-25;;Geprueft
1998-08-26;510,61;Geprueft
1998-08-27;;Geprueft
1998-08-28;;Geprueft
1998-08-29;;Geprueft
1998-08-30;;Geprueft
1998-08-31;;Geprueft
1998-09-01;510,59;Geprueft
1998-09-02;;Geprueft
1998-09-03;510,60;Geprueft
1998-09-04;;Geprueft
1998-09-05;;Geprueft
1998-09-06;;Geprueft
1998-09-07;510,64;Geprueft
1998-09-08;;Geprueft
1998-09-09;;Geprueft
1998-09-10;510,65;Geprueft
1998-09-11;;Geprueft
1998-09-12;;Geprueft
1998-09-13;;Geprueft
1998-09-14;;Geprueft
1998-09-15;;Geprueft
1998-09-16;;Geprueft
1998-09-17;;Geprueft
1998-09-18;;Geprueft
1998-09-19;;Geprueft
1998-09-20;;Geprueft
1998-09-21;;Geprueft
1998-09-22;;Geprueft
1998-09-23;;Geprueft
1998-09-24;;Geprueft
1998-09-25;;Geprueft
1998-09-26;;Geprueft
1998-09-27;;Geprueft
1998-09-28;510,60;Geprueft
1998-09-29;;Geprueft
1998-09-30;;Geprueft
1998-10-01;;Geprueft
1998-10-02;;Geprueft
1998-10-03;;Geprueft
1998-10-04;;Geprueft
1998-10-05;510,59;Geprueft
1998-10-06;;Geprueft
1998-10-07;;Geprueft
1998-10-08;;Geprueft
1998-10-09;;Geprueft
1998-10-10;;Geprueft
1998-10-11;;Geprueft
1998-10-12;510,58;Geprueft
1998-10-13;;Geprueft
1998-10-14;;Geprueft
1998-10-15;;Geprueft
1998-10-16;;Geprueft
1998-10-17;;Geprueft
1998-10-18;;Geprueft
1998-10-19;;Geprueft
1998-10-20;;Geprueft
1998-10-21;;Geprueft
1998-10-22;;Geprueft
1998-10-23;;Geprueft
1998-10-24;510,54;Geprueft
1998-10-25;;Geprueft
1998-10-26;;Geprueft
1998-10-27;;Geprueft
1998-10-28;;Geprueft
1998-10-29;510,54;Geprueft
1998-10-30;510,61;Geprueft
1998-10-31;510,65;Geprueft
1998-11-01;510,69;Geprueft
1998-11-02;510,76;Geprueft
1998-11-03;510,79;Geprueft
1998-11-04;;Geprueft
1998-11-05;;Geprueft
1998-11-06;;Geprueft
1998-11-07;;Geprueft
1998-11-08;510,90;Geprueft
1998-11-09;510,93;Geprueft
1998-11-10;;Geprueft
1998-11-11;;Geprueft
1998-11-12;;Geprueft
1998-11-13;511,10;Geprueft
1998-11-14;511,13;Geprueft
1998-11-15;511,14;Geprueft
1998-11-16;;Geprueft
1998-11-17;;Geprueft
1998-11-18;;Geprueft
1998-11-19;;Geprueft
1998-11-20;;Geprueft
1998-11-21;;Geprueft
1998-11-22;511,15;Geprueft
1998-11-23;;Geprueft
1998-11-24;;Geprueft
1998-11-25;;Geprueft
1998-11-26;;Geprueft
1998-11-27;511,16;Geprueft
1998-11-28;;Geprueft
1998-11-29;;Geprueft
1998-11-30;;Geprueft
1998-12-01;511,13;Geprueft
1998-12-02;;Geprueft
1998-12-03;;Geprueft
1998-12-04;;Geprueft
1998-12-05;;Geprueft
1998-12-06;;Geprueft
1998-12-07;;Geprueft
1998-12-08;;Geprueft
1998-12-09;511,06;Geprueft
1998-12-10;;Geprueft
1998-12-11;;Geprueft
1998-12-12;511,05;Geprueft
1998-12-13;511,08;Geprueft
1998-12-14;511,09;Geprueft
1998-12-15;511,13;Geprueft
1998-12-16;;Geprueft
1998-12-17;511,18;Geprueft
1998-12-18;511,19;Geprueft
1998-12-19;;Geprueft
1998-12-20;;Geprueft
1998-12-21;511,21;Geprueft
1998-12-22;;Geprueft
1998-12-23;;Geprueft
1998-12-24;;Geprueft
1998-12-25;511,21;Geprueft
1998-12-26;;Geprueft
1998-12-27;;Geprueft
1998-12-28;;Geprueft
1998-12-29;;Geprueft
1998-12-30;;Geprueft
1998-12-31;;Geprueft
1999-01-01;;Geprueft
1999-01-02;;Geprueft
1999-01-03;;Geprueft
1999-01-04;;Geprueft
1999-01-05;;Geprueft
1999-01-06;;Geprueft
1999-01-07;511,11;Geprueft
1999-01-08;;Geprueft
1999-01-09;511,12;Geprueft
1999-01-10;;Geprueft
1999-01-11;;Geprueft
1999-01-12;;Geprueft
1999-01-13;;Geprueft
1999-01-14;;Geprueft
1999-01-15;;Geprueft
1999-01-16;511,12;Geprueft
1999-01-17;;Geprueft
1999-01-18;;Geprueft
1999-01-19;511,11;Geprueft
1999-01-20;;Geprueft
1999-01-21;;Geprueft
1999-01-22;;Geprueft
1999-01-23;;Geprueft
1999-01-24;;Geprueft
1999-01-25;511,11;Geprueft
1999-01-26;;Geprueft
1999-01-27;;Geprueft
1999-01-28;;Geprueft
1999-01-29;;Geprueft
1999-01-30;;Geprueft
1999-01-31;;Geprueft
1999-02-01;511,09;Geprueft
1999-02-02;511,08;Geprueft
1999-02-03;511,08;Geprueft
1999-02-04;;Geprueft
1999-02-05;;Geprueft
1999-02-06;;Geprueft
1999-02-07;511,08;Geprueft
1999-02-08;;Geprueft
1999-02-09;;Geprueft
1999-02-10;;Geprueft
1999-02-11;;Geprueft
1999-02-12;;Geprueft
1999-02-13;511,07;Geprueft
1999-02-14;;Geprueft
1999-02-15;511,07;Geprueft
1999-02-16;;Geprueft
1999-02-17;;Geprueft
1999-02-18;511,08;Geprueft
1999-02-19;511,11;Geprueft
1999-02-20;511,20;Geprueft
1999-02-21;;Geprueft
1999-02-22;511,40;Geprueft
1999-02-23;511,47;Geprueft
1999-02-24;;Geprueft
1999-02-25;511,56;Geprueft
1999-02-26;511,58;Geprueft
1999-02-27;;Geprueft
1999-02-28;511,57;Geprueft
1999-03-01;;Geprueft
1999-03-02;511,58;Geprueft
1999-03-03;;Geprueft
1999-03-04;;Geprueft
1999-03-05;;Geprueft
1999-03-06;;Geprueft
1999-03-07;;Geprueft
1999-03-08;511,59;Geprueft
1999-03-09;;Geprueft
1999-03-10;;Geprueft
1999-03-11;511,73;Geprueft
1999-03-12;511,76;Geprueft
1999-03-13;;Geprueft
1999-03-14;511,77;Geprueft
1999-03-15;;Geprueft
1999-03-16;;Geprueft
1999-03-17;;Geprueft
1999-03-18;;Geprueft
1999-03-19;;Geprueft
1999-03-20;511,74;Geprueft
1999-03-21;;Geprueft
1999-03-22;;Geprueft
1999-03-23;;Geprueft
1999-03-24;;Geprueft
1999-03-25;;Geprueft
1999-03-26;511,69;Geprueft
1999-03-27;;Geprueft
1999-03-28;;Geprueft
1999-03-29;511,65;Geprueft
1999-03-30;;Geprueft
1999-03-31;;Geprueft
1999-04-01;511,63;Geprueft
1999-04-02;;Geprueft
1999-04-03;;Geprueft
1999-04-04;;Geprueft
1999-04-05;;Geprueft
1999-04-06;;Geprueft
1999-04-07;;Geprueft
1999-04-08;;Geprueft
1999-04-09;;Geprueft
1999-04-10;;Geprueft
1999-04-11;;Geprueft
1999-04-12;511,54;Geprueft
1999-04-13;;Geprueft
1999-04-14;;Geprueft
1999-04-15;;Geprueft
1999-04-16;;Geprueft
1999-04-17;;Geprueft
1999-04-18;511,55;Geprueft
1999-04-19;;Geprueft
1999-04-20;;Geprueft
1999-04-21;;Geprueft
1999-04-22;;Geprueft
1999-04-23;511,58;Geprueft
1999-04-24;;Geprueft
1999-04-25;;Geprueft
1999-04-26;;Geprueft
1999-04-27;;Geprueft
1999-04-28;511,57;Geprueft
1999-04-29;;Geprueft
1999-04-30;;Geprueft
1999-05-01;;Geprueft
1999-05-02;511,56;Geprueft
1999-05-03;;Geprueft
1999-05-04;511,53;Geprueft
1999-05-05;511,52;Geprueft
1999-05-06;;Geprueft
1999-05-07;;Geprueft
1999-05-08;;Geprueft
1999-05-09;511,50;Geprueft
1999-05-10;;Geprueft
1999-05-11;511,50;Geprueft
1999-05-12;;Geprueft
1999-05-13;511,52;Geprueft
1999-05-14;;Geprueft
1999-05-15;;Geprueft
1999-05-16;;Geprueft
1999-05-17;;Geprueft
1999-05-18;;Geprueft
1999-05-19;511,54;Geprueft
1999-05-20;511,55;Geprueft
1999-05-21;511,60;Geprueft
1999-05-22;511,71;Geprueft
1999-05-23;511,86;Geprueft
1999-05-24;511,97;Geprueft
1999-05-25;;Geprueft
1999-05-26;512,02;Geprueft
1999-05-27;;Geprueft
1999-05-28;512,05;Geprueft
1999-05-29;512,10;Geprueft
1999-05-30;;Geprueft
1999-05-31;512,12;Geprueft
1999-06-01;;Geprueft
1999-06-02;;Geprueft
1999-06-03;;Geprueft
1999-06-04;512,16;Geprueft
1999-06-05;;Geprueft
1999-06-06;;Geprueft
1999-06-07;;Geprueft
1999-06-08;;Geprueft
1999-06-09;;Geprueft
1999-06-10;512,15;Geprueft
1999-06-11;;Geprueft
1999-06-12;;Geprueft
1999-06-13;;Geprueft
1999-06-14;;Geprueft
1999-06-15;512,08;Geprueft
1999-06-16;;Geprueft
1999-06-17;;Geprueft
1999-06-18;;Geprueft
1999-06-19;;Geprueft
1999-06-20;;Geprueft
1999-06-21;512,02;Geprueft
1999-06-22;;Geprueft
1999-06-23;512,02;Geprueft
1999-06-24;;Geprueft
1999-06-25;512,00;Geprueft
1999-06-26;;Geprueft
1999-06-27;;Geprueft
1999-06-28;511,97;Geprueft
1999-06-29;;Geprueft
1999-06-30;;Geprueft
1999-07-01;;Geprueft
1999-07-02;;Geprueft
1999-07-03;511,94;Geprueft
1999-07-04;511,94;Geprueft
1999-07-05;;Geprueft
1999-07-06;511,95;Geprueft
1999-07-07;;Geprueft
1999-07-08;511,94;Geprueft
1999-07-09;511,92;Geprueft
1999-07-10;;Geprueft
1999-07-11;;Geprueft
1999-07-12;;Geprueft
1999-07-13;;Geprueft
1999-07-14;;Geprueft
1999-07-15;;Geprueft
1999-07-16;511,90;Geprueft
1999-07-17;;Geprueft
1999-07-18;;Geprueft
1999-07-19;;Geprueft
1999-07-20;;Geprueft
1999-07-21;;Geprueft
1999-07-22;;Geprueft
1999-07-23;;Geprueft
1999-07-24;;Geprueft
1999-07-25;;Geprueft
1999-07-26;;Geprueft
1999-07-27;511,84;Geprueft
1999-07-28;;Geprueft
1999-07-29;;Geprueft
1999-07-30;511,83;Geprueft
1999-07-31;;Geprueft
1999-08-01;;Geprueft
1999-08-02;;Geprueft
1999-08-03;511,81;Geprueft
1999-08-04;511,82;Geprueft
1999-08-05;511,81;Geprueft
1999-08-06;511,80;Geprueft
1999-08-07;511,80;Geprueft
1999-08-08;511,79;Geprueft
1999-08-09;511,78;Geprueft
1999-08-10;511,77;Geprueft
1999-08-11;511,76;Geprueft
1999-08-12;511,76;Geprueft
1999-08-13;511,76;Geprueft
1999-08-14;;Geprueft
1999-08-15;511,76;Geprueft
1999-08-16;511,75;Geprueft
1999-08-17;511,75;Geprueft
1999-08-18;511,74;Geprueft
1999-08-19;511,74;Geprueft
1999-08-20;511,73;Geprueft
1999-08-21;;Geprueft
1999-08-22;511,72;Geprueft
1999-08-23;511,72;Geprueft
1999-08-24;511,71;Geprueft
1999-08-25;511,70;Geprueft
1999-08-26;511,70;Geprueft
1999-08-27;511,69;Geprueft
1999-08-28;511,69;Geprueft
1999-08-29;511,68;Geprueft
1999-08-30;;Geprueft
1999-08-31;511,68;Geprueft
1999-09-01;511,67;Geprueft
1999-09-02;511,66;Geprueft
1999-09-03;511,66;Geprueft
1999-09-04;511,66;Geprueft
1999-09-05;511,66;Geprueft
1999-09-06;511,65;Geprueft
1999-09-07;;Geprueft
1999-09-08;511,65;Geprueft
1999-09-09;511,65;Geprueft
1999-09-10;511,64;Geprueft
1999-09-11;511,64;Geprueft
1999-09-12;;Geprueft
1999-09-13;511,62;Geprueft
1999-09-14;511,61;Geprueft
1999-09-15;511,61;Geprueft
1999-09-16;511,60;Geprueft
1999-09-17;511,60;Geprueft
1999-09-18;511,59;Geprueft
1999-09-19;511,58;Geprueft
1999-09-20;511,58;Geprueft
1999-09-21;511,58;Geprueft
1999-09-22;511,57;Geprueft
1999-09-23;511,57;Geprueft
1999-09-24;;Geprueft
1999-09-25;511,57;Geprueft
1999-09-26;511,57;Geprueft
1999-09-27;511,57;Geprueft
1999-09-28;511,58;Geprueft
1999-09-29;;Geprueft
1999-09-30;511,58;Geprueft
1999-10-01;511,58;Geprueft
1999-10-02;511,57;Geprueft
1999-10-03;511,57;Geprueft
1999-10-04;511,57;Geprueft
1999-10-05;511,57;Geprueft
1999-10-06;;Geprueft
1999-10-07;511,57;Geprueft
1999-10-08;511,57;Geprueft
1999-10-09;511,56;Geprueft
1999-10-10;511,56;Geprueft
1999-10-11;511,56;Geprueft
1999-10-12;511,56;Geprueft
1999-10-13;511,55;Geprueft
1999-10-14;;Geprueft
1999-10-15;511,55;Geprueft
1999-10-16;511,55;Geprueft
1999-10-17;511,55;Geprueft
1999-10-18;511,54;Geprueft
1999-10-19;511,55;Geprueft
1999-10-20;511,55;Geprueft
1999-10-21;511,53;Geprueft
1999-10-22;511,53;Geprueft
1999-10-23;511,52;Geprueft
1999-10-24;511,52;Geprueft
1999-10-25;511,51;Geprueft
1999-10-26;511,51;Geprueft
1999-10-27;511,51;Geprueft
1999-10-28;511,50;Geprueft
1999-10-29;511,50;Geprueft
1999-10-30;511,50;Geprueft
1999-10-31;511,50;Geprueft
1999-11-01;511,46;Geprueft
1999-11-02;511,43;Geprueft
1999-11-03;511,44;Geprueft
1999-11-04;511,43;Geprueft
1999-11-05;511,42;Geprueft
1999-11-06;511,42;Geprueft
1999-11-07;511,43;Geprueft
1999-11-08;511,43;Geprueft
1999-11-09;511,43;Geprueft
1999-11-10;511,45;Geprueft
1999-11-11;511,46;Geprueft
1999-11-12;511,47;Geprueft
1999-11-13;511,48;Geprueft
1999-11-14;511,48;Geprueft
1999-11-15;511,48;Geprueft
1999-11-16;511,48;Geprueft
1999-11-17;511,48;Geprueft
1999-11-18;;Geprueft
1999-11-19;511,48;Geprueft
1999-11-20;511,48;Geprueft
1999-11-21;511,47;Geprueft
1999-11-22;511,47;Geprueft
1999-11-23;511,47;Geprueft
1999-11-24;511,47;Geprueft
1999-11-25;511,47;Geprueft
1999-11-26;511,47;Geprueft
1999-11-27;511,47;Geprueft
1999-11-28;511,46;Geprueft
1999-11-29;511,45;Geprueft
1999-11-30;511,45;Geprueft
1999-12-01;511,46;Geprueft
1999-12-02;511,47;Geprueft
1999-12-03;511,47;Geprueft
1999-12-04;511,50;Geprueft
1999-12-05;511,53;Geprueft
1999-12-06;511,55;Geprueft
1999-12-07;511,57;Geprueft
1999-12-08;511,58;Geprueft
1999-12-09;511,60;Geprueft
1999-12-10;511,62;Geprueft
1999-12-11;511,63;Geprueft
1999-12-12;511,63;Geprueft
1999-12-13;511,64;Geprueft
1999-12-14;511,64;Geprueft
1999-12-15;511,65;Geprueft
1999-12-16;511,66;Geprueft
1999-12-17;511,66;Geprueft
1999-12-18;511,67;Geprueft
1999-12-19;511,67;Geprueft
1999-12-20;511,71;Geprueft
1999-12-21;511,73;Geprueft
1999-12-22;511,76;Geprueft
1999-12-23;511,78;Geprueft
1999-12-24;511,81;Geprueft
1999-12-25;511,83;Geprueft
1999-12-26;511,85;Geprueft
1999-12-27;511,86;Geprueft
1999-12-28;511,87;Geprueft
1999-12-29;511,89;Geprueft
1999-12-30;511,91;Geprueft
1999-12-31;511,92;Geprueft
2000-01-01;511,94;Geprueft
2000-01-02;511,95;Geprueft
2000-01-03;511,96;Geprueft
2000-01-04;511,97;Geprueft
2000-01-05;511,97;Geprueft
2000-01-06;511,97;Geprueft
2000-01-07;511,98;Geprueft
2000-01-08;511,99;Geprueft
2000-01-09;511,99;Geprueft
2000-01-10;511,99;Geprueft
2000-01-11;511,99;Geprueft
2000-01-12;512,00;Geprueft
2000-01-13;512,00;Geprueft
2000-01-14;512,00;Geprueft
2000-01-15;512,00;Geprueft
2000-01-16;511,99;Geprueft
2000-01-17;511,99;Geprueft
2000-01-18;511,99;Geprueft
2000-01-19;511,99;Geprueft
2000-01-20;511,99;Geprueft
2000-01-21;511,99;Geprueft
2000-01-22;511,98;Geprueft
2000-01-23;511,97;Geprueft
2000-01-24;511,97;Geprueft
2000-01-25;511,97;Geprueft
2000-01-26;511,96;Geprueft
2000-01-27;511,95;Geprueft
2000-01-28;511,95;Geprueft
2000-01-29;511,94;Geprueft
2000-01-30;511,94;Geprueft
2000-01-31;511,95;Geprueft
2000-02-01;511,97;Geprueft
2000-02-02;512,00;Geprueft
2000-02-03;511,98;Geprueft
2000-02-04;511,99;Geprueft
2000-02-05;512,00;Geprueft
2000-02-06;512,01;Geprueft
2000-02-07;512,00;Geprueft
2000-02-08;512,02;Geprueft
2000-02-09;512,06;Geprueft
2000-02-10;512,07;Geprueft
2000-02-11;512,08;Geprueft
2000-02-12;512,10;Geprueft
2000-02-13;512,11;Geprueft
2000-02-14;512,11;Geprueft
2000-02-15;512,12;Geprueft
2000-02-16;512,12;Geprueft
2000-02-17;512,13;Geprueft
2000-02-18;512,14;Geprueft
2000-02-19;512,15;Geprueft
2000-02-20;512,15;Geprueft
2000-02-21;512,15;Geprueft
2000-02-22;512,16;Geprueft
2000-02-23;512,18;Geprueft
2000-02-24;512,19;Geprueft
2000-02-25;512,20;Geprueft
2000-02-26;512,21;Geprueft
2000-02-27;512,22;Geprueft
2000-02-28;512,23;Geprueft
2000-02-29;512,23;Geprueft
2000-03-01;512,23;Geprueft
2000-03-02;512,24;Geprueft
2000-03-03;512,24;Geprueft
2000-03-04;512,23;Geprueft
2000-03-05;512,23;Geprueft
2000-03-06;512,22;Geprueft
2000-03-07;512,21;Geprueft
2000-03-08;;Geprueft
2000-03-09;512,20;Geprueft
2000-03-10;512,20;Geprueft
2000-03-11;512,19;Geprueft
2000-03-12;512,19;Geprueft
2000-03-13;512,19;Geprueft
2000-03-14;512,18;Geprueft
2000-03-15;512,18;Geprueft
2000-03-16;512,18;Geprueft
2000-03-17;512,21;Geprueft
2000-03-18;512,26;Geprueft
2000-03-19;512,31;Geprueft
2000-03-20;512,34;Geprueft
2000-03-21;512,38;Geprueft
2000-03-22;512,39;Geprueft
2000-03-23;512,39;Geprueft
2000-03-24;512,39;Geprueft
2000-03-25;512,39;Geprueft
2000-03-26;512,39;Geprueft
2000-03-27;512,40;Geprueft
2000-03-28;512,40;Geprueft
2000-03-29;512,40;Geprueft
2000-03-30;512,41;Geprueft
2000-03-31;512,43;Geprueft
2000-04-01;512,46;Geprueft
2000-04-02;512,48;Geprueft
2000-04-03;512,50;Geprueft
2000-04-04;512,50;Geprueft
2000-04-05;512,51;Geprueft
2000-04-06;512,55;Geprueft
2000-04-07;512,55;Geprueft
2000-04-08;512,56;Geprueft
2000-04-09;512,58;Geprueft
2000-04-10;512,59;Geprueft
2000-04-11;512,59;Geprueft
2000-04-12;512,60;Geprueft
2000-04-13;512,60;Geprueft
2000-04-14;512,59;Geprueft
2000-04-15;;Geprueft
2000-04-16;512,59;Geprueft
2000-04-17;512,59;Geprueft
2000-04-18;512,58;Geprueft
2000-04-19;512,57;Geprueft
2000-04-20;512,56;Geprueft
2000-04-21;512,55;Geprueft
2000-04-22;512,55;Geprueft
2000-04-23;512,55;Geprueft
2000-04-24;512,54;Geprueft
2000-04-25;512,53;Geprueft
2000-04-26;512,52;Geprueft
2000-04-27;512,52;Geprueft
2000-04-28;512,50;Geprueft
2000-04-29;512,48;Geprueft
2000-04-30;512,47;Geprueft
2000-05-01;512,46;Geprueft
2000-05-02;512,45;Geprueft
2000-05-03;512,43;Geprueft
2000-05-04;512,41;Geprueft
2000-05-05;512,40;Geprueft
2000-05-06;512,39;Geprueft
2000-05-07;512,39;Geprueft
2000-05-08;512,38;Geprueft
2000-05-09;512,37;Geprueft
2000-05-10;512,35;Geprueft
2000-05-11;512,34;Geprueft
2000-05-12;512,34;Geprueft
2000-05-13;512,34;Geprueft
2000-05-14;512,34;Geprueft
2000-05-15;512,33;Geprueft
2000-05-16;512,33;Geprueft
2000-05-17;512,33;Geprueft
2000-05-18;512,37;Geprueft
2000-05-19;512,39;Geprueft
2000-05-20;512,41;Geprueft
2000-05-21;512,43;Geprueft
2000-05-22;512,44;Geprueft
2000-05-23;512,45;Geprueft
2000-05-24;512,45;Geprueft
2000-05-25;;Geprueft
2000-05-26;512,46;Geprueft
2000-05-27;512,47;Geprueft
2000-05-28;512,47;Geprueft
2000-05-29;512,46;Geprueft
2000-05-30;512,47;Geprueft
2000-05-31;512,48;Geprueft
2000-06-01;512,49;Geprueft
2000-06-02;512,49;Geprueft
2000-06-03;512,49;Geprueft
2000-06-04;;Geprueft
2000-06-05;512,49;Geprueft
2000-06-06;512,49;Geprueft
2000-06-07;;Geprueft
2000-06-08;512,49;Geprueft
2000-06-09;;Geprueft
2000-06-10;512,49;Geprueft
2000-06-11;512,47;Geprueft
2000-06-12;;Geprueft
2000-06-13;512,45;Geprueft
2000-06-14;512,43;Geprueft
2000-06-15;;Geprueft
2000-06-16;512,40;Geprueft
2000-06-17;512,39;Geprueft
2000-06-18;512,38;Geprueft
2000-06-19;;Geprueft
2000-06-20;512,37;Geprueft
2000-06-21;512,36;Geprueft
2000-06-22;512,35;Geprueft
2000-06-23;512,34;Geprueft
2000-06-24;512,33;Geprueft
2000-06-25;512,32;Geprueft
2000-06-26;512,31;Geprueft
2000-06-27;512,31;Geprueft
2000-06-28;512,30;Geprueft
2000-06-29;512,29;Geprueft
2000-06-30;;Geprueft
2000-07-01;512,28;Geprueft
2000-07-02;512,27;Geprueft
2000-07-03;512,27;Geprueft
2000-07-04;512,26;Geprueft
2000-07-05;512,25;Geprueft
2000-07-06;512,25;Geprueft
2000-07-07;;Geprueft
2000-07-08;512,25;Geprueft
2000-07-09;512,26;Geprueft
2000-07-10;512,26;Geprueft
2000-07-11;512,25;Geprueft
2000-07-12;512,25;Geprueft
2000-07-13;512,25;Geprueft
2000-07-14;;Geprueft
2000-07-15;512,26;Geprueft
2000-07-16;512,27;Geprueft
2000-07-17;512,26;Geprueft
2000-07-18;512,25;Geprueft
2000-07-19;512,24;Geprueft
2000-07-20;;Geprueft
2000-07-21;512,23;Geprueft
2000-07-22;;Geprueft
2000-07-23;512,22;Geprueft
2000-07-24;512,22;Geprueft
2000-07-25;512,22;Geprueft
2000-07-26;;Geprueft
2000-07-27;512,23;Geprueft
2000-07-28;512,23;Geprueft
2000-07-29;512,23;Geprueft
2000-07-30;512,23;Geprueft
2000-07-31;512,22;Geprueft
2000-08-01;512,18;Geprueft
2000-08-02;512,18;Geprueft
2000-08-03;512,18;Geprueft
2000-08-04;512,17;Geprueft
2000-08-05;512,17;Geprueft
2000-08-06;512,20;Geprueft
2000-08-07;512,20;Geprueft
2000-08-08;512,21;Geprueft
2000-08-09;512,21;Geprueft
2000-08-10;512,22;Geprueft
2000-08-11;512,22;Geprueft
2000-08-12;512,21;Geprueft
2000-08-13;512,21;Geprueft
2000-08-14;512,20;Geprueft
2000-08-15;;Geprueft
2000-08-16;512,18;Geprueft
2000-08-17;512,17;Geprueft
2000-08-18;512,16;Geprueft
2000-08-19;512,16;Geprueft
2000-08-20;512,16;Geprueft
2000-08-21;;Geprueft
2000-08-22;512,15;Geprueft
2000-08-23;512,14;Geprueft
2000-08-24;512,13;Geprueft
2000-08-25;512,12;Geprueft
2000-08-26;512,11;Geprueft
2000-08-27;;Geprueft
2000-08-28;512,10;Geprueft
2000-08-29;512,09;Geprueft
2000-08-30;512,09;Geprueft
2000-08-31;512,09;Geprueft
2000-09-01;512,10;Geprueft
2000-09-02;512,09;Geprueft
2000-09-03;512,08;Geprueft
2000-09-04;512,07;Geprueft
2000-09-05;512,06;Geprueft
2000-09-06;512,05;Geprueft
2000-09-07;;Geprueft
2000-09-08;512,05;Geprueft
2000-09-09;512,05;Geprueft
2000-09-10;512,04;Geprueft
2000-09-11;512,04;Geprueft
2000-09-12;512,03;Geprueft
2000-09-13;;Geprueft
2000-09-14;512,03;Geprueft
2000-09-15;512,02;Geprueft
2000-09-16;512,02;Geprueft
2000-09-17;512,01;Geprueft
2000-09-18;512,02;Geprueft
2000-09-19;512,04;Geprueft
2000-09-20;512,13;Geprueft
2000-09-21;512,21;Geprueft
2000-09-22;512,27;Geprueft
2000-09-23;512,30;Geprueft
2000-09-24;512,31;Geprueft
2000-09-25;512,31;Geprueft
2000-09-26;512,31;Geprueft
2000-09-27;512,30;Geprueft
2000-09-28;512,30;Geprueft
2000-09-29;512,30;Geprueft
2000-09-30;512,29;Geprueft
2000-10-01;512,29;Geprueft
2000-10-02;512,29;Geprueft
2000-10-03;512,30;Geprueft
2000-10-04;512,31;Geprueft
2000-10-05;512,32;Geprueft
2000-10-06;512,34;Geprueft
2000-10-07;512,36;Geprueft
2000-10-08;512,40;Geprueft
2000-10-09;512,45;Geprueft
2000-10-10;512,49;Geprueft
2000-10-11;512,52;Geprueft
2000-10-12;512,54;Geprueft
2000-10-13;512,55;Geprueft
2000-10-14;512,55;Geprueft
2000-10-15;512,56;Geprueft
2000-10-16;512,55;Geprueft
2000-10-17;512,55;Geprueft
2000-10-18;512,54;Geprueft
2000-10-19;512,54;Geprueft
2000-10-20;512,53;Geprueft
2000-10-21;512,53;Geprueft
2000-10-22;512,52;Geprueft
2000-10-23;512,51;Geprueft
2000-10-24;512,50;Geprueft
2000-10-25;512,49;Geprueft
2000-10-26;512,48;Geprueft
2000-10-27;512,47;Geprueft
2000-10-28;512,45;Geprueft
2000-10-29;512,45;Geprueft
2000-10-30;512,45;Geprueft
2000-10-31;512,44;Geprueft
2000-11-01;512,45;Geprueft
2000-11-02;512,46;Geprueft
2000-11-03;512,46;Geprueft
2000-11-04;512,46;Geprueft
2000-11-05;;Geprueft
2000-11-06;512,45;Geprueft
2000-11-07;512,44;Geprueft
2000-11-08;512,42;Geprueft
2000-11-09;;Geprueft
2000-11-10;512,40;Geprueft
2000-11-11;512,38;Geprueft
2000-11-12;512,37;Geprueft
2000-11-13;512,37;Geprueft
2000-11-14;512,36;Geprueft
2000-11-15;;Geprueft
2000-11-16;512,34;Geprueft
2000-11-17;512,34;Geprueft
2000-11-18;512,33;Geprueft
2000-11-19;512,33;Geprueft
2000-11-20;;Geprueft
2000-11-21;512,32;Geprueft
2000-11-22;512,32;Geprueft
2000-11-23;512,32;Geprueft
2000-11-24;;Geprueft
2000-11-25;512,31;Geprueft
2000-11-26;512,30;Geprueft
2000-11-27;512,29;Geprueft
2000-11-28;;Geprueft
2000-11-29;512,28;Geprueft
2000-11-30;512,27;Geprueft
2000-12-01;512,27;Geprueft
2000-12-02;;Geprueft
2000-12-03;512,27;Geprueft
2000-12-04;512,28;Geprueft
2000-12-05;;Geprueft
2000-12-06;512,28;Geprueft
2000-12-07;512,28;Geprueft
2000-12-08;512,28;Geprueft
2000-12-09;;Geprueft
2000-12-10;512,27;Geprueft
2000-12-11;512,27;Geprueft
2000-12-12;512,26;Geprueft
2000-12-13;;Geprueft
2000-12-14;512,24;Geprueft
2000-12-15;512,23;Geprueft
2000-12-16;;Geprueft
2000-12-17;512,23;Geprueft
2000-12-18;512,22;Geprueft
2000-12-19;512,22;Geprueft
2000-12-20;512,23;Geprueft
2000-12-21;512,23;Geprueft
2000-12-22;512,23;Geprueft
2000-12-23;512,24;Geprueft
2000-12-24;512,24;Geprueft
2000-12-25;;Geprueft
2000-12-26;512,25;Geprueft
2000-12-27;512,25;Geprueft
2000-12-28;512,25;Geprueft
2000-12-29;512,25;Geprueft
2000-12-30;512,25;Geprueft
2000-12-31;512,24;Geprueft
2001-01-01;512,24;Geprueft
2001-01-02;512,23;Geprueft
2001-01-03;512,23;Geprueft
2001-01-04;512,22;Geprueft
2001-01-05;512,22;Geprueft
2001-01-06;512,22;Geprueft
2001-01-07;;Geprueft
2001-01-08;512,21;Geprueft
2001-01-09;512,22;Geprueft
2001-01-10;512,22;Geprueft
2001-01-11;512,22;Geprueft
2001-01-12;512,23;Geprueft
2001-01-13;512,23;Geprueft
2001-01-14;512,24;Geprueft
2001-01-15;512,25;Geprueft
2001-01-16;512,26;Geprueft
2001-01-17;512,26;Geprueft
2001-01-18;512,26;Geprueft
2001-01-19;512,26;Geprueft
2001-01-20;512,26;Geprueft
2001-01-21;512,25;Geprueft
2001-01-22;512,25;Geprueft
2001-01-23;512,25;Geprueft
2001-01-24;512,25;Geprueft
2001-01-25;512,24;Geprueft
2001-01-26;512,25;Geprueft
2001-01-27;512,24;Geprueft
2001-01-28;512,24;Geprueft
2001-01-29;512,25;Geprueft
2001-01-30;512,25;Geprueft
2001-01-31;512,26;Geprueft
2001-02-01;512,26;Geprueft
2001-02-02;512,24;Geprueft
2001-02-03;512,24;Geprueft
2001-02-04;512,28;Geprueft
2001-02-05;512,33;Geprueft
2001-02-06;512,37;Geprueft
2001-02-07;512,41;Geprueft
2001-02-08;512,43;Geprueft
2001-02-09;512,45;Geprueft
2001-02-10;512,46;Geprueft
2001-02-11;512,47;Geprueft
2001-02-12;512,46;Geprueft
2001-02-13;512,46;Geprueft
2001-02-14;512,45;Geprueft
2001-02-15;512,45;Geprueft
2001-02-16;;Geprueft
2001-02-17;512,45;Geprueft
2001-02-18;512,44;Geprueft
2001-02-19;512,43;Geprueft
2001-02-20;;Geprueft
2001-02-21;512,43;Geprueft
2001-02-22;512,42;Geprueft
2001-02-23;512,42;Geprueft
2001-02-24;512,42;Geprueft
2001-02-25;512,41;Geprueft
2001-02-26;512,40;Geprueft
2001-02-27;512,40;Geprueft
2001-02-28;512,39;Geprueft
2001-03-01;512,39;Geprueft
2001-03-02;512,39;Geprueft
2001-03-03;512,40;Geprueft
2001-03-04;512,40;Geprueft
2001-03-05;512,41;Geprueft
2001-03-06;512,43;Geprueft
2001-03-07;512,44;Geprueft
2001-03-08;512,45;Geprueft
2001-03-09;512,47;Geprueft
2001-03-10;512,47;Geprueft
2001-03-11;512,48;Geprueft
2001-03-12;512,49;Geprueft
2001-03-13;512,49;Geprueft
2001-03-14;512,50;Geprueft
2001-03-15;512,50;Geprueft
2001-03-16;512,50;Geprueft
2001-03-17;512,50;Geprueft
2001-03-18;512,51;Geprueft
2001-03-19;512,51;Geprueft
2001-03-20;512,53;Geprueft
2001-03-21;512,56;Geprueft
2001-03-22;512,59;Geprueft
2001-03-23;512,63;Geprueft
2001-03-24;512,67;Geprueft
2001-03-25;512,71;Geprueft
2001-03-26;512,75;Geprueft
2001-03-27;512,78;Geprueft
2001-03-28;512,80;Geprueft
2001-03-29;512,82;Geprueft
2001-03-30;512,83;Geprueft
2001-03-31;512,83;Geprueft
2001-04-01;512,83;Geprueft
2001-04-02;512,83;Geprueft
2001-04-03;512,82;Geprueft
2001-04-04;512,81;Geprueft
2001-04-05;512,80;Geprueft
2001-04-06;512,78;Geprueft
2001-04-07;512,77;Geprueft
2001-04-08;512,77;Geprueft
2001-04-09;512,78;Geprueft
2001-04-10;512,78;Geprueft
2001-04-11;512,79;Geprueft
2001-04-12;512,80;Geprueft
2001-04-13;512,81;Geprueft
2001-04-14;512,81;Geprueft
2001-04-15;512,81;Geprueft
2001-04-16;512,81;Geprueft
2001-04-17;512,80;Geprueft
2001-04-18;512,80;Geprueft
2001-04-19;512,80;Geprueft
2001-04-20;512,79;Geprueft
2001-04-21;512,80;Geprueft
2001-04-22;512,83;Geprueft
2001-04-23;512,86;Geprueft
2001-04-24;512,87;Geprueft
2001-04-25;512,88;Geprueft
2001-04-26;512,87;Geprueft
2001-04-27;512,87;Geprueft
2001-04-28;512,87;Geprueft
2001-04-29;512,86;Geprueft
2001-04-30;512,86;Geprueft
2001-05-01;512,86;Geprueft
2001-05-02;512,85;Geprueft
2001-05-03;512,79;Geprueft
2001-05-04;512,78;Geprueft
2001-05-05;512,80;Geprueft
2001-05-06;512,84;Geprueft
2001-05-07;512,84;Geprueft
2001-05-08;512,84;Geprueft
2001-05-09;512,83;Geprueft
2001-05-10;512,81;Geprueft
2001-05-11;512,79;Geprueft
2001-05-12;512,78;Geprueft
2001-05-13;;Geprueft
2001-05-14;512,77;Geprueft
2001-05-15;512,77;Geprueft
2001-05-16;;Geprueft
2001-05-17;512,77;Geprueft
2001-05-18;512,76;Geprueft
2001-05-19;512,77;Geprueft
2001-05-20;512,77;Geprueft
2001-05-21;512,74;Geprueft
2001-05-22;512,73;Geprueft
2001-05-23;512,71;Geprueft
2001-05-24;512,70;Geprueft
2001-05-25;512,69;Geprueft
2001-05-26;512,69;Geprueft
2001-05-27;512,69;Geprueft
2001-05-28;512,68;Geprueft
2001-05-29;512,65;Geprueft
2001-05-30;512,62;Geprueft
2001-05-31;512,64;Geprueft
2001-06-01;512,65;Geprueft
2001-06-02;512,63;Geprueft
2001-06-03;512,62;Geprueft
2001-06-04;;Geprueft
2001-06-05;512,59;Geprueft
2001-06-06;512,58;Geprueft
2001-06-07;512,57;Geprueft
2001-06-08;512,73;Geprueft
2001-06-09;512,77;Geprueft
2001-06-10;512,78;Geprueft
2001-06-11;512,80;Geprueft
2001-06-12;512,79;Geprueft
2001-06-13;512,79;Geprueft
2001-06-14;512,80;Geprueft
2001-06-15;512,79;Geprueft
2001-06-16;512,79;Geprueft
2001-06-17;512,79;Geprueft
2001-06-18;512,80;Geprueft
2001-06-19;512,84;Geprueft
2001-06-20;512,88;Geprueft
2001-06-21;512,89;Geprueft
2001-06-22;512,90;Geprueft
2001-06-23;512,91;Geprueft
2001-06-24;512,91;Geprueft
2001-06-25;512,90;Geprueft
2001-06-26;512,89;Geprueft
2001-06-27;512,88;Geprueft
2001-06-28;512,87;Geprueft
2001-06-29;512,86;Geprueft
2001-06-30;512,85;Geprueft
2001-07-01;512,84;Geprueft
2001-07-02;512,82;Geprueft
2001-07-03;512,81;Geprueft
2001-07-04;512,79;Geprueft
2001-07-05;512,78;Geprueft
2001-07-06;512,77;Geprueft
2001-07-07;512,76;Geprueft
2001-07-08;512,76;Geprueft
2001-07-09;512,75;Geprueft
2001-07-10;512,75;Geprueft
2001-07-11;512,74;Geprueft
2001-07-12;512,72;Geprueft
2001-07-13;512,71;Geprueft
2001-07-14;512,70;Geprueft
2001-07-15;512,70;Geprueft
2001-07-16;512,69;Geprueft
2001-07-17;512,69;Geprueft
2001-07-18;512,69;Geprueft
2001-07-19;512,69;Geprueft
2001-07-20;512,68;Geprueft
2001-07-21;512,67;Geprueft
2001-07-22;512,66;Geprueft
2001-07-23;512,65;Geprueft
2001-07-24;512,64;Geprueft
2001-07-25;512,63;Geprueft
2001-07-26;512,61;Geprueft
2001-07-27;512,60;Geprueft
2001-07-28;512,58;Geprueft
2001-07-29;512,56;Geprueft
2001-07-30;512,56;Geprueft
2001-07-31;512,55;Geprueft
2001-08-01;512,51;Geprueft
2001-08-02;512,49;Geprueft
2001-08-03;512,50;Geprueft
2001-08-04;512,51;Geprueft
2001-08-05;512,52;Geprueft
2001-08-06;512,51;Geprueft
2001-08-07;512,50;Geprueft
2001-08-08;;Geprueft
2001-08-09;512,48;Geprueft
2001-08-10;512,47;Geprueft
2001-08-11;512,46;Geprueft
2001-08-12;;Geprueft
2001-08-13;512,46;Geprueft
2001-08-14;512,46;Geprueft
2001-08-15;;Geprueft
2001-08-16;512,46;Geprueft
2001-08-17;512,45;Geprueft
2001-08-18;512,45;Geprueft
2001-08-19;512,45;Geprueft
2001-08-20;512,44;Geprueft
2001-08-21;512,43;Geprueft
2001-08-22;512,43;Geprueft
2001-08-23;512,42;Geprueft
2001-08-24;512,41;Geprueft
2001-08-25;512,40;Geprueft
2001-08-26;512,39;Geprueft
2001-08-27;512,38;Geprueft
2001-08-28;512,38;Geprueft
2001-08-29;512,37;Geprueft
2001-08-30;512,36;Geprueft
2001-08-31;512,35;Geprueft
2001-09-01;512,38;Geprueft
2001-09-02;512,38;Geprueft
2001-09-03;512,38;Geprueft
2001-09-04;512,38;Geprueft
2001-09-05;512,37;Geprueft
2001-09-06;512,37;Geprueft
2001-09-07;512,37;Geprueft
2001-09-08;512,38;Geprueft
2001-09-09;512,43;Geprueft
2001-09-10;512,46;Geprueft
2001-09-11;512,48;Geprueft
2001-09-12;512,50;Geprueft
2001-09-13;512,51;Geprueft
2001-09-14;512,51;Geprueft
2001-09-15;512,52;Geprueft
2001-09-16;512,54;Geprueft
2001-09-17;512,55;Geprueft
2001-09-18;512,57;Geprueft
2001-09-19;512,57;Geprueft
2001-09-20;512,58;Geprueft
2001-09-21;512,58;Geprueft
2001-09-22;512,58;Geprueft
2001-09-23;512,58;Geprueft
2001-09-24;;Geprueft
2001-09-25;512,58;Geprueft
2001-09-26;512,57;Geprueft
2001-09-27;512,56;Geprueft
2001-09-28;512,56;Geprueft
2001-09-29;512,57;Geprueft
2001-09-30;512,57;Geprueft
2001-10-01;512,56;Geprueft
2001-10-02;512,55;Geprueft
2001-10-03;;Geprueft
2001-10-04;512,54;Geprueft
2001-10-05;512,53;Geprueft
2001-10-06;;Geprueft
2001-10-07;512,52;Geprueft
2001-10-08;512,50;Geprueft
2001-10-09;;Geprueft
2001-10-10;512,49;Geprueft
2001-10-11;512,48;Geprueft
2001-10-12;512,47;Geprueft
2001-10-13;512,45;Geprueft
2001-10-14;;Geprueft
2001-10-15;512,43;Geprueft
2001-10-16;512,42;Geprueft
2001-10-17;512,41;Geprueft
2001-10-18;;Geprueft
2001-10-19;512,40;Geprueft
2001-10-20;512,39;Geprueft
2001-10-21;512,39;Geprueft
2001-10-22;512,38;Geprueft
2001-10-23;512,38;Geprueft
2001-10-24;;Geprueft
2001-10-25;512,38;Geprueft
2001-10-26;512,37;Geprueft
2001-10-27;512,38;Geprueft
2001-10-28;512,38;Geprueft
2001-10-29;512,38;Geprueft
2001-10-30;512,37;Geprueft
2001-10-31;512,35;Geprueft
2001-11-01;512,35;Geprueft
2001-11-02;512,32;Geprueft
2001-11-03;512,30;Geprueft
2001-11-04;512,30;Geprueft
2001-11-05;512,29;Geprueft
2001-11-06;512,28;Geprueft
2001-11-07;512,27;Geprueft
2001-11-08;512,26;Geprueft
2001-11-09;512,25;Geprueft
2001-11-10;512,25;Geprueft
2001-11-11;512,24;Geprueft
2001-11-12;512,24;Geprueft
2001-11-13;512,23;Geprueft
2001-11-14;;Geprueft
2001-11-15;512,21;Geprueft
2001-11-16;512,21;Geprueft
2001-11-17;512,20;Geprueft
2001-11-18;512,20;Geprueft
2001-11-19;512,20;Geprueft
2001-11-20;512,19;Geprueft
2001-11-21;512,18;Geprueft
2001-11-22;512,18;Geprueft
2001-11-23;512,17;Geprueft
2001-11-24;512,17;Geprueft
2001-11-25;512,20;Geprueft
2001-11-26;512,25;Geprueft
2001-11-27;512,28;Geprueft
2001-11-28;512,31;Geprueft
2001-11-29;512,34;Geprueft
2001-11-30;512,39;Geprueft
2001-12-01;512,44;Geprueft
2001-12-02;512,48;Geprueft
2001-12-03;512,51;Geprueft
2001-12-04;512,55;Geprueft
2001-12-05;512,57;Geprueft
2001-12-06;512,59;Geprueft
2001-12-07;512,61;Geprueft
2001-12-08;512,62;Geprueft
2001-12-09;512,64;Geprueft
2001-12-10;512,64;Geprueft
2001-12-11;512,64;Geprueft
2001-12-12;512,64;Geprueft
2001-12-13;512,63;Geprueft
2001-12-14;512,63;Geprueft
2001-12-15;512,62;Geprueft
2001-12-16;512,61;Geprueft
2001-12-17;512,59;Geprueft
2001-12-18;512,58;Geprueft
2001-12-19;512,56;Geprueft
2001-12-20;;Geprueft
2001-12-21;512,55;Geprueft
2001-12-22;512,54;Geprueft
2001-12-23;512,54;Geprueft
2001-12-24;512,54;Geprueft
2001-12-25;512,53;Geprueft
2001-12-26;512,50;Geprueft
2001-12-27;512,48;Geprueft
2001-12-28;512,49;Geprueft
2001-12-29;512,53;Geprueft
2001-12-30;512,57;Geprueft
2001-12-31;512,60;Geprueft
2002-01-01;512,61;Geprueft
2002-01-02;512,62;Geprueft
2002-01-03;512,62;Geprueft
2002-01-04;512,62;Geprueft
2002-01-05;512,61;Geprueft
2002-01-06;512,60;Geprueft
2002-01-07;512,59;Geprueft
2002-01-08;512,59;Geprueft
2002-01-09;512,58;Geprueft
2002-01-10;512,56;Geprueft
2002-01-11;512,56;Geprueft
2002-01-12;512,55;Geprueft
2002-01-13;512,53;Geprueft
2002-01-14;;Geprueft
2002-01-15;512,51;Geprueft
2002-01-16;512,49;Geprueft
2002-01-17;512,48;Geprueft
2002-01-18;512,48;Geprueft
2002-01-19;512,47;Geprueft
2002-01-20;512,46;Geprueft
2002-01-21;512,45;Geprueft
2002-01-22;512,44;Geprueft
2002-01-23;512,43;Geprueft
2002-01-24;512,42;Geprueft
2002-01-25;512,41;Geprueft
2002-01-26;512,40;Geprueft
2002-01-27;512,39;Geprueft
2002-01-28;512,39;Geprueft
2002-01-29;512,38;Geprueft
2002-01-30;512,37;Geprueft
2002-01-31;512,35;Geprueft
2002-02-01;512,34;Geprueft
2002-02-02;512,33;Geprueft
2002-02-03;512,34;Geprueft
2002-02-04;512,36;Geprueft
2002-02-05;512,36;Geprueft
2002-02-06;512,36;Geprueft
2002-02-07;512,36;Geprueft
2002-02-08;512,36;Geprueft
2002-02-09;512,36;Geprueft
2002-02-10;512,35;Geprueft
2002-02-11;512,34;Geprueft
2002-02-12;;Geprueft
2002-02-13;512,33;Geprueft
2002-02-14;512,33;Geprueft
2002-02-15;512,32;Geprueft
2002-02-16;512,31;Geprueft
2002-02-17;512,30;Geprueft
2002-02-18;;Geprueft
2002-02-19;512,29;Geprueft
2002-02-20;512,28;Geprueft
2002-02-21;;Geprueft
2002-02-22;512,28;Geprueft
2002-02-23;512,27;Geprueft
2002-02-24;512,27;Geprueft
2002-02-25;512,26;Geprueft
2002-02-26;512,25;Geprueft
2002-02-27;512,25;Geprueft
2002-02-28;512,25;Geprueft
2002-03-01;512,25;Geprueft
2002-03-02;512,25;Geprueft
2002-03-03;512,25;Geprueft
2002-03-04;512,24;Geprueft
2002-03-05;512,24;Geprueft
2002-03-06;512,24;Geprueft
2002-03-07;512,24;Geprueft
2002-03-08;512,23;Geprueft
2002-03-09;;Geprueft
2002-03-10;512,22;Geprueft
2002-03-11;512,22;Geprueft
2002-03-12;512,22;Geprueft
2002-03-13;512,21;Geprueft
2002-03-14;512,21;Geprueft
2002-03-15;512,21;Geprueft
2002-03-16;512,20;Geprueft
2002-03-17;512,20;Geprueft
2002-03-18;512,20;Geprueft
2002-03-19;512,20;Geprueft
2002-03-20;512,22;Geprueft
2002-03-21;512,25;Geprueft
2002-03-22;512,31;Geprueft
2002-03-23;512,40;Geprueft
2002-03-24;512,51;Geprueft
2002-03-25;512,53;Geprueft
2002-03-26;512,53;Geprueft
2002-03-27;512,53;Geprueft
2002-03-28;512,51;Geprueft
2002-03-29;512,50;Geprueft
2002-03-30;512,49;Geprueft
2002-03-31;;Geprueft
2002-04-01;512,47;Geprueft
2002-04-02;512,46;Geprueft
2002-04-03;512,44;Geprueft
2002-04-04;512,43;Geprueft
2002-04-05;512,42;Geprueft
2002-04-06;512,41;Geprueft
2002-04-07;;Geprueft
2002-04-08;512,40;Geprueft
2002-04-09;512,39;Geprueft
2002-04-10;512,38;Geprueft
2002-04-11;512,37;Geprueft
2002-04-12;512,37;Geprueft
2002-04-13;;Geprueft
2002-04-14;512,35;Geprueft
2002-04-15;512,34;Geprueft
2002-04-16;512,33;Geprueft
2002-04-17;;Geprueft
2002-04-18;512,31;Geprueft
2002-04-19;512,30;Geprueft
2002-04-20;512,29;Geprueft
2002-04-21;512,28;Geprueft
2002-04-22;512,27;Geprueft
2002-04-23;512,27;Geprueft
2002-04-24;512,27;Geprueft
2002-04-25;512,26;Geprueft
2002-04-26;512,26;Geprueft
2002-04-27;512,25;Geprueft
2002-04-28;512,23;Geprueft
2002-04-29;512,23;Geprueft
2002-04-30;512,23;Geprueft
2002-05-01;512,21;Geprueft
2002-05-02;512,20;Geprueft
2002-05-03;512,15;Geprueft
2002-05-04;512,14;Geprueft
2002-05-05;;Geprueft
2002-05-06;512,13;Geprueft
2002-05-07;512,12;Geprueft
2002-05-08;512,11;Geprueft
2002-05-09;512,10;Geprueft
2002-05-10;512,09;Geprueft
2002-05-11;512,09;Geprueft
2002-05-12;;Geprueft
2002-05-13;512,08;Geprueft
2002-05-14;512,07;Geprueft
2002-05-15;512,07;Geprueft
2002-05-16;512,06;Geprueft
2002-05-17;512,06;Geprueft
2002-05-18;512,06;Geprueft
2002-05-19;512,09;Geprueft
2002-05-20;512,08;Geprueft
2002-05-21;512,07;Geprueft
2002-05-22;;Geprueft
2002-05-23;512,05;Geprueft
2002-05-24;512,04;Geprueft
2002-05-25;512,04;Geprueft
2002-05-26;512,03;Geprueft
2002-05-27;;Geprueft
2002-05-28;512,03;Geprueft
2002-05-29;512,02;Geprueft
2002-05-30;;Geprueft
2002-05-31;512,01;Geprueft
2002-06-01;512,01;Geprueft
2002-06-02;512,02;Geprueft
2002-06-03;;Geprueft
2002-06-04;512,02;Geprueft
2002-06-05;512,02;Geprueft
2002-06-06;512,02;Geprueft
2002-06-07;512,01;Geprueft
2002-06-08;511,99;Geprueft
2002-06-09;511,97;Geprueft
2002-06-10;511,95;Geprueft
2002-06-11;511,92;Geprueft
2002-06-12;511,89;Geprueft
2002-06-13;511,88;Geprueft
2002-06-14;511,87;Geprueft
2002-06-15;511,86;Geprueft
2002-06-16;511,86;Geprueft
2002-06-17;511,85;Geprueft
2002-06-18;;Geprueft
2002-06-19;511,85;Geprueft
2002-06-20;511,85;Geprueft
2002-06-21;;Geprueft
2002-06-22;511,86;Geprueft
2002-06-23;511,86;Geprueft
2002-06-24;;Geprueft
2002-06-25;511,85;Geprueft
2002-06-26;511,85;Geprueft
2002-06-27;511,85;Geprueft
2002-06-28;;Geprueft
2002-06-29;511,85;Geprueft
2002-06-30;511,85;Geprueft
2002-07-01;;Geprueft
2002-07-02;511,86;Geprueft
2002-07-03;511,86;Geprueft
2002-07-04;511,86;Geprueft
2002-07-05;;Geprueft
2002-07-06;511,86;Geprueft
2002-07-07;511,85;Geprueft
2002-07-08;511,85;Geprueft
2002-07-09;511,85;Geprueft
2002-07-10;511,85;Geprueft
2002-07-11;511,85;Geprueft
2002-07-12;511,85;Geprueft
2002-07-13;511,85;Geprueft
2002-07-14;511,84;Geprueft
2002-07-15;511,83;Geprueft
2002-07-16;511,83;Geprueft
2002-07-17;511,84;Geprueft
2002-07-18;511,84;Geprueft
2002-07-19;511,83;Geprueft
2002-07-20;511,82;Geprueft
2002-07-21;511,81;Geprueft
2002-07-22;511,81;Geprueft
2002-07-23;;Geprueft
2002-07-24;511,80;Geprueft
2002-07-25;511,79;Geprueft
2002-07-26;511,78;Geprueft
2002-07-27;511,78;Geprueft
2002-07-28;511,77;Geprueft
2002-07-29;511,77;Geprueft
2002-07-30;511,76;Geprueft
2002-07-31;511,76;Geprueft
2002-08-01;511,79;Geprueft
2002-08-02;511,81;Geprueft
2002-08-03;511,84;Geprueft
2002-08-04;511,90;Geprueft
2002-08-05;511,97;Geprueft
2002-08-06;512,12;Geprueft
2002-08-07;512,53;Geprueft
2002-08-08;512,69;Geprueft
2002-08-09;512,77;Geprueft
2002-08-10;512,82;Geprueft
2002-08-11;512,87;Geprueft
2002-08-12;513,05;Geprueft
2002-08-13;513,19;Geprueft
2002-08-14;513,22;Geprueft
2002-08-15;513,21;Geprueft
2002-08-16;513,18;Geprueft
2002-08-17;513,15;Geprueft
2002-08-18;513,12;Geprueft
2002-08-19;513,08;Geprueft
2002-08-20;513,06;Geprueft
2002-08-21;513,05;Geprueft
2002-08-22;513,05;Geprueft
2002-08-23;513,03;Geprueft
2002-08-24;513,00;Geprueft
2002-08-25;512,98;Geprueft
2002-08-26;512,96;Geprueft
2002-08-27;512,94;Geprueft
2002-08-28;512,91;Geprueft
2002-08-29;512,89;Geprueft
2002-08-30;512,87;Geprueft
2002-08-31;512,85;Geprueft
2002-09-01;512,81;Geprueft
2002-09-02;512,78;Geprueft
2002-09-03;512,76;Geprueft
2002-09-04;512,74;Geprueft
2002-09-05;512,72;Geprueft
2002-09-06;512,71;Geprueft
2002-09-07;512,69;Geprueft
2002-09-08;512,66;Geprueft
2002-09-09;512,64;Geprueft
2002-09-10;512,64;Geprueft
2002-09-11;512,63;Geprueft
2002-09-12;512,61;Geprueft
2002-09-13;512,59;Geprueft
2002-09-14;512,56;Geprueft
2002-09-15;512,53;Geprueft
2002-09-16;512,51;Geprueft
2002-09-17;512,49;Geprueft
2002-09-18;512,47;Geprueft
2002-09-19;512,45;Geprueft
2002-09-20;512,43;Geprueft
2002-09-21;512,43;Geprueft
2002-09-22;512,42;Geprueft
2002-09-23;512,40;Geprueft
2002-09-24;512,43;Geprueft
2002-09-25;512,50;Geprueft
2002-09-26;512,57;Geprueft
2002-09-27;512,63;Geprueft
2002-09-28;512,68;Geprueft
2002-09-29;512,72;Geprueft
2002-09-30;512,74;Geprueft
2002-10-01;512,74;Geprueft
2002-10-02;512,73;Geprueft
2002-10-03;512,71;Geprueft
2002-10-04;512,70;Geprueft
2002-10-05;512,70;Geprueft
2002-10-06;512,70;Geprueft
2002-10-07;512,69;Geprueft
2002-10-08;512,68;Geprueft
2002-10-09;512,68;Geprueft
2002-10-10;512,67;Geprueft
2002-10-11;512,65;Geprueft
2002-10-12;512,64;Geprueft
2002-10-13;512,63;Geprueft
2002-10-14;512,61;Geprueft
2002-10-15;512,61;Geprueft
2002-10-16;512,61;Geprueft
2002-10-17;512,63;Geprueft
2002-10-18;512,68;Geprueft
2002-10-19;512,73;Geprueft
2002-10-20;512,75;Geprueft
2002-10-21;512,75;Geprueft
2002-10-22;512,75;Geprueft
2002-10-23;512,75;Geprueft
2002-10-24;512,73;Geprueft
2002-10-25;512,72;Geprueft
2002-10-26;512,72;Geprueft
2002-10-27;512,70;Geprueft
2002-10-28;512,68;Geprueft
2002-10-29;512,67;Geprueft
2002-10-30;512,65;Geprueft
2002-10-31;512,65;Geprueft
2002-11-01;512,64;Geprueft
2002-11-02;512,63;Geprueft
2002-11-03;512,63;Geprueft
2002-11-04;512,66;Geprueft
2002-11-05;512,70;Geprueft
2002-11-06;512,74;Geprueft
2002-11-07;512,76;Geprueft
2002-11-08;512,76;Geprueft
2002-11-09;512,76;Geprueft
2002-11-10;512,77;Geprueft
2002-11-11;512,77;Geprueft
2002-11-12;512,78;Geprueft
2002-11-13;512,81;Geprueft
2002-11-14;512,82;Geprueft
2002-11-15;512,82;Geprueft
2002-11-16;512,82;Geprueft
2002-11-17;512,82;Geprueft
2002-11-18;512,81;Geprueft
2002-11-19;512,81;Geprueft
2002-11-20;512,82;Geprueft
2002-11-21;512,82;Geprueft
2002-11-22;512,83;Geprueft
2002-11-23;512,84;Geprueft
2002-11-24;512,84;Geprueft
2002-11-25;512,84;Geprueft
2002-11-26;512,84;Geprueft
2002-11-27;512,84;Geprueft
2002-11-28;512,84;Geprueft
2002-11-29;512,83;Geprueft
2002-11-30;512,84;Geprueft
2002-12-01;512,83;Geprueft
2002-12-02;512,82;Geprueft
2002-12-03;512,82;Geprueft
2002-12-04;512,82;Geprueft
2002-12-05;512,82;Geprueft
2002-12-06;512,82;Geprueft
2002-12-07;512,82;Geprueft
2002-12-08;512,82;Geprueft
2002-12-09;512,82;Geprueft
2002-12-10;512,81;Geprueft
2002-12-11;512,81;Geprueft
2002-12-12;512,80;Geprueft
2002-12-13;512,79;Geprueft
2002-12-14;512,79;Geprueft
2002-12-15;512,78;Geprueft
2002-12-16;512,77;Geprueft
2002-12-17;512,77;Geprueft
2002-12-18;512,77;Geprueft
2002-12-19;512,76;Geprueft
2002-12-20;512,75;Geprueft
2002-12-21;512,75;Geprueft
2002-12-22;512,75;Geprueft
2002-12-23;512,79;Geprueft
2002-12-24;512,85;Geprueft
2002-12-25;512,89;Geprueft
2002-12-26;512,90;Geprueft
2002-12-27;512,90;Geprueft
2002-12-28;512,91;Geprueft
2002-12-29;512,92;Geprueft
2002-12-30;512,93;Geprueft
2002-12-31;512,95;Geprueft
2003-01-01;512,98;Geprueft
2003-01-02;513,01;Geprueft
2003-01-03;513,02;Geprueft
2003-01-04;513,05;Geprueft
2003-01-05;513,08;Geprueft
2003-01-06;513,10;Geprueft
2003-01-07;513,12;Geprueft
2003-01-08;513,12;Geprueft
2003-01-09;513,12;Geprueft
2003-01-10;513,11;Geprueft
2003-01-11;513,10;Geprueft
2003-01-12;513,09;Geprueft
2003-01-13;513,08;Geprueft
2003-01-14;513,07;Geprueft
2003-01-15;513,06;Geprueft
2003-01-16;513,06;Geprueft
2003-01-17;513,04;Geprueft
2003-01-18;513,03;Geprueft
2003-01-19;513,02;Geprueft
2003-01-20;513,01;Geprueft
2003-01-21;513,00;Geprueft
2003-01-22;512,99;Geprueft
2003-01-23;512,98;Geprueft
2003-01-24;512,98;Geprueft
2003-01-25;512,97;Geprueft
2003-01-26;512,96;Geprueft
2003-01-27;512,96;Geprueft
2003-01-28;512,97;Geprueft
2003-01-29;512,99;Geprueft
2003-01-30;513,01;Geprueft
2003-01-31;513,02;Geprueft
2003-02-01;513,02;Geprueft
2003-02-02;513,02;Geprueft
2003-02-03;513,02;Geprueft
2003-02-04;513,02;Geprueft
2003-02-05;513,02;Geprueft
2003-02-06;513,02;Geprueft
2003-02-07;513,02;Geprueft
2003-02-08;513,02;Geprueft
2003-02-09;513,02;Geprueft
2003-02-10;513,02;Geprueft
2003-02-11;513,01;Geprueft
2003-02-12;513,00;Geprueft
2003-02-13;512,99;Geprueft
2003-02-14;512,98;Geprueft
2003-02-15;512,97;Geprueft
2003-02-16;512,96;Geprueft
2003-02-17;512,95;Geprueft
2003-02-18;512,94;Geprueft
2003-02-19;512,93;Geprueft
2003-02-20;512,92;Geprueft
2003-02-21;512,91;Geprueft
2003-02-22;512,90;Geprueft
2003-02-23;512,89;Geprueft
2003-02-24;512,88;Geprueft
2003-02-25;512,87;Geprueft
2003-02-26;512,85;Geprueft
2003-02-27;512,84;Geprueft
2003-02-28;512,82;Geprueft
2003-03-01;512,81;Geprueft
2003-03-02;512,80;Geprueft
2003-03-03;512,80;Geprueft
2003-03-04;512,80;Geprueft
2003-03-05;512,80;Geprueft
2003-03-06;512,82;Geprueft
2003-03-07;512,83;Geprueft
2003-03-08;512,84;Geprueft
2003-03-09;512,84;Geprueft
2003-03-10;512,84;Geprueft
2003-03-11;512,84;Geprueft
2003-03-12;512,83;Geprueft
2003-03-13;512,83;Geprueft
2003-03-14;512,83;Geprueft
2003-03-15;512,82;Geprueft
2003-03-16;512,81;Geprueft
2003-03-17;512,80;Geprueft
2003-03-18;512,79;Geprueft
2003-03-19;512,78;Geprueft
2003-03-20;512,77;Geprueft
2003-03-21;512,76;Geprueft
2003-03-22;512,75;Geprueft
2003-03-23;512,74;Geprueft
2003-03-24;512,74;Geprueft
2003-03-25;512,73;Geprueft
2003-03-26;512,72;Geprueft
2003-03-27;512,71;Geprueft
2003-03-28;512,69;Geprueft
2003-03-29;512,68;Geprueft
2003-03-30;512,68;Geprueft
2003-03-31;512,67;Geprueft
2003-04-01;512,66;Geprueft
2003-04-02;512,65;Geprueft
2003-04-03;512,65;Geprueft
2003-04-04;512,64;Geprueft
2003-04-05;512,64;Geprueft
2003-04-06;512,64;Geprueft
2003-04-07;512,64;Geprueft
2003-04-08;512,63;Geprueft
2003-04-09;512,62;Geprueft
2003-04-10;512,62;Geprueft
2003-04-11;512,61;Geprueft
2003-04-12;512,61;Geprueft
2003-04-13;512,60;Geprueft
2003-04-14;512,59;Geprueft
2003-04-15;512,58;Geprueft
2003-04-16;512,57;Geprueft
2003-04-17;512,56;Geprueft
2003-04-18;512,56;Geprueft
2003-04-19;512,55;Geprueft
2003-04-20;512,54;Geprueft
2003-04-21;512,54;Geprueft
2003-04-22;512,53;Geprueft
2003-04-23;512,52;Geprueft
2003-04-24;512,50;Geprueft
2003-04-25;512,48;Geprueft
2003-04-26;512,48;Geprueft
2003-04-27;512,47;Geprueft
2003-04-28;512,46;Geprueft
2003-04-29;512,45;Geprueft
2003-04-30;512,44;Geprueft
2003-05-01;512,43;Geprueft
2003-05-02;512,42;Geprueft
2003-05-03;512,42;Geprueft
2003-05-04;512,41;Geprueft
2003-05-05;512,40;Geprueft
2003-05-06;512,39;Geprueft
2003-05-07;512,38;Geprueft
2003-05-08;512,37;Geprueft
2003-05-09;512,38;Geprueft
2003-05-10;512,37;Geprueft
2003-05-11;512,37;Geprueft
2003-05-12;512,37;Geprueft
2003-05-13;512,36;Geprueft
2003-05-14;512,36;Geprueft
2003-05-15;512,35;Geprueft
2003-05-16;512,34;Geprueft
2003-05-17;512,34;Geprueft
2003-05-18;512,34;Geprueft
2003-05-19;512,33;Geprueft
2003-05-20;512,33;Geprueft
2003-05-21;512,33;Geprueft
2003-05-22;512,32;Geprueft
2003-05-23;512,32;Geprueft
2003-05-24;512,31;Geprueft
2003-05-25;512,30;Geprueft
2003-05-26;512,29;Geprueft
2003-05-27;512,29;Geprueft
2003-05-28;512,28;Geprueft
2003-05-29;512,27;Geprueft
2003-05-30;512,27;Geprueft
2003-05-31;512,26;Geprueft
2003-06-01;512,25;Geprueft
2003-06-02;512,24;Geprueft
2003-06-03;512,23;Geprueft
2003-06-04;512,21;Geprueft
2003-06-05;512,20;Geprueft
2003-06-06;512,19;Geprueft
2003-06-07;512,19;Geprueft
2003-06-08;512,17;Geprueft
2003-06-09;512,16;Geprueft
2003-06-10;512,16;Geprueft
2003-06-11;512,14;Geprueft
2003-06-12;512,12;Geprueft
2003-06-13;512,11;Geprueft
2003-06-14;512,11;Geprueft
2003-06-15;512,10;Geprueft
2003-06-16;512,10;Geprueft
2003-06-17;512,08;Geprueft
2003-06-18;512,08;Geprueft
2003-06-19;512,08;Geprueft
2003-06-20;512,08;Geprueft
2003-06-21;512,08;Geprueft
2003-06-22;512,07;Geprueft
2003-06-23;512,07;Geprueft
2003-06-24;512,06;Geprueft
2003-06-25;512,06;Geprueft
2003-06-26;512,05;Geprueft
2003-06-27;512,04;Geprueft
2003-06-28;512,03;Geprueft
2003-06-29;512,02;Geprueft
2003-06-30;512,01;Geprueft
2003-07-01;512,01;Geprueft
2003-07-02;512,02;Geprueft
2003-07-03;512,02;Geprueft
2003-07-04;512,02;Geprueft
2003-07-05;512,02;Geprueft
2003-07-06;512,01;Geprueft
2003-07-07;512,00;Geprueft
2003-07-08;512,00;Geprueft
2003-07-09;511,99;Geprueft
2003-07-10;511,98;Geprueft
2003-07-11;511,98;Geprueft
2003-07-12;511,96;Geprueft
2003-07-13;511,95;Geprueft
2003-07-14;511,94;Geprueft
2003-07-15;511,93;Geprueft
2003-07-16;511,92;Geprueft
2003-07-17;511,92;Geprueft
2003-07-18;511,92;Geprueft
2003-07-19;511,91;Geprueft
2003-07-20;511,90;Geprueft
2003-07-21;511,90;Geprueft
2003-07-22;511,89;Geprueft
2003-07-23;511,89;Geprueft
2003-07-24;511,88;Geprueft
2003-07-25;511,88;Geprueft
2003-07-26;511,88;Geprueft
2003-07-27;511,87;Geprueft
2003-07-28;511,88;Geprueft
2003-07-29;511,88;Geprueft
2003-07-30;511,87;Geprueft
2003-07-31;511,86;Geprueft
2003-08-01;511,86;Geprueft
2003-08-02;511,85;Geprueft
2003-08-03;511,84;Geprueft
2003-08-04;511,84;Geprueft
2003-08-05;511,83;Geprueft
2003-08-06;511,81;Geprueft
2003-08-07;511,80;Geprueft
2003-08-08;511,78;Geprueft
2003-08-09;511,77;Geprueft
2003-08-10;511,76;Geprueft
2003-08-11;511,76;Geprueft
2003-08-12;511,75;Geprueft
2003-08-13;511,74;Geprueft
2003-08-14;511,73;Geprueft
2003-08-15;511,74;Geprueft
2003-08-16;511,73;Geprueft
2003-08-17;511,73;Geprueft
2003-08-18;511,72;Geprueft
2003-08-19;511,72;Geprueft
2003-08-20;511,72;Geprueft
2003-08-21;511,71;Geprueft
2003-08-22;511,71;Geprueft
2003-08-23;511,70;Geprueft
2003-08-24;511,69;Geprueft
2003-08-25;511,68;Geprueft
2003-08-26;511,68;Geprueft
2003-08-27;511,67;Geprueft
2003-08-28;511,66;Geprueft
2003-08-29;511,65;Geprueft
2003-08-30;511,65;Geprueft
2003-08-31;511,65;Geprueft
2003-09-01;511,65;Geprueft
2003-09-02;511,65;Geprueft
2003-09-03;511,64;Geprueft
2003-09-04;511,64;Geprueft
2003-09-05;511,63;Geprueft
2003-09-06;511,62;Geprueft
2003-09-07;511,62;Geprueft
2003-09-08;511,61;Geprueft
2003-09-09;511,61;Geprueft
2003-09-10;511,60;Geprueft
2003-09-11;511,60;Geprueft
2003-09-12;511,60;Geprueft
2003-09-13;511,60;Geprueft
2003-09-14;511,59;Geprueft
2003-09-15;511,59;Geprueft
2003-09-16;511,58;Geprueft
2003-09-17;511,58;Geprueft
2003-09-18;511,57;Geprueft
2003-09-19;511,57;Geprueft
2003-09-20;511,56;Geprueft
2003-09-21;511,55;Geprueft
2003-09-22;511,55;Geprueft
2003-09-23;511,54;Geprueft
2003-09-24;511,54;Geprueft
2003-09-25;511,53;Geprueft
2003-09-26;511,52;Geprueft
2003-09-27;511,52;Geprueft
2003-09-28;511,52;Geprueft
2003-09-29;511,51;Geprueft
2003-09-30;511,51;Geprueft
2003-10-01;511,50;Geprueft
2003-10-02;511,50;Geprueft
2003-10-03;511,49;Geprueft
2003-10-04;511,49;Geprueft
2003-10-05;511,53;Geprueft
2003-10-06;511,56;Geprueft
2003-10-07;511,56;Geprueft
2003-10-08;511,58;Geprueft
2003-10-09;511,59;Geprueft
2003-10-10;511,60;Geprueft
2003-10-11;511,61;Geprueft
2003-10-12;511,62;Geprueft
2003-10-13;511,62;Geprueft
2003-10-14;511,61;Geprueft
2003-10-15;511,60;Geprueft
2003-10-16;511,59;Geprueft
2003-10-17;511,58;Geprueft
2003-10-18;511,57;Geprueft
2003-10-19;511,57;Geprueft
2003-10-20;511,56;Geprueft
2003-10-21;511,55;Geprueft
2003-10-22;511,54;Geprueft
2003-10-23;511,53;Geprueft
2003-10-24;511,52;Geprueft
2003-10-25;511,52;Geprueft
2003-10-26;511,51;Geprueft
2003-10-27;511,50;Geprueft
2003-10-28;511,49;Geprueft
2003-10-29;511,48;Geprueft
2003-10-30;511,48;Geprueft
2003-10-31;511,47;Geprueft
2003-11-01;511,47;Geprueft
2003-11-02;511,46;Geprueft
2003-11-03;511,46;Geprueft
2003-11-04;511,45;Geprueft
2003-11-05;511,45;Geprueft
2003-11-06;511,44;Geprueft
2003-11-07;511,43;Geprueft
2003-11-08;511,43;Geprueft
2003-11-09;511,42;Geprueft
2003-11-10;511,42;Geprueft
2003-11-11;511,41;Geprueft
2003-11-12;511,40;Geprueft
2003-11-13;511,40;Geprueft
2003-11-14;511,39;Geprueft
2003-11-15;511,39;Geprueft
2003-11-16;511,38;Geprueft
2003-11-17;511,38;Geprueft
2003-11-18;511,38;Geprueft
2003-11-19;511,37;Geprueft
2003-11-20;511,36;Geprueft
2003-11-21;511,36;Geprueft
2003-11-22;511,35;Geprueft
2003-11-23;511,35;Geprueft
2003-11-24;511,34;Geprueft
2003-11-25;511,34;Geprueft
2003-11-26;511,33;Geprueft
2003-11-27;511,33;Geprueft
2003-11-28;511,32;Geprueft
2003-11-29;511,33;Geprueft
2003-11-30;511,33;Geprueft
2003-12-01;511,33;Geprueft
2003-12-02;511,32;Geprueft
2003-12-03;511,32;Geprueft
2003-12-04;511,31;Geprueft
2003-12-05;511,30;Geprueft
2003-12-06;511,30;Geprueft
2003-12-07;511,30;Geprueft
2003-12-08;511,29;Geprueft
2003-12-09;511,29;Geprueft
2003-12-10;511,28;Geprueft
2003-12-11;511,28;Geprueft
2003-12-12;511,27;Geprueft
2003-12-13;511,27;Geprueft
2003-12-14;511,27;Geprueft
2003-12-15;511,27;Geprueft
2003-12-16;511,27;Geprueft
2003-12-17;511,26;Geprueft
2003-12-18;511,26;Geprueft
2003-12-19;511,25;Geprueft
2003-12-20;511,25;Geprueft
2003-12-21;511,25;Geprueft
2003-12-22;511,25;Geprueft
2003-12-23;511,24;Geprueft
2003-12-24;511,24;Geprueft
2003-12-25;511,24;Geprueft
2003-12-26;511,24;Geprueft
2003-12-27;511,24;Geprueft
2003-12-28;511,24;Geprueft
2003-12-29;511,24;Geprueft
2003-12-30;511,24;Geprueft
2003-12-31;511,24;Geprueft
2004-01-01;511,23;Geprueft
2004-01-02;511,23;Geprueft
2004-01-03;511,23;Geprueft
2004-01-04;511,22;Geprueft
2004-01-05;511,22;Geprueft
2004-01-06;511,22;Geprueft
2004-01-07;511,22;Geprueft
2004-01-08;511,22;Geprueft
2004-01-09;511,22;Geprueft
2004-01-10;511,22;Geprueft
2004-01-11;511,24;Geprueft
2004-01-12;511,28;Geprueft
2004-01-13;511,35;Geprueft
2004-01-14;511,44;Geprueft
2004-01-15;511,52;Geprueft
2004-01-16;511,58;Geprueft
2004-01-17;511,64;Geprueft
2004-01-18;511,68;Geprueft
2004-01-19;511,73;Geprueft
2004-01-20;511,77;Geprueft
2004-01-21;511,78;Geprueft
2004-01-22;511,79;Geprueft
2004-01-23;511,79;Geprueft
2004-01-24;511,80;Geprueft
2004-01-25;511,80;Geprueft
2004-01-26;511,80;Geprueft
2004-01-27;511,80;Geprueft
2004-01-28;511,79;Geprueft
2004-01-29;511,78;Geprueft
2004-01-30;511,77;Geprueft
2004-01-31;511,76;Geprueft
2004-02-01;511,75;Geprueft
2004-02-02;511,74;Geprueft
2004-02-03;511,73;Geprueft
2004-02-04;511,73;Geprueft
2004-02-05;511,72;Geprueft
2004-02-06;511,72;Geprueft
2004-02-07;511,72;Geprueft
2004-02-08;511,71;Geprueft
2004-02-09;511,71;Geprueft
2004-02-10;511,70;Geprueft
2004-02-11;511,69;Geprueft
2004-02-12;511,69;Geprueft
2004-02-13;511,68;Geprueft
2004-02-14;511,67;Geprueft
2004-02-15;511,67;Geprueft
2004-02-16;511,66;Geprueft
2004-02-17;511,65;Geprueft
2004-02-18;511,64;Geprueft
2004-02-19;511,63;Geprueft
2004-02-20;511,62;Geprueft
2004-02-21;511,61;Geprueft
2004-02-22;511,60;Geprueft
2004-02-23;511,59;Geprueft
2004-02-24;511,58;Geprueft
2004-02-25;511,58;Geprueft
2004-02-26;511,57;Geprueft
2004-02-27;511,56;Geprueft
2004-02-28;511,55;Geprueft
2004-02-29;511,54;Geprueft
2004-03-01;511,53;Geprueft
2004-03-02;511,53;Geprueft
2004-03-03;511,52;Geprueft
2004-03-04;511,51;Geprueft
2004-03-05;511,50;Geprueft
2004-03-06;511,49;Geprueft
2004-03-07;511,49;Geprueft
2004-03-08;511,48;Geprueft
2004-03-09;511,47;Geprueft
2004-03-10;511,46;Geprueft
2004-03-11;511,46;Geprueft
2004-03-12;511,45;Geprueft
2004-03-13;511,44;Geprueft
2004-03-14;511,44;Geprueft
2004-03-15;511,43;Geprueft
2004-03-16;511,42;Geprueft
2004-03-17;511,42;Geprueft
2004-03-18;511,41;Geprueft
2004-03-19;511,41;Geprueft
2004-03-20;511,41;Geprueft
2004-03-21;511,41;Geprueft
2004-03-22;511,41;Geprueft
2004-03-23;511,41;Geprueft
2004-03-24;511,41;Geprueft
2004-03-25;511,42;Geprueft
2004-03-26;511,42;Geprueft
2004-03-27;511,43;Geprueft
2004-03-28;511,43;Geprueft
2004-03-29;511,44;Geprueft
2004-03-30;511,44;Geprueft
2004-03-31;511,45;Geprueft
2004-04-01;511,45;Geprueft
2004-04-02;511,46;Geprueft
2004-04-03;511,46;Geprueft
2004-04-04;511,46;Geprueft
2004-04-05;511,46;Geprueft
2004-04-06;511,46;Geprueft
2004-04-07;511,46;Geprueft
2004-04-08;511,46;Geprueft
2004-04-09;511,45;Geprueft
2004-04-10;511,45;Geprueft
2004-04-11;511,44;Geprueft
2004-04-12;511,43;Geprueft
2004-04-13;511,43;Geprueft
2004-04-14;511,42;Geprueft
2004-04-15;511,41;Geprueft
2004-04-16;511,40;Geprueft
2004-04-17;511,39;Geprueft
2004-04-18;511,39;Geprueft
2004-04-19;511,38;Geprueft
2004-04-20;511,38;Geprueft
2004-04-21;511,37;Geprueft
2004-04-22;511,36;Geprueft
2004-04-23;511,36;Geprueft
2004-04-24;511,35;Geprueft
2004-04-25;511,35;Geprueft
2004-04-26;511,34;Geprueft
2004-04-27;511,33;Geprueft
2004-04-28;511,32;Geprueft
2004-04-29;511,31;Geprueft
2004-04-30;511,30;Geprueft
2004-05-01;511,30;Geprueft
2004-05-02;511,30;Geprueft
2004-05-03;511,29;Geprueft
2004-05-04;511,29;Geprueft
2004-05-05;511,28;Geprueft
2004-05-06;511,28;Geprueft
2004-05-07;511,28;Geprueft
2004-05-08;511,27;Geprueft
2004-05-09;511,27;Geprueft
2004-05-10;511,26;Geprueft
2004-05-11;511,25;Geprueft
2004-05-12;511,25;Geprueft
2004-05-13;511,25;Geprueft
2004-05-14;511,25;Geprueft
2004-05-15;511,24;Geprueft
2004-05-16;511,24;Geprueft
2004-05-17;511,24;Geprueft
2004-05-18;511,23;Geprueft
2004-05-19;511,22;Geprueft
2004-05-20;511,22;Geprueft
2004-05-21;511,21;Geprueft
2004-05-22;511,22;Geprueft
2004-05-23;511,22;Geprueft
2004-05-24;511,21;Geprueft
2004-05-25;511,20;Geprueft
2004-05-26;511,20;Geprueft
2004-05-27;511,19;Geprueft
2004-05-28;511,19;Geprueft
2004-05-29;511,18;Geprueft
2004-05-30;511,18;Geprueft
2004-05-31;511,17;Geprueft
2004-06-01;511,17;Geprueft
2004-06-02;511,17;Geprueft
2004-06-03;511,16;Geprueft
2004-06-04;511,16;Geprueft
2004-06-05;511,16;Geprueft
2004-06-06;511,18;Geprueft
2004-06-07;511,18;Geprueft
2004-06-08;511,17;Geprueft
2004-06-09;511,16;Geprueft
2004-06-10;511,16;Geprueft
2004-06-11;511,15;Geprueft
2004-06-12;511,15;Geprueft
2004-06-13;511,15;Geprueft
2004-06-14;511,15;Geprueft
2004-06-15;511,14;Geprueft
2004-06-16;511,14;Geprueft
2004-06-17;511,13;Geprueft
2004-06-18;511,12;Geprueft
2004-06-19;511,12;Geprueft
2004-06-20;511,12;Geprueft
2004-06-21;511,12;Geprueft
2004-06-22;511,11;Geprueft
2004-06-23;511,11;Geprueft
2004-06-24;511,10;Geprueft
2004-06-25;511,10;Geprueft
2004-06-26;511,09;Geprueft
2004-06-27;511,09;Geprueft
2004-06-28;511,08;Geprueft
2004-06-29;511,07;Geprueft
2004-06-30;511,06;Geprueft
2004-07-01;511,06;Geprueft
2004-07-02;511,06;Geprueft
2004-07-03;511,06;Geprueft
2004-07-04;511,05;Geprueft
2004-07-05;511,04;Geprueft
2004-07-06;511,04;Geprueft
2004-07-07;511,04;Geprueft
2004-07-08;511,03;Geprueft
2004-07-09;511,05;Geprueft
2004-07-10;511,05;Geprueft
2004-07-11;511,04;Geprueft
2004-07-12;511,04;Geprueft
2004-07-13;511,04;Geprueft
2004-07-14;511,04;Geprueft
2004-07-15;511,03;Geprueft
2004-07-16;511,03;Geprueft
2004-07-17;511,02;Geprueft
2004-07-18;511,02;Geprueft
2004-07-19;511,01;Geprueft
2004-07-20;511,00;Geprueft
2004-07-21;511,00;Geprueft
2004-07-22;510,99;Geprueft
2004-07-23;510,99;Geprueft
2004-07-24;511,00;Geprueft
2004-07-25;511,00;Geprueft
2004-07-26;511,00;Geprueft
2004-07-27;511,00;Geprueft
2004-07-28;510,99;Geprueft
2004-07-29;510,98;Geprueft
2004-07-30;510,98;Geprueft
2004-07-31;510,97;Geprueft
2004-08-01;510,97;Geprueft
2004-08-02;510,96;Geprueft
2004-08-03;510,95;Geprueft
2004-08-04;510,94;Geprueft
2004-08-05;510,93;Geprueft
2004-08-06;510,91;Geprueft
2004-08-07;510,90;Geprueft
2004-08-08;510,90;Geprueft
2004-08-09;510,89;Geprueft
2004-08-10;510,89;Geprueft
2004-08-11;510,88;Geprueft
2004-08-12;510,87;Geprueft
2004-08-13;510,87;Geprueft
2004-08-14;510,87;Geprueft
2004-08-15;510,87;Geprueft
2004-08-16;510,87;Geprueft
2004-08-17;510,86;Geprueft
2004-08-18;510,86;Geprueft
2004-08-19;510,85;Geprueft
2004-08-20;510,85;Geprueft
2004-08-21;510,85;Geprueft
2004-08-22;510,85;Geprueft
2004-08-23;510,84;Geprueft
2004-08-24;510,84;Geprueft
2004-08-25;510,83;Geprueft
2004-08-26;510,83;Geprueft
2004-08-27;510,83;Geprueft
2004-08-28;510,83;Geprueft
2004-08-29;510,82;Geprueft
2004-08-30;510,82;Geprueft
2004-08-31;510,81;Geprueft
2004-09-01;510,81;Geprueft
2004-09-02;510,80;Geprueft
2004-09-03;510,80;Geprueft
2004-09-04;510,79;Geprueft
2004-09-05;510,79;Geprueft
2004-09-06;510,79;Geprueft
2004-09-07;510,78;Geprueft
2004-09-08;510,78;Geprueft
2004-09-09;510,77;Geprueft
2004-09-10;510,76;Geprueft
2004-09-11;510,76;Geprueft
2004-09-12;510,75;Geprueft
2004-09-13;510,75;Geprueft
2004-09-14;510,74;Geprueft
2004-09-15;510,75;Geprueft
2004-09-16;510,75;Geprueft
2004-09-17;510,74;Geprueft
2004-09-18;510,74;Geprueft
2004-09-19;510,73;Geprueft
2004-09-20;510,73;Geprueft
2004-09-21;510,72;Geprueft
2004-09-22;510,72;Geprueft
2004-09-23;510,73;Geprueft
2004-09-24;510,73;Geprueft
2004-09-25;510,73;Geprueft
2004-09-26;510,74;Geprueft
2004-09-27;510,73;Geprueft
2004-09-28;510,72;Geprueft
2004-09-29;510,72;Geprueft
2004-09-30;510,72;Geprueft
2004-10-01;510,71;Geprueft
2004-10-02;510,71;Geprueft
2004-10-03;510,71;Geprueft
2004-10-04;510,70;Geprueft
2004-10-05;510,70;Geprueft
2004-10-06;510,69;Geprueft
2004-10-07;510,68;Geprueft
2004-10-08;510,68;Geprueft
2004-10-09;510,70;Geprueft
2004-10-10;510,72;Geprueft
2004-10-11;510,72;Geprueft
2004-10-12;510,72;Geprueft
2004-10-13;510,72;Geprueft
2004-10-14;510,71;Geprueft
2004-10-15;510,71;Geprueft
2004-10-16;510,70;Geprueft
2004-10-17;510,70;Geprueft
2004-10-18;510,69;Geprueft
2004-10-19;510,69;Geprueft
2004-10-20;510,68;Geprueft
2004-10-21;510,68;Geprueft
2004-10-22;510,68;Geprueft
2004-10-23;510,67;Geprueft
2004-10-24;510,67;Geprueft
2004-10-25;510,65;Geprueft
2004-10-26;510,65;Geprueft
2004-10-27;510,64;Geprueft
2004-10-28;510,63;Geprueft
2004-10-29;510,63;Geprueft
2004-10-30;510,63;Geprueft
2004-10-31;510,62;Geprueft
2004-11-01;510,62;Geprueft
2004-11-02;510,62;Geprueft
2004-11-03;510,62;Geprueft
2004-11-04;510,61;Geprueft
2004-11-05;510,60;Geprueft
2004-11-06;510,60;Geprueft
2004-11-07;510,60;Geprueft
2004-11-08;510,60;Geprueft
2004-11-09;510,60;Geprueft
2004-11-10;510,60;Geprueft
2004-11-11;510,59;Geprueft
2004-11-12;510,59;Geprueft
2004-11-13;510,59;Geprueft
2004-11-14;510,59;Geprueft
2004-11-15;510,59;Geprueft
2004-11-16;510,59;Geprueft
2004-11-17;510,58;Geprueft
2004-11-18;510,58;Geprueft
2004-11-19;510,58;Geprueft
2004-11-20;510,58;Geprueft
2004-11-21;510,57;Geprueft
2004-11-22;510,57;Geprueft
2004-11-23;510,57;Geprueft
2004-11-24;510,57;Geprueft
2004-11-25;510,57;Geprueft
2004-11-26;510,57;Geprueft
2004-11-27;510,56;Geprueft
2004-11-28;510,56;Geprueft
2004-11-29;510,56;Geprueft
2004-11-30;510,55;Geprueft
2004-12-01;510,55;Geprueft
2004-12-02;510,55;Geprueft
2004-12-03;510,54;Geprueft
2004-12-04;510,54;Geprueft
2004-12-05;510,53;Geprueft
2004-12-06;510,53;Geprueft
2004-12-07;510,53;Geprueft
2004-12-08;510,52;Geprueft
2004-12-09;510,52;Geprueft
2004-12-10;510,51;Geprueft
2004-12-11;510,51;Geprueft
2004-12-12;510,51;Geprueft
2004-12-13;510,50;Geprueft
2004-12-14;510,50;Geprueft
2004-12-15;510,49;Geprueft
2004-12-16;510,49;Geprueft
2004-12-17;510,49;Geprueft
2004-12-18;510,48;Geprueft
2004-12-19;510,48;Geprueft
2004-12-20;510,48;Geprueft
2004-12-21;510,47;Geprueft
2004-12-22;510,47;Geprueft
2004-12-23;510,47;Geprueft
2004-12-24;510,47;Geprueft
2004-12-25;510,46;Geprueft
2004-12-26;510,46;Geprueft
2004-12-27;510,46;Geprueft
2004-12-28;510,45;Geprueft
2004-12-29;510,45;Geprueft
2004-12-30;510,44;Geprueft
2004-12-31;510,44;Geprueft
2005-01-01;510,44;Geprueft
2005-01-02;510,43;Geprueft
2005-01-03;510,43;Geprueft
2005-01-04;510,43;Geprueft
2005-01-05;510,42;Geprueft
2005-01-06;510,42;Geprueft
2005-01-07;510,42;Geprueft
2005-01-08;510,41;Geprueft
2005-01-09;510,41;Geprueft
2005-01-10;510,41;Geprueft
2005-01-11;510,40;Geprueft
2005-01-12;510,40;Geprueft
2005-01-13;510,40;Geprueft
2005-01-14;510,39;Geprueft
2005-01-15;510,39;Geprueft
2005-01-16;510,39;Geprueft
2005-01-17;510,39;Geprueft
2005-01-18;510,39;Geprueft
2005-01-19;510,38;Geprueft
2005-01-20;510,38;Geprueft
2005-01-21;510,38;Geprueft
2005-01-22;510,39;Geprueft
2005-01-23;510,38;Geprueft
2005-01-24;510,38;Geprueft
2005-01-25;510,38;Geprueft
2005-01-26;510,37;Geprueft
2005-01-27;510,37;Geprueft
2005-01-28;510,37;Geprueft
2005-01-29;510,36;Geprueft
2005-01-30;510,36;Geprueft
2005-01-31;510,36;Geprueft
2005-02-01;510,36;Geprueft
2005-02-02;510,35;Geprueft
2005-02-03;510,35;Geprueft
2005-02-04;510,35;Geprueft
2005-02-05;510,35;Geprueft
2005-02-06;510,35;Geprueft
2005-02-07;510,35;Geprueft
2005-02-08;510,35;Geprueft
2005-02-09;510,34;Geprueft
2005-02-10;510,34;Geprueft
2005-02-11;510,36;Geprueft
2005-02-12;510,39;Geprueft
2005-02-13;510,45;Geprueft
2005-02-14;510,52;Geprueft
2005-02-15;510,59;Geprueft
2005-02-16;510,62;Geprueft
2005-02-17;510,64;Geprueft
2005-02-18;510,65;Geprueft
2005-02-19;510,66;Geprueft
2005-02-20;510,66;Geprueft
2005-02-21;510,66;Geprueft
2005-02-22;510,66;Geprueft
2005-02-23;510,65;Geprueft
2005-02-24;510,66;Geprueft
2005-02-25;510,66;Geprueft
2005-02-26;510,65;Geprueft
2005-02-27;510,65;Geprueft
2005-02-28;510,64;Geprueft
2005-03-01;510,63;Geprueft
2005-03-02;510,62;Geprueft
2005-03-03;510,61;Geprueft
2005-03-04;510,61;Geprueft
2005-03-05;510,60;Geprueft
2005-03-06;510,59;Geprueft
2005-03-07;510,59;Geprueft
2005-03-08;510,58;Geprueft
2005-03-09;510,57;Geprueft
2005-03-10;510,56;Geprueft
2005-03-11;510,56;Geprueft
2005-03-12;510,55;Geprueft
2005-03-13;510,55;Geprueft
2005-03-14;510,54;Geprueft
2005-03-15;510,54;Geprueft
2005-03-16;510,54;Geprueft
2005-03-17;510,53;Geprueft
2005-03-18;510,52;Geprueft
2005-03-19;510,54;Geprueft
2005-03-20;510,56;Geprueft
2005-03-21;510,58;Geprueft
2005-03-22;510,59;Geprueft
2005-03-23;510,60;Geprueft
2005-03-24;510,61;Geprueft
2005-03-25;510,61;Geprueft
2005-03-26;510,61;Geprueft
2005-03-27;510,61;Geprueft
2005-03-28;510,61;Geprueft
2005-03-29;510,61;Geprueft
2005-03-30;510,61;Geprueft
2005-03-31;510,62;Geprueft
2005-04-01;510,61;Geprueft
2005-04-02;510,61;Geprueft
2005-04-03;510,60;Geprueft
2005-04-04;510,60;Geprueft
2005-04-05;510,60;Geprueft
2005-04-06;510,60;Geprueft
2005-04-07;510,59;Geprueft
2005-04-08;510,59;Geprueft
2005-04-09;510,59;Geprueft
2005-04-10;510,59;Geprueft
2005-04-11;510,59;Geprueft
2005-04-12;510,58;Geprueft
2005-04-13;510,57;Geprueft
2005-04-14;510,56;Geprueft
2005-04-15;510,56;Geprueft
2005-04-16;510,55;Geprueft
2005-04-17;510,54;Geprueft
2005-04-18;510,54;Geprueft
2005-04-19;510,55;Geprueft
2005-04-20;510,58;Geprueft
2005-04-21;510,59;Geprueft
2005-04-22;510,60;Geprueft
2005-04-23;510,63;Geprueft
2005-04-24;510,64;Geprueft
2005-04-25;510,67;Geprueft
2005-04-26;510,72;Geprueft
2005-04-27;510,72;Geprueft
2005-04-28;510,75;Geprueft
2005-04-29;510,77;Geprueft
2005-04-30;510,79;Geprueft
2005-05-01;510,79;Geprueft
2005-05-02;510,79;Geprueft
2005-05-03;510,79;Geprueft
2005-05-04;510,80;Geprueft
2005-05-05;510,80;Geprueft
2005-05-06;510,80;Geprueft
2005-05-07;510,80;Geprueft
2005-05-08;510,81;Geprueft
2005-05-09;510,81;Geprueft
2005-05-10;510,81;Geprueft
2005-05-11;510,81;Geprueft
2005-05-12;510,81;Geprueft
2005-05-13;510,81;Geprueft
2005-05-14;510,81;Geprueft
2005-05-15;510,82;Geprueft
2005-05-16;510,82;Geprueft
2005-05-17;510,82;Geprueft
2005-05-18;510,82;Geprueft
2005-05-19;510,83;Geprueft
2005-05-20;510,82;Geprueft
2005-05-21;510,82;Geprueft
2005-05-22;510,82;Geprueft
2005-05-23;510,83;Geprueft
2005-05-24;510,83;Geprueft
2005-05-25;510,83;Geprueft
2005-05-26;510,82;Geprueft
2005-05-27;510,82;Geprueft
2005-05-28;510,82;Geprueft
2005-05-29;510,82;Geprueft
2005-05-30;510,82;Geprueft
2005-05-31;510,82;Geprueft
2005-06-01;510,82;Geprueft
2005-06-02;510,81;Geprueft
2005-06-03;510,80;Geprueft
2005-06-04;510,80;Geprueft
2005-06-05;510,81;Geprueft
2005-06-06;510,80;Geprueft
2005-06-07;510,80;Geprueft
2005-06-08;510,79;Geprueft
2005-06-09;510,78;Geprueft
2005-06-10;510,77;Geprueft
2005-06-11;510,77;Geprueft
2005-06-12;510,76;Geprueft
2005-06-13;510,76;Geprueft
2005-06-14;510,76;Geprueft
2005-06-15;510,77;Geprueft
2005-06-16;510,76;Geprueft
2005-06-17;510,76;Geprueft
2005-06-18;510,75;Geprueft
2005-06-19;510,75;Geprueft
2005-06-20;510,74;Geprueft
2005-06-21;510,74;Geprueft
2005-06-22;510,73;Geprueft
2005-06-23;510,71;Geprueft
2005-06-24;510,69;Geprueft
2005-06-25;510,68;Geprueft
2005-06-26;510,67;Geprueft
2005-06-27;510,67;Geprueft
2005-06-28;510,66;Geprueft
2005-06-29;510,65;Geprueft
2005-06-30;510,64;Geprueft
2005-07-01;510,65;Geprueft
2005-07-02;510,66;Geprueft
2005-07-03;510,65;Geprueft
2005-07-04;510,65;Geprueft
2005-07-05;510,68;Geprueft
2005-07-06;510,69;Geprueft
2005-07-07;510,68;Geprueft
2005-07-08;510,68;Geprueft
2005-07-09;510,68;Geprueft
2005-07-10;510,68;Geprueft
2005-07-11;510,69;Geprueft
2005-07-12;510,69;Geprueft
2005-07-13;510,69;Geprueft
2005-07-14;510,69;Geprueft
2005-07-15;510,69;Geprueft
2005-07-16;510,69;Geprueft
2005-07-17;510,69;Geprueft
2005-07-18;510,69;Geprueft
2005-07-19;510,69;Geprueft
2005-07-20;510,69;Geprueft
2005-07-21;510,69;Geprueft
2005-07-22;510,68;Geprueft
2005-07-23;510,68;Geprueft
2005-07-24;510,67;Geprueft
2005-07-25;510,67;Geprueft
2005-07-26;510,68;Geprueft
2005-07-27;510,67;Geprueft
2005-07-28;510,66;Geprueft
2005-07-29;510,65;Geprueft
2005-07-30;510,67;Geprueft
2005-07-31;510,67;Geprueft
2005-08-01;510,66;Geprueft
2005-08-02;510,65;Geprueft
2005-08-03;510,67;Geprueft
2005-08-04;510,66;Geprueft
2005-08-05;510,65;Geprueft
2005-08-06;510,66;Geprueft
2005-08-07;510,66;Geprueft
2005-08-08;510,66;Geprueft
2005-08-09;510,66;Geprueft
2005-08-10;510,66;Geprueft
2005-08-11;510,65;Geprueft
2005-08-12;510,65;Geprueft
2005-08-13;510,64;Geprueft
2005-08-14;510,64;Geprueft
2005-08-15;510,64;Geprueft
2005-08-16;510,65;Geprueft
2005-08-17;510,65;Geprueft
2005-08-18;510,65;Geprueft
2005-08-19;510,65;Geprueft
2005-08-20;510,70;Geprueft
2005-08-21;510,72;Geprueft
2005-08-22;510,75;Geprueft
2005-08-23;510,80;Geprueft
2005-08-24;510,85;Geprueft
2005-08-25;510,89;Geprueft
2005-08-26;510,93;Geprueft
2005-08-27;510,93;Geprueft
2005-08-28;510,93;Geprueft
2005-08-29;510,93;Geprueft
2005-08-30;510,93;Geprueft
2005-08-31;510,93;Geprueft
2005-09-01;510,93;Geprueft
2005-09-02;510,93;Geprueft
2005-09-03;510,93;Geprueft
2005-09-04;510,93;Geprueft
2005-09-05;510,92;Geprueft
2005-09-06;510,91;Geprueft
2005-09-07;510,91;Geprueft
2005-09-08;510,90;Geprueft
2005-09-09;510,89;Geprueft
2005-09-10;510,88;Geprueft
2005-09-11;510,88;Geprueft
2005-09-12;510,87;Geprueft
2005-09-13;510,86;Geprueft
2005-09-14;510,86;Geprueft
2005-09-15;510,85;Geprueft
2005-09-16;510,85;Geprueft
2005-09-17;510,84;Geprueft
2005-09-18;510,84;Geprueft
2005-09-19;510,84;Geprueft
2005-09-20;510,83;Geprueft
2005-09-21;510,82;Geprueft
2005-09-22;510,82;Geprueft
2005-09-23;510,82;Geprueft
2005-09-24;510,81;Geprueft
2005-09-25;510,80;Geprueft
2005-09-26;510,80;Geprueft
2005-09-27;510,79;Geprueft
2005-09-28;510,79;Geprueft
2005-09-29;510,78;Geprueft
2005-09-30;510,78;Geprueft
2005-10-01;510,77;Geprueft
2005-10-02;510,79;Geprueft
2005-10-03;510,82;Geprueft
2005-10-04;510,82;Geprueft
2005-10-05;510,81;Geprueft
2005-10-06;510,81;Geprueft
2005-10-07;510,81;Geprueft
2005-10-08;510,80;Geprueft
2005-10-09;510,80;Geprueft
2005-10-10;510,79;Geprueft
2005-10-11;510,79;Geprueft
2005-10-12;510,78;Geprueft
2005-10-13;510,78;Geprueft
2005-10-14;510,77;Geprueft
2005-10-15;510,76;Geprueft
2005-10-16;510,76;Geprueft
2005-10-17;510,76;Geprueft
2005-10-18;510,75;Geprueft
2005-10-19;510,75;Geprueft
2005-10-20;510,74;Geprueft
2005-10-21;510,73;Geprueft
2005-10-22;510,73;Geprueft
2005-10-23;510,72;Geprueft
2005-10-24;510,71;Geprueft
2005-10-25;510,71;Geprueft
2005-10-26;510,71;Geprueft
2005-10-27;510,71;Geprueft
2005-10-28;510,70;Geprueft
2005-10-29;510,70;Geprueft
2005-10-30;510,69;Geprueft
2005-10-31;510,69;Geprueft
2005-11-01;510,68;Geprueft
2005-11-02;510,68;Geprueft
2005-11-03;510,67;Geprueft
2005-11-04;510,67;Geprueft
2005-11-05;510,67;Geprueft
2005-11-06;510,67;Geprueft
2005-11-07;510,66;Geprueft
2005-11-08;510,65;Geprueft
2005-11-09;510,65;Geprueft
2005-11-10;510,64;Geprueft
2005-11-11;510,64;Geprueft
2005-11-12;510,64;Geprueft
2005-11-13;510,64;Geprueft
2005-11-14;510,63;Geprueft
2005-11-15;510,63;Geprueft
2005-11-16;510,62;Geprueft
2005-11-17;510,62;Geprueft
2005-11-18;510,61;Geprueft
2005-11-19;510,61;Geprueft
2005-11-20;510,61;Geprueft
2005-11-21;510,60;Geprueft
2005-11-22;510,60;Geprueft
2005-11-23;510,60;Geprueft
2005-11-24;510,60;Geprueft
2005-11-25;510,60;Geprueft
2005-11-26;510,59;Geprueft
2005-11-27;510,59;Geprueft
2005-11-28;510,59;Geprueft
2005-11-29;510,59;Geprueft
2005-11-30;510,58;Geprueft
2005-12-01;510,58;Geprueft
2005-12-02;510,57;Geprueft
2005-12-03;510,57;Geprueft
2005-12-04;510,57;Geprueft
2005-12-05;510,57;Geprueft
2005-12-06;510,57;Geprueft
2005-12-07;510,57;Geprueft
2005-12-08;510,57;Geprueft
2005-12-09;510,56;Geprueft
2005-12-10;510,56;Geprueft
2005-12-11;510,55;Geprueft
2005-12-12;510,55;Geprueft
2005-12-13;510,55;Geprueft
2005-12-14;510,55;Geprueft
2005-12-15;510,54;Geprueft
2005-12-16;510,54;Geprueft
2005-12-17;510,54;Geprueft
2005-12-18;510,54;Geprueft
2005-12-19;510,53;Geprueft
2005-12-20;510,53;Geprueft
2005-12-21;510,53;Geprueft
2005-12-22;510,53;Geprueft
2005-12-23;510,53;Geprueft
2005-12-24;510,53;Geprueft
2005-12-25;510,53;Geprueft
2005-12-26;510,53;Geprueft
2005-12-27;510,53;Geprueft
2005-12-28;510,53;Geprueft
2005-12-29;510,53;Geprueft
2005-12-30;510,53;Geprueft
2005-12-31;510,53;Geprueft
2006-01-01;510,53;Geprueft
2006-01-02;510,53;Geprueft
2006-01-03;510,53;Geprueft
2006-01-04;510,54;Geprueft
2006-01-05;510,54;Geprueft
2006-01-06;510,54;Geprueft
2006-01-07;510,55;Geprueft
2006-01-08;510,55;Geprueft
2006-01-09;510,55;Geprueft
2006-01-10;510,55;Geprueft
2006-01-11;510,56;Geprueft
2006-01-12;510,56;Geprueft
2006-01-13;510,56;Geprueft
2006-01-14;510,56;Geprueft
2006-01-15;510,56;Geprueft
2006-01-16;510,56;Geprueft
2006-01-17;510,56;Geprueft
2006-01-18;510,57;Geprueft
2006-01-19;510,58;Geprueft
2006-01-20;510,58;Geprueft
2006-01-21;510,58;Geprueft
2006-01-22;510,58;Geprueft
2006-01-23;510,58;Geprueft
2006-01-24;510,58;Geprueft
2006-01-25;510,58;Geprueft
2006-01-26;510,58;Geprueft
2006-01-27;510,57;Geprueft
2006-01-28;510,57;Geprueft
2006-01-29;510,57;Geprueft
2006-01-30;510,57;Geprueft
2006-01-31;510,56;Geprueft
2006-02-01;510,56;Geprueft
2006-02-02;510,56;Geprueft
2006-02-03;510,55;Geprueft
2006-02-04;510,55;Geprueft
2006-02-05;510,55;Geprueft
2006-02-06;510,54;Geprueft
2006-02-07;510,54;Geprueft
2006-02-08;510,54;Geprueft
2006-02-09;510,54;Geprueft
2006-02-10;510,54;Geprueft
2006-02-11;510,54;Geprueft
2006-02-12;510,53;Geprueft
2006-02-13;510,53;Geprueft
2006-02-14;510,53;Geprueft
2006-02-15;510,53;Geprueft
2006-02-16;510,56;Geprueft
2006-02-17;510,59;Geprueft
2006-02-18;510,62;Geprueft
2006-02-19;510,66;Geprueft
2006-02-20;510,70;Geprueft
2006-02-21;510,73;Geprueft
2006-02-22;510,75;Geprueft
2006-02-23;510,76;Geprueft
2006-02-24;510,77;Geprueft
2006-02-25;510,78;Geprueft
2006-02-26;510,78;Geprueft
2006-02-27;510,78;Geprueft
2006-02-28;510,78;Geprueft
2006-03-01;510,78;Geprueft
2006-03-02;510,78;Geprueft
2006-03-03;510,78;Geprueft
2006-03-04;510,78;Geprueft
2006-03-05;510,78;Geprueft
2006-03-06;510,77;Geprueft
2006-03-07;510,77;Geprueft
2006-03-08;510,76;Geprueft
2006-03-09;510,81;Geprueft
2006-03-10;510,91;Geprueft
2006-03-11;510,99;Geprueft
2006-03-12;511,05;Geprueft
2006-03-13;511,08;Geprueft
2006-03-14;511,09;Geprueft
2006-03-15;511,09;Geprueft
2006-03-16;511,09;Geprueft
2006-03-17;511,09;Geprueft
2006-03-18;511,08;Geprueft
2006-03-19;511,08;Geprueft
2006-03-20;511,07;Geprueft
2006-03-21;511,07;Geprueft
2006-03-22;511,08;Geprueft
2006-03-23;511,10;Geprueft
2006-03-24;511,12;Geprueft
2006-03-25;511,13;Geprueft
2006-03-26;511,16;Geprueft
2006-03-27;511,20;Geprueft
2006-03-28;511,23;Geprueft
2006-03-29;511,26;Geprueft
2006-03-30;511,28;Geprueft
2006-03-31;511,30;Geprueft
2006-04-01;511,31;Geprueft
2006-04-02;511,32;Geprueft
2006-04-03;511,33;Geprueft
2006-04-04;511,35;Geprueft
2006-04-05;511,35;Geprueft
2006-04-06;511,37;Geprueft
2006-04-07;511,37;Geprueft
2006-04-08;511,38;Geprueft
2006-04-09;511,39;Geprueft
2006-04-10;511,40;Geprueft
2006-04-11;511,42;Geprueft
2006-04-12;511,43;Geprueft
2006-04-13;511,45;Geprueft
2006-04-14;511,45;Geprueft
2006-04-15;511,46;Geprueft
2006-04-16;511,48;Geprueft
2006-04-17;511,49;Geprueft
2006-04-18;511,49;Geprueft
2006-04-19;511,49;Geprueft
2006-04-20;511,49;Geprueft
2006-04-21;511,49;Geprueft
2006-04-22;511,48;Geprueft
2006-04-23;511,48;Geprueft
2006-04-24;511,48;Geprueft
2006-04-25;511,47;Geprueft
2006-04-26;511,47;Geprueft
2006-04-27;511,46;Geprueft
2006-04-28;511,47;Geprueft
2006-04-29;511,49;Geprueft
2006-04-30;511,49;Geprueft
2006-05-01;511,49;Geprueft
2006-05-02;511,51;Geprueft
2006-05-03;511,52;Geprueft
2006-05-04;511,53;Geprueft
2006-05-05;511,53;Geprueft
2006-05-06;511,53;Geprueft
2006-05-07;511,53;Geprueft
2006-05-08;511,52;Geprueft
2006-05-09;511,51;Geprueft
2006-05-10;511,50;Geprueft
2006-05-11;511,49;Geprueft
2006-05-12;511,48;Geprueft
2006-05-13;511,47;Geprueft
2006-05-14;511,49;Geprueft
2006-05-15;511,50;Geprueft
2006-05-16;511,49;Geprueft
2006-05-17;511,49;Geprueft
2006-05-18;511,49;Geprueft
2006-05-19;511,49;Geprueft
2006-05-20;511,49;Geprueft
2006-05-21;511,48;Geprueft
2006-05-22;511,48;Geprueft
2006-05-23;511,47;Geprueft
2006-05-24;511,46;Geprueft
2006-05-25;511,46;Geprueft
2006-05-26;511,45;Geprueft
2006-05-27;511,46;Geprueft
2006-05-28;511,48;Geprueft
2006-05-29;511,49;Geprueft
2006-05-30;511,49;Geprueft
2006-05-31;511,51;Geprueft
2006-06-01;511,52;Geprueft
2006-06-02;511,52;Geprueft
2006-06-03;511,52;Geprueft
2006-06-04;511,52;Geprueft
2006-06-05;511,53;Geprueft
2006-06-06;511,53;Geprueft
2006-06-07;511,52;Geprueft
2006-06-08;511,52;Geprueft
2006-06-09;511,51;Geprueft
2006-06-10;511,51;Geprueft
2006-06-11;511,49;Geprueft
2006-06-12;511,48;Geprueft
2006-06-13;511,47;Geprueft
2006-06-14;511,46;Geprueft
2006-06-15;511,45;Geprueft
2006-06-16;511,44;Geprueft
2006-06-17;511,44;Geprueft
2006-06-18;511,43;Geprueft
2006-06-19;511,42;Geprueft
2006-06-20;511,41;Geprueft
2006-06-21;511,39;Geprueft
2006-06-22;511,39;Geprueft
2006-06-23;511,38;Geprueft
2006-06-24;511,36;Geprueft
2006-06-25;511,35;Geprueft
2006-06-26;511,35;Geprueft
2006-06-27;511,35;Geprueft
2006-06-28;511,35;Geprueft
2006-06-29;511,34;Geprueft
2006-06-30;511,34;Geprueft
2006-07-01;511,33;Geprueft
2006-07-02;511,31;Geprueft
2006-07-03;511,30;Geprueft
2006-07-04;511,29;Geprueft
2006-07-05;511,28;Geprueft
2006-07-06;511,28;Geprueft
2006-07-07;511,28;Geprueft
2006-07-08;511,27;Geprueft
2006-07-09;511,26;Geprueft
2006-07-10;511,24;Geprueft
2006-07-11;511,22;Geprueft
2006-07-12;511,20;Geprueft
2006-07-13;511,19;Geprueft
2006-07-14;511,18;Geprueft
2006-07-15;511,18;Geprueft
2006-07-16;511,16;Geprueft
2006-07-17;511,15;Geprueft
2006-07-18;511,14;Geprueft
2006-07-19;511,13;Geprueft
2006-07-20;511,10;Geprueft
2006-07-21;511,09;Geprueft
2006-07-22;511,09;Geprueft
2006-07-23;511,08;Geprueft
2006-07-24;511,09;Geprueft
2006-07-25;511,09;Geprueft
2006-07-26;511,09;Geprueft
2006-07-27;511,09;Geprueft
2006-07-28;511,09;Geprueft
2006-07-29;511,08;Geprueft
2006-07-30;511,08;Geprueft
2006-07-31;511,08;Geprueft
2006-08-01;511,08;Geprueft
2006-08-02;511,08;Geprueft
2006-08-03;511,10;Geprueft
2006-08-04;511,14;Geprueft
2006-08-05;511,14;Geprueft
2006-08-06;511,16;Geprueft
2006-08-07;511,23;Geprueft
2006-08-08;511,23;Geprueft
2006-08-09;511,25;Geprueft
2006-08-10;511,25;Geprueft
2006-08-11;511,27;Geprueft
2006-08-12;511,28;Geprueft
2006-08-13;511,29;Geprueft
2006-08-14;511,30;Geprueft
2006-08-15;511,31;Geprueft
2006-08-16;511,31;Geprueft
2006-08-17;511,31;Geprueft
2006-08-18;511,32;Geprueft
2006-08-19;511,32;Geprueft
2006-08-20;511,33;Geprueft
2006-08-21;511,33;Geprueft
2006-08-22;511,34;Geprueft
2006-08-23;511,34;Geprueft
2006-08-24;511,33;Geprueft
2006-08-25;511,33;Geprueft
2006-08-26;511,33;Geprueft
2006-08-27;511,32;Geprueft
2006-08-28;511,32;Geprueft
2006-08-29;511,32;Geprueft
2006-08-30;511,32;Geprueft
2006-08-31;511,32;Geprueft
2006-09-01;511,31;Geprueft
2006-09-02;511,31;Geprueft
2006-09-03;511,30;Geprueft
2006-09-04;511,29;Geprueft
2006-09-05;511,29;Geprueft
2006-09-06;511,28;Geprueft
2006-09-07;511,28;Geprueft
2006-09-08;511,28;Geprueft
2006-09-09;511,27;Geprueft
2006-09-10;511,27;Geprueft
2006-09-11;511,26;Geprueft
2006-09-12;511,25;Geprueft
2006-09-13;511,24;Geprueft
2006-09-14;511,24;Geprueft
2006-09-15;511,23;Geprueft
2006-09-16;511,23;Geprueft
2006-09-17;511,22;Geprueft
2006-09-18;511,25;Geprueft
2006-09-19;511,35;Geprueft
2006-09-20;511,38;Geprueft
2006-09-21;511,42;Geprueft
2006-09-22;511,44;Geprueft
2006-09-23;511,45;Geprueft
2006-09-24;511,46;Geprueft
2006-09-25;511,46;Geprueft
2006-09-26;511,46;Geprueft
2006-09-27;511,47;Geprueft
2006-09-28;511,47;Geprueft
2006-09-29;511,47;Geprueft
2006-09-30;511,46;Geprueft
2006-10-01;511,46;Geprueft
2006-10-02;511,45;Geprueft
2006-10-03;511,45;Geprueft
2006-10-04;511,46;Geprueft
2006-10-05;511,45;Geprueft
2006-10-06;511,45;Geprueft
2006-10-07;511,44;Geprueft
2006-10-08;511,44;Geprueft
2006-10-09;511,43;Geprueft
2006-10-10;511,44;Geprueft
2006-10-11;511,44;Geprueft
2006-10-12;511,43;Geprueft
2006-10-13;511,43;Geprueft
2006-10-14;511,42;Geprueft
2006-10-15;511,41;Geprueft
2006-10-16;511,40;Geprueft
2006-10-17;511,39;Geprueft
2006-10-18;511,39;Geprueft
2006-10-19;511,38;Geprueft
2006-10-20;511,38;Geprueft
2006-10-21;511,37;Geprueft
2006-10-22;511,36;Geprueft
2006-10-23;511,34;Geprueft
2006-10-24;511,34;Geprueft
2006-10-25;511,33;Geprueft
2006-10-26;511,32;Geprueft
2006-10-27;511,32;Geprueft
2006-10-28;511,30;Geprueft
2006-10-29;511,30;Geprueft
2006-10-30;511,30;Geprueft
2006-10-31;511,29;Geprueft
2006-11-01;511,28;Geprueft
2006-11-02;511,27;Geprueft
2006-11-03;511,26;Geprueft
2006-11-04;511,26;Geprueft
2006-11-05;511,25;Geprueft
2006-11-06;511,25;Geprueft
2006-11-07;511,24;Geprueft
2006-11-08;511,24;Geprueft
2006-11-09;511,22;Geprueft
2006-11-10;511,22;Geprueft
2006-11-11;511,21;Geprueft
2006-11-12;511,21;Geprueft
2006-11-13;511,21;Geprueft
2006-11-14;511,20;Geprueft
2006-11-15;511,19;Geprueft
2006-11-16;511,18;Geprueft
2006-11-17;511,18;Geprueft
2006-11-18;511,17;Geprueft
2006-11-19;511,16;Geprueft
2006-11-20;511,16;Geprueft
2006-11-21;511,15;Geprueft
2006-11-22;511,15;Geprueft
2006-11-23;511,15;Geprueft
2006-11-24;511,14;Geprueft
2006-11-25;511,13;Geprueft
2006-11-26;511,13;Geprueft
2006-11-27;511,12;Geprueft
2006-11-28;511,11;Geprueft
2006-11-29;511,11;Geprueft
2006-11-30;511,10;Geprueft
2006-12-01;511,10;Geprueft
2006-12-02;511,10;Geprueft
2006-12-03;511,09;Geprueft
2006-12-04;511,09;Geprueft
2006-12-05;511,09;Geprueft
2006-12-06;511,09;Geprueft
2006-12-07;511,09;Geprueft
2006-12-08;511,08;Geprueft
2006-12-09;511,07;Geprueft
2006-12-10;511,07;Geprueft
2006-12-11;511,07;Geprueft
2006-12-12;511,06;Geprueft
2006-12-13;511,05;Geprueft
2006-12-14;511,05;Geprueft
2006-12-15;511,05;Geprueft
2006-12-16;511,05;Geprueft
2006-12-17;511,05;Geprueft
2006-12-18;511,05;Geprueft
2006-12-19;511,05;Geprueft
2006-12-20;511,05;Geprueft
2006-12-21;511,05;Geprueft
2006-12-22;511,05;Geprueft
2006-12-23;511,04;Geprueft
2006-12-24;511,03;Geprueft
2006-12-25;511,03;Geprueft
2006-12-26;511,02;Geprueft
2006-12-27;511,02;Geprueft
2006-12-28;511,02;Geprueft
2006-12-29;511,02;Geprueft
2006-12-30;511,01;Geprueft
2006-12-31;511,01;Geprueft
2007-01-01;511,01;Geprueft
2007-01-02;511,00;Geprueft
2007-01-03;511,00;Geprueft
2007-01-04;511,00;Geprueft
2007-01-05;511,00;Geprueft
2007-01-06;511,00;Geprueft
2007-01-07;510,99;Geprueft
2007-01-08;510,99;Geprueft
2007-01-09;510,98;Geprueft
2007-01-10;510,98;Geprueft
2007-01-11;510,98;Geprueft
2007-01-12;510,97;Geprueft
2007-01-13;510,97;Geprueft
2007-01-14;510,97;Geprueft
2007-01-15;510,97;Geprueft
2007-01-16;510,97;Geprueft
2007-01-17;510,97;Geprueft
2007-01-18;510,97;Geprueft
2007-01-19;510,97;Geprueft
2007-01-20;510,97;Geprueft
2007-01-21;510,97;Geprueft
2007-01-22;510,97;Geprueft
2007-01-23;510,96;Geprueft
2007-01-24;510,96;Geprueft
2007-01-25;510,96;Geprueft
2007-01-26;510,96;Geprueft
2007-01-27;510,95;Geprueft
2007-01-28;510,95;Geprueft
2007-01-29;510,95;Geprueft
2007-01-30;510,95;Geprueft
2007-01-31;510,95;Geprueft
2007-02-01;510,95;Geprueft
2007-02-02;510,95;Geprueft
2007-02-03;510,95;Geprueft
2007-02-04;510,95;Geprueft
2007-02-05;510,95;Geprueft
2007-02-06;510,95;Geprueft
2007-02-07;510,97;Geprueft
2007-02-08;510,98;Geprueft
2007-02-09;510,98;Geprueft
2007-02-10;510,98;Geprueft
2007-02-11;510,98;Geprueft
2007-02-12;511,00;Geprueft
2007-02-13;511,00;Geprueft
2007-02-14;511,00;Geprueft
2007-02-15;511,03;Geprueft
2007-02-16;511,04;Geprueft
2007-02-17;511,05;Geprueft
2007-02-18;511,06;Geprueft
2007-02-19;511,06;Geprueft
2007-02-20;511,07;Geprueft
2007-02-21;511,07;Geprueft
2007-02-22;511,07;Geprueft
2007-02-23;511,07;Geprueft
2007-02-24;511,07;Geprueft
2007-02-25;511,07;Geprueft
2007-02-26;511,07;Geprueft
2007-02-27;511,07;Geprueft
2007-02-28;511,07;Geprueft
2007-03-01;511,07;Geprueft
2007-03-02;511,07;Geprueft
2007-03-03;511,07;Geprueft
2007-03-04;511,08;Geprueft
2007-03-05;511,08;Geprueft
2007-03-06;511,08;Geprueft
2007-03-07;511,08;Geprueft
2007-03-08;511,08;Geprueft
2007-03-09;511,08;Geprueft
2007-03-10;511,08;Geprueft
2007-03-11;511,08;Geprueft
2007-03-12;511,08;Geprueft
2007-03-13;511,08;Geprueft
2007-03-14;511,07;Geprueft
2007-03-15;511,07;Geprueft
2007-03-16;511,06;Geprueft
2007-03-17;511,06;Geprueft
2007-03-18;511,05;Geprueft
2007-03-19;511,05;Geprueft
2007-03-20;511,04;Geprueft
2007-03-21;511,04;Geprueft
2007-03-22;511,03;Geprueft
2007-03-23;511,02;Geprueft
2007-03-24;511,02;Geprueft
2007-03-25;511,02;Geprueft
2007-03-26;511,01;Geprueft
2007-03-27;511,01;Geprueft
2007-03-28;511,00;Geprueft
2007-03-29;510,99;Geprueft
2007-03-30;510,99;Geprueft
2007-03-31;510,98;Geprueft
2007-04-01;510,97;Geprueft
2007-04-02;510,96;Geprueft
2007-04-03;510,96;Geprueft
2007-04-04;510,95;Geprueft
2007-04-05;510,95;Geprueft
2007-04-06;510,94;Geprueft
2007-04-07;510,94;Geprueft
2007-04-08;510,93;Geprueft
2007-04-09;510,93;Geprueft
2007-04-10;510,92;Geprueft
2007-04-11;510,92;Geprueft
2007-04-12;510,91;Geprueft
2007-04-13;510,91;Geprueft
2007-04-14;510,89;Geprueft
2007-04-15;510,89;Geprueft
2007-04-16;510,88;Geprueft
2007-04-17;510,87;Geprueft
2007-04-18;510,86;Geprueft
2007-04-19;510,86;Geprueft
2007-04-20;510,85;Geprueft
2007-04-21;510,85;Geprueft
2007-04-22;510,84;Geprueft
2007-04-23;510,84;Geprueft
2007-04-24;510,83;Geprueft
2007-04-25;510,83;Geprueft
2007-04-26;510,83;Geprueft
2007-04-27;510,81;Geprueft
2007-04-28;510,81;Geprueft
2007-04-29;510,79;Geprueft
2007-04-30;510,79;Geprueft
2007-05-01;510,78;Geprueft
2007-05-02;510,77;Geprueft
2007-05-03;510,77;Geprueft
2007-05-04;510,76;Geprueft
2007-05-05;510,76;Geprueft
2007-05-06;510,76;Geprueft
2007-05-07;510,76;Geprueft
2007-05-08;510,76;Geprueft
2007-05-09;510,80;Geprueft
2007-05-10;510,82;Geprueft
2007-05-11;510,81;Geprueft
2007-05-12;510,80;Geprueft
2007-05-13;510,80;Geprueft
2007-05-14;510,80;Geprueft
2007-05-15;510,80;Geprueft
2007-05-16;510,80;Geprueft
2007-05-17;510,80;Geprueft
2007-05-18;510,80;Geprueft
2007-05-19;510,79;Geprueft
2007-05-20;510,78;Geprueft
2007-05-21;510,78;Geprueft
2007-05-22;510,77;Geprueft
2007-05-23;510,76;Geprueft
2007-05-24;510,76;Geprueft
2007-05-25;510,75;Geprueft
2007-05-26;510,75;Geprueft
2007-05-27;510,74;Geprueft
2007-05-28;510,75;Geprueft
2007-05-29;510,80;Geprueft
2007-05-30;510,84;Geprueft
2007-05-31;510,85;Geprueft
2007-06-01;510,87;Geprueft
2007-06-02;510,89;Geprueft
2007-06-03;510,89;Geprueft
2007-06-04;510,89;Geprueft
2007-06-05;510,89;Geprueft
2007-06-06;510,89;Geprueft
2007-06-07;510,88;Geprueft
2007-06-08;510,87;Geprueft
2007-06-09;510,87;Geprueft
2007-06-10;510,86;Geprueft
2007-06-11;510,85;Geprueft
2007-06-12;510,85;Geprueft
2007-06-13;510,86;Geprueft
2007-06-14;510,86;Geprueft
2007-06-15;510,86;Geprueft
2007-06-16;510,87;Geprueft
2007-06-17;510,87;Geprueft
2007-06-18;510,87;Geprueft
2007-06-19;510,86;Geprueft
2007-06-20;510,85;Geprueft
2007-06-21;510,84;Geprueft
2007-06-22;510,84;Geprueft
2007-06-23;510,84;Geprueft
2007-06-24;510,83;Geprueft
2007-06-25;510,83;Geprueft
2007-06-26;510,84;Geprueft
2007-06-27;510,83;Geprueft
2007-06-28;510,82;Geprueft
2007-06-29;510,82;Geprueft
2007-06-30;510,81;Geprueft
2007-07-01;510,80;Geprueft
2007-07-02;510,80;Geprueft
2007-07-03;510,81;Geprueft
2007-07-04;510,83;Geprueft
2007-07-05;510,83;Geprueft
2007-07-06;510,83;Geprueft
2007-07-07;510,83;Geprueft
2007-07-08;510,83;Geprueft
2007-07-09;510,84;Geprueft
2007-07-10;510,86;Geprueft
2007-07-11;510,85;Geprueft
2007-07-12;510,86;Geprueft
2007-07-13;510,86;Geprueft
2007-07-14;510,87;Geprueft
2007-07-15;510,87;Geprueft
2007-07-16;510,87;Geprueft
2007-07-17;510,87;Geprueft
2007-07-18;510,87;Geprueft
2007-07-19;510,86;Geprueft
2007-07-20;510,86;Geprueft
2007-07-21;510,89;Geprueft
2007-07-22;510,97;Geprueft
2007-07-23;511,00;Geprueft
2007-07-24;511,04;Geprueft
2007-07-25;511,06;Geprueft
2007-07-26;511,07;Geprueft
2007-07-27;511,07;Geprueft
2007-07-28;511,07;Geprueft
2007-07-29;511,07;Geprueft
2007-07-30;511,08;Geprueft
2007-07-31;511,08;Geprueft
2007-08-01;511,07;Geprueft
2007-08-02;511,06;Geprueft
2007-08-03;511,05;Geprueft
2007-08-04;511,04;Geprueft
2007-08-05;511,03;Geprueft
2007-08-06;511,02;Geprueft
2007-08-07;511,01;Geprueft
2007-08-08;511,01;Geprueft
2007-08-09;511,01;Geprueft
2007-08-10;511,01;Geprueft
2007-08-11;511,00;Geprueft
2007-08-12;511,01;Geprueft
2007-08-13;511,00;Geprueft
2007-08-14;510,99;Geprueft
2007-08-15;510,98;Geprueft
2007-08-16;510,98;Geprueft
2007-08-17;510,99;Geprueft
2007-08-18;510,99;Geprueft
2007-08-19;510,98;Geprueft
2007-08-20;510,97;Geprueft
2007-08-21;510,97;Geprueft
2007-08-22;510,97;Geprueft
2007-08-23;510,97;Geprueft
2007-08-24;510,97;Geprueft
2007-08-25;510,96;Geprueft
2007-08-26;510,95;Geprueft
2007-08-27;510,94;Geprueft
2007-08-28;510,93;Geprueft
2007-08-29;510,94;Geprueft
2007-08-30;510,94;Geprueft
2007-08-31;510,93;Geprueft
2007-09-01;510,93;Geprueft
2007-09-02;510,92;Geprueft
2007-09-03;510,92;Geprueft
2007-09-04;510,92;Geprueft
2007-09-05;510,93;Geprueft
2007-09-06;510,95;Geprueft
2007-09-07;511,01;Geprueft
2007-09-08;511,08;Geprueft
2007-09-09;511,13;Geprueft
2007-09-10;511,15;Geprueft
2007-09-11;511,17;Geprueft
2007-09-12;511,17;Geprueft
2007-09-13;511,17;Geprueft
2007-09-14;511,17;Geprueft
2007-09-15;511,17;Geprueft
2007-09-16;511,17;Geprueft
2007-09-17;511,16;Geprueft
2007-09-18;511,16;Geprueft
2007-09-19;511,16;Geprueft
2007-09-20;511,15;Geprueft
2007-09-21;511,14;Geprueft
2007-09-22;511,13;Geprueft
2007-09-23;511,12;Geprueft
2007-09-24;511,11;Geprueft
2007-09-25;511,10;Geprueft
2007-09-26;511,10;Geprueft
2007-09-27;511,12;Geprueft
2007-09-28;511,15;Geprueft
2007-09-29;511,19;Geprueft
2007-09-30;511,23;Geprueft
2007-10-01;511,26;Geprueft
2007-10-02;511,27;Geprueft
2007-10-03;511,28;Geprueft
2007-10-04;511,28;Geprueft
2007-10-05;511,28;Geprueft
2007-10-06;511,27;Geprueft
2007-10-07;511,26;Geprueft
2007-10-08;511,25;Geprueft
2007-10-09;511,25;Geprueft
2007-10-10;511,24;Geprueft
2007-10-11;511,23;Geprueft
2007-10-12;511,22;Geprueft
2007-10-13;511,20;Geprueft
2007-10-14;511,19;Geprueft
2007-10-15;511,18;Geprueft
2007-10-16;511,17;Geprueft
2007-10-17;511,16;Geprueft
2007-10-18;511,16;Geprueft
2007-10-19;511,15;Geprueft
2007-10-20;511,14;Geprueft
2007-10-21;511,13;Geprueft
2007-10-22;511,13;Geprueft
2007-10-23;511,12;Geprueft
2007-10-24;511,11;Geprueft
2007-10-25;511,10;Geprueft
2007-10-26;511,10;Geprueft
2007-10-27;511,09;Geprueft
2007-10-28;511,08;Geprueft
2007-10-29;511,07;Geprueft
2007-10-30;511,06;Geprueft
2007-10-31;511,05;Geprueft
2007-11-01;511,04;Geprueft
2007-11-02;511,03;Geprueft
2007-11-03;511,03;Geprueft
2007-11-04;511,02;Geprueft
2007-11-05;511,01;Geprueft
2007-11-06;511,01;Geprueft
2007-11-07;511,01;Geprueft
2007-11-08;511,01;Geprueft
2007-11-09;511,00;Geprueft
2007-11-10;511,00;Geprueft
2007-11-11;511,01;Geprueft
2007-11-12;511,03;Geprueft
2007-11-13;511,03;Geprueft
2007-11-14;511,04;Geprueft
2007-11-15;511,06;Geprueft
2007-11-16;511,07;Geprueft
2007-11-17;511,07;Geprueft
2007-11-18;511,07;Geprueft
2007-11-19;511,07;Geprueft
2007-11-20;511,07;Geprueft
2007-11-21;511,07;Geprueft
2007-11-22;511,07;Geprueft
2007-11-23;511,07;Geprueft
2007-11-24;511,07;Geprueft
2007-11-25;511,07;Geprueft
2007-11-26;511,07;Geprueft
2007-11-27;511,07;Geprueft
2007-11-28;511,06;Geprueft
2007-11-29;511,06;Geprueft
2007-11-30;511,05;Geprueft
2007-12-01;511,05;Geprueft
2007-12-02;511,05;Geprueft
2007-12-03;511,05;Geprueft
2007-12-04;511,05;Geprueft
2007-12-05;511,05;Geprueft
2007-12-06;511,05;Geprueft
2007-12-07;511,05;Geprueft
2007-12-08;511,05;Geprueft
2007-12-09;511,05;Geprueft
2007-12-10;511,05;Geprueft
2007-12-11;511,05;Geprueft
2007-12-12;511,06;Geprueft
2007-12-13;511,07;Geprueft
2007-12-14;511,07;Geprueft
2007-12-15;511,08;Geprueft
2007-12-16;511,09;Geprueft
2007-12-17;511,09;Geprueft
2007-12-18;511,10;Geprueft
2007-12-19;511,10;Geprueft
2007-12-20;511,10;Geprueft
2007-12-21;511,10;Geprueft
2007-12-22;511,10;Geprueft
2007-12-23;511,10;Geprueft
2007-12-24;511,10;Geprueft
2007-12-25;511,10;Geprueft
2007-12-26;511,10;Geprueft
2007-12-27;511,10;Geprueft
2007-12-28;511,09;Geprueft
2007-12-29;511,09;Geprueft
2007-12-30;511,09;Geprueft
2007-12-31;511,09;Geprueft
2008-01-01;511,09;Geprueft
2008-01-02;511,08;Geprueft
2008-01-03;511,08;Geprueft
2008-01-04;511,07;Geprueft
2008-01-05;511,07;Geprueft
2008-01-06;511,06;Geprueft
2008-01-07;511,06;Geprueft
2008-01-08;511,06;Geprueft
2008-01-09;511,06;Geprueft
2008-01-10;511,06;Geprueft
2008-01-11;511,06;Geprueft
2008-01-12;511,06;Geprueft
2008-01-13;511,06;Geprueft
2008-01-14;511,05;Geprueft
2008-01-15;511,05;Geprueft
2008-01-16;511,04;Geprueft
2008-01-17;511,04;Geprueft
2008-01-18;511,03;Geprueft
2008-01-19;511,03;Geprueft
2008-01-20;511,03;Geprueft
2008-01-21;511,03;Geprueft
2008-01-22;511,03;Geprueft
2008-01-23;511,03;Geprueft
2008-01-24;511,03;Geprueft
2008-01-25;511,03;Geprueft
2008-01-26;511,03;Geprueft
2008-01-27;511,03;Geprueft
2008-01-28;511,03;Geprueft
2008-01-29;511,03;Geprueft
2008-01-30;511,03;Geprueft
2008-01-31;511,03;Geprueft
2008-02-01;511,03;Geprueft
2008-02-02;511,02;Geprueft
2008-02-03;511,02;Geprueft
2008-02-04;511,02;Geprueft
2008-02-05;511,02;Geprueft
2008-02-06;511,02;Geprueft
2008-02-07;511,02;Geprueft
2008-02-08;511,02;Geprueft
2008-02-09;511,01;Geprueft
2008-02-10;511,01;Geprueft
2008-02-11;511,01;Geprueft
2008-02-12;511,00;Geprueft
2008-02-13;510,99;Geprueft
2008-02-14;510,99;Geprueft
2008-02-15;510,99;Geprueft
2008-02-16;510,98;Geprueft
2008-02-17;510,98;Geprueft
2008-02-18;510,98;Geprueft
2008-02-19;510,98;Geprueft
2008-02-20;510,98;Geprueft
2008-02-21;510,97;Geprueft
2008-02-22;510,97;Geprueft
2008-02-23;510,96;Geprueft
2008-02-24;510,96;Geprueft
2008-02-25;510,96;Geprueft
2008-02-26;510,95;Geprueft
2008-02-27;510,95;Geprueft
2008-02-28;510,95;Geprueft
2008-02-29;510,95;Geprueft
2008-03-01;510,95;Geprueft
2008-03-02;510,95;Geprueft
2008-03-03;510,95;Geprueft
2008-03-04;510,95;Geprueft
2008-03-05;510,95;Geprueft
2008-03-06;510,95;Geprueft
2008-03-07;510,94;Geprueft
2008-03-08;510,94;Geprueft
2008-03-09;510,94;Geprueft
2008-03-10;510,93;Geprueft
2008-03-11;510,93;Geprueft
2008-03-12;510,93;Geprueft
2008-03-13;510,93;Geprueft
2008-03-14;510,93;Geprueft
2008-03-15;510,94;Geprueft
2008-03-16;510,94;Geprueft
2008-03-17;510,94;Geprueft
2008-03-18;510,95;Geprueft
2008-03-19;510,95;Geprueft
2008-03-20;510,95;Geprueft
2008-03-21;510,95;Geprueft
2008-03-22;510,96;Geprueft
2008-03-23;510,96;Geprueft
2008-03-24;510,96;Geprueft
2008-03-25;510,96;Geprueft
2008-03-26;510,96;Geprueft
2008-03-27;510,96;Geprueft
2008-03-28;510,96;Geprueft
2008-03-29;510,96;Geprueft
2008-03-30;510,96;Geprueft
2008-03-31;510,96;Geprueft
2008-04-01;510,96;Geprueft
2008-04-02;510,96;Geprueft
2008-04-03;510,96;Geprueft
2008-04-04;510,96;Geprueft
2008-04-05;510,96;Geprueft
2008-04-06;510,96;Geprueft
2008-04-07;510,96;Geprueft
2008-04-08;510,96;Geprueft
2008-04-09;510,96;Geprueft
2008-04-10;510,96;Geprueft
2008-04-11;510,96;Geprueft
2008-04-12;510,96;Geprueft
2008-04-13;510,96;Geprueft
2008-04-14;510,96;Geprueft
2008-04-15;510,95;Geprueft
2008-04-16;510,95;Geprueft
2008-04-17;510,95;Geprueft
2008-04-18;510,95;Geprueft
2008-04-19;510,95;Geprueft
2008-04-20;510,95;Geprueft
2008-04-21;510,94;Geprueft
2008-04-22;511,00;Geprueft
2008-04-23;511,00;Geprueft
2008-04-24;511,01;Geprueft
2008-04-25;511,03;Geprueft
2008-04-26;511,04;Geprueft
2008-04-27;511,05;Geprueft
2008-04-28;511,06;Geprueft
2008-04-29;511,09;Geprueft
2008-04-30;511,11;Geprueft
2008-05-01;511,13;Geprueft
2008-05-02;511,14;Geprueft
2008-05-03;511,16;Geprueft
2008-05-04;511,16;Geprueft
2008-05-05;511,17;Geprueft
2008-05-06;511,17;Geprueft
2008-05-07;511,18;Geprueft
2008-05-08;511,18;Geprueft
2008-05-09;511,18;Geprueft
2008-05-10;511,18;Geprueft
2008-05-11;511,18;Geprueft
2008-05-12;511,18;Geprueft
2008-05-13;511,17;Geprueft
2008-05-14;511,17;Geprueft
2008-05-15;511,16;Geprueft
2008-05-16;511,18;Geprueft
2008-05-17;511,18;Geprueft
2008-05-18;511,18;Geprueft
2008-05-19;511,18;Geprueft
2008-05-20;511,18;Geprueft
2008-05-21;511,18;Geprueft
2008-05-22;511,18;Geprueft
2008-05-23;511,18;Geprueft
2008-05-24;511,18;Geprueft
2008-05-25;511,18;Geprueft
2008-05-26;511,18;Geprueft
2008-05-27;511,18;Geprueft
2008-05-28;511,17;Geprueft
2008-05-29;511,17;Geprueft
2008-05-30;511,16;Geprueft
2008-05-31;511,15;Geprueft
2008-06-01;511,14;Geprueft
2008-06-02;511,14;Geprueft
2008-06-03;511,14;Geprueft
2008-06-04;511,14;Geprueft
2008-06-05;511,17;Geprueft
2008-06-06;511,17;Geprueft
2008-06-07;511,25;Geprueft
2008-06-08;511,33;Geprueft
2008-06-09;511,41;Geprueft
2008-06-10;511,47;Geprueft
2008-06-11;511,51;Geprueft
2008-06-12;511,54;Geprueft
2008-06-13;511,57;Geprueft
2008-06-14;511,58;Geprueft
2008-06-15;511,58;Geprueft
2008-06-16;511,59;Geprueft
2008-06-17;511,59;Geprueft
2008-06-18;511,60;Geprueft
2008-06-19;511,60;Geprueft
2008-06-20;511,60;Geprueft
2008-06-21;511,59;Geprueft
2008-06-22;511,58;Geprueft
2008-06-23;511,57;Geprueft
2008-06-24;511,57;Geprueft
2008-06-25;511,56;Geprueft
2008-06-26;511,55;Geprueft
2008-06-27;511,55;Geprueft
2008-06-28;511,54;Geprueft
2008-06-29;511,53;Geprueft
2008-06-30;511,53;Geprueft
2008-07-01;511,53;Geprueft
2008-07-02;511,52;Geprueft
2008-07-03;511,51;Geprueft
2008-07-04;511,50;Geprueft
2008-07-05;511,49;Geprueft
2008-07-06;511,48;Geprueft
2008-07-07;511,46;Geprueft
2008-07-08;511,46;Geprueft
2008-07-09;511,45;Geprueft
2008-07-10;511,44;Geprueft
2008-07-11;511,41;Geprueft
2008-07-12;511,42;Geprueft
2008-07-13;511,43;Geprueft
2008-07-14;511,47;Geprueft
2008-07-15;511,49;Geprueft
2008-07-16;511,50;Geprueft
2008-07-17;511,54;Geprueft
2008-07-18;511,55;Geprueft
2008-07-19;511,55;Geprueft
2008-07-20;511,55;Geprueft
2008-07-21;511,55;Geprueft
2008-07-22;511,55;Geprueft
2008-07-23;511,55;Geprueft
2008-07-24;511,55;Geprueft
2008-07-25;511,54;Geprueft
2008-07-26;511,53;Geprueft
2008-07-27;511,52;Geprueft
2008-07-28;511,51;Geprueft
2008-07-29;511,49;Geprueft
2008-07-30;511,49;Geprueft
2008-07-31;511,48;Geprueft
2008-08-01;511,47;Geprueft
2008-08-02;511,47;Geprueft
2008-08-03;511,47;Geprueft
2008-08-04;511,45;Geprueft
2008-08-05;511,45;Geprueft
2008-08-06;511,44;Geprueft
2008-08-07;511,43;Geprueft
2008-08-08;511,43;Geprueft
2008-08-09;511,42;Geprueft
2008-08-10;511,42;Geprueft
2008-08-11;511,42;Geprueft
2008-08-12;511,43;Geprueft
2008-08-13;511,42;Geprueft
2008-08-14;511,42;Geprueft
2008-08-15;511,45;Geprueft
2008-08-16;511,45;Geprueft
2008-08-17;511,47;Geprueft
2008-08-18;511,47;Geprueft
2008-08-19;511,48;Geprueft
2008-08-20;511,49;Geprueft
2008-08-21;511,49;Geprueft
2008-08-22;511,49;Geprueft
2008-08-23;511,50;Geprueft
2008-08-24;511,50;Geprueft
2008-08-25;511,50;Geprueft
2008-08-26;511,50;Geprueft
2008-08-27;511,49;Geprueft
2008-08-28;511,49;Geprueft
2008-08-29;511,49;Geprueft
2008-08-30;511,48;Geprueft
2008-08-31;511,48;Geprueft
2008-09-01;511,47;Geprueft
2008-09-02;511,46;Geprueft
2008-09-03;511,46;Geprueft
2008-09-04;511,46;Geprueft
2008-09-05;511,46;Geprueft
2008-09-06;511,46;Geprueft
2008-09-07;511,45;Geprueft
2008-09-08;511,44;Geprueft
2008-09-09;511,44;Geprueft
2008-09-10;511,43;Geprueft
2008-09-11;511,42;Geprueft
2008-09-12;511,42;Geprueft
2008-09-13;511,42;Geprueft
2008-09-14;511,42;Geprueft
2008-09-15;511,42;Geprueft
2008-09-16;511,42;Geprueft
2008-09-17;511,42;Geprueft
2008-09-18;511,42;Geprueft
2008-09-19;511,41;Geprueft
2008-09-20;511,40;Geprueft
2008-09-21;511,40;Geprueft
2008-09-22;511,39;Geprueft
2008-09-23;511,38;Geprueft
2008-09-24;511,38;Geprueft
2008-09-25;511,38;Geprueft
2008-09-26;511,38;Geprueft
2008-09-27;511,36;Geprueft
2008-09-28;511,36;Geprueft
2008-09-29;511,35;Geprueft
2008-09-30;511,35;Geprueft
2008-10-01;511,34;Geprueft
2008-10-02;511,34;Geprueft
2008-10-03;511,33;Geprueft
2008-10-04;511,33;Geprueft
2008-10-05;511,33;Geprueft
2008-10-06;511,32;Geprueft
2008-10-07;511,31;Geprueft
2008-10-08;511,31;Geprueft
2008-10-09;511,30;Geprueft
2008-10-10;511,30;Geprueft
2008-10-11;511,29;Geprueft
2008-10-12;511,29;Geprueft
2008-10-13;511,28;Geprueft
2008-10-14;511,27;Geprueft
2008-10-15;511,27;Geprueft
2008-10-16;511,26;Geprueft
2008-10-17;511,26;Geprueft
2008-10-18;511,26;Geprueft
2008-10-19;511,26;Geprueft
2008-10-20;511,26;Geprueft
2008-10-21;511,26;Geprueft
2008-10-22;511,25;Geprueft
2008-10-23;511,25;Geprueft
2008-10-24;511,24;Geprueft
2008-10-25;511,24;Geprueft
2008-10-26;511,24;Geprueft
2008-10-27;511,23;Geprueft
2008-10-28;511,23;Geprueft
2008-10-29;511,23;Geprueft
2008-10-30;511,23;Geprueft
2008-10-31;511,23;Geprueft
2008-11-01;511,23;Geprueft
2008-11-02;511,22;Geprueft
2008-11-03;511,22;Geprueft
2008-11-04;511,22;Geprueft
2008-11-05;511,21;Geprueft
2008-11-06;511,21;Geprueft
2008-11-07;511,21;Geprueft
2008-11-08;511,21;Geprueft
2008-11-09;511,21;Geprueft
2008-11-10;511,20;Geprueft
2008-11-11;511,20;Geprueft
2008-11-12;511,20;Geprueft
2008-11-13;511,20;Geprueft
2008-11-14;511,20;Geprueft
2008-11-15;511,20;Geprueft
2008-11-16;511,20;Geprueft
2008-11-17;511,20;Geprueft
2008-11-18;511,20;Geprueft
2008-11-19;511,19;Geprueft
2008-11-20;511,19;Geprueft
2008-11-21;511,20;Geprueft
2008-11-22;511,21;Geprueft
2008-11-23;511,21;Geprueft
2008-11-24;511,22;Geprueft
2008-11-25;511,23;Geprueft
2008-11-26;511,24;Geprueft
2008-11-27;511,24;Geprueft
2008-11-28;511,24;Geprueft
2008-11-29;511,24;Geprueft
2008-11-30;511,24;Geprueft
2008-12-01;511,24;Geprueft
2008-12-02;511,24;Geprueft
2008-12-03;511,23;Geprueft
2008-12-04;511,23;Geprueft
2008-12-05;511,22;Geprueft
2008-12-06;511,22;Geprueft
2008-12-07;511,22;Geprueft
2008-12-08;511,21;Geprueft
2008-12-09;511,21;Geprueft
2008-12-10;511,21;Geprueft
2008-12-11;511,20;Geprueft
2008-12-12;511,19;Geprueft
2008-12-13;511,19;Geprueft
2008-12-14;511,19;Geprueft
2008-12-15;511,18;Geprueft
2008-12-16;511,18;Geprueft
2008-12-17;511,18;Geprueft
2008-12-18;511,18;Geprueft
2008-12-19;511,17;Geprueft
2008-12-20;511,17;Geprueft
2008-12-21;511,17;Geprueft
2008-12-22;511,17;Geprueft
2008-12-23;511,17;Geprueft
2008-12-24;511,18;Geprueft
2008-12-25;511,19;Geprueft
2008-12-26;511,20;Geprueft
2008-12-27;511,21;Geprueft
2008-12-28;511,22;Geprueft
2008-12-29;511,22;Geprueft
2008-12-30;511,22;Geprueft
2008-12-31;511,22;Geprueft
2009-01-01;511,22;Geprueft
2009-01-02;511,22;Geprueft
2009-01-03;511,22;Geprueft
2009-01-04;511,22;Geprueft
2009-01-05;511,22;Geprueft
2009-01-06;511,21;Geprueft
2009-01-07;511,21;Geprueft
2009-01-08;511,20;Geprueft
2009-01-09;511,20;Geprueft
2009-01-10;511,19;Geprueft
2009-01-11;511,19;Geprueft
2009-01-12;511,18;Geprueft
2009-01-13;511,18;Geprueft
2009-01-14;511,17;Geprueft
2009-01-15;511,17;Geprueft
2009-01-16;511,17;Geprueft
2009-01-17;511,17;Geprueft
2009-01-18;511,16;Geprueft
2009-01-19;511,16;Geprueft
2009-01-20;511,16;Geprueft
2009-01-21;511,16;Geprueft
2009-01-22;511,16;Geprueft
2009-01-23;511,15;Geprueft
2009-01-24;511,15;Geprueft
2009-01-25;511,15;Geprueft
2009-01-26;511,15;Geprueft
2009-01-27;511,15;Geprueft
2009-01-28;511,14;Geprueft
2009-01-29;511,13;Geprueft
2009-01-30;511,13;Geprueft
2009-01-31;511,13;Geprueft
2009-02-01;511,12;Geprueft
2009-02-02;511,12;Geprueft
2009-02-03;511,11;Geprueft
2009-02-04;511,11;Geprueft
2009-02-05;511,11;Geprueft
2009-02-06;511,10;Geprueft
2009-02-07;511,10;Geprueft
2009-02-08;511,10;Geprueft
2009-02-09;511,10;Geprueft
2009-02-10;511,10;Geprueft
2009-02-11;511,11;Geprueft
2009-02-12;511,11;Geprueft
2009-02-13;511,11;Geprueft
2009-02-14;511,11;Geprueft
2009-02-15;511,11;Geprueft
2009-02-16;511,10;Geprueft
2009-02-17;511,10;Geprueft
2009-02-18;511,09;Geprueft
2009-02-19;511,09;Geprueft
2009-02-20;511,09;Geprueft
2009-02-21;511,09;Geprueft
2009-02-22;511,09;Geprueft
2009-02-23;511,09;Geprueft
2009-02-24;511,09;Geprueft
2009-02-25;511,09;Geprueft
2009-02-26;511,10;Geprueft
2009-02-27;511,12;Geprueft
2009-02-28;511,21;Geprueft
2009-03-01;511,27;Geprueft
2009-03-02;511,28;Geprueft
2009-03-03;511,30;Geprueft
2009-03-04;511,31;Geprueft
2009-03-05;511,33;Geprueft
2009-03-06;511,35;Geprueft
2009-03-07;511,37;Geprueft
2009-03-08;511,38;Geprueft
2009-03-09;511,40;Geprueft
2009-03-10;511,42;Geprueft
2009-03-11;511,45;Geprueft
2009-03-12;511,47;Geprueft
2009-03-13;511,51;Geprueft
2009-03-14;511,55;Geprueft
2009-03-15;511,60;Geprueft
2009-03-16;511,63;Geprueft
2009-03-17;511,65;Geprueft
2009-03-18;511,66;Geprueft
2009-03-19;511,66;Geprueft
2009-03-20;511,66;Geprueft
2009-03-21;511,66;Geprueft
2009-03-22;511,66;Geprueft
2009-03-23;511,65;Geprueft
2009-03-24;511,65;Geprueft
2009-03-25;511,65;Geprueft
2009-03-26;511,65;Geprueft
2009-03-27;511,65;Geprueft
2009-03-28;511,65;Geprueft
2009-03-29;511,65;Geprueft
2009-03-30;511,66;Geprueft
2009-03-31;511,67;Geprueft
2009-04-01;511,69;Geprueft
2009-04-02;511,71;Geprueft
2009-04-03;511,71;Geprueft
2009-04-04;511,71;Geprueft
2009-04-05;511,72;Geprueft
2009-04-06;511,72;Geprueft
2009-04-07;511,72;Geprueft
2009-04-08;511,72;Geprueft
2009-04-09;511,72;Geprueft
2009-04-10;511,70;Geprueft
2009-04-11;511,70;Geprueft
2009-04-12;511,69;Geprueft
2009-04-13;511,68;Geprueft
2009-04-14;511,68;Geprueft
2009-04-15;511,66;Geprueft
2009-04-16;511,66;Geprueft
2009-04-17;511,65;Geprueft
2009-04-18;511,65;Geprueft
2009-04-19;511,64;Geprueft
2009-04-20;511,62;Geprueft
2009-04-21;511,62;Geprueft
2009-04-22;511,59;Geprueft
2009-04-23;511,57;Geprueft
2009-04-24;511,56;Geprueft
2009-04-25;511,56;Geprueft
2009-04-26;511,55;Geprueft
2009-04-27;511,54;Geprueft
2009-04-28;511,54;Geprueft
2009-04-29;511,54;Geprueft
2009-04-30;511,54;Geprueft
2009-05-01;511,53;Geprueft
2009-05-02;511,53;Geprueft
2009-05-03;511,53;Geprueft
2009-05-04;511,52;Geprueft
2009-05-05;511,52;Geprueft
2009-05-06;511,52;Geprueft
2009-05-07;511,50;Geprueft
2009-05-08;511,50;Geprueft
2009-05-09;511,49;Geprueft
2009-05-10;511,49;Geprueft
2009-05-11;511,48;Geprueft
2009-05-12;511,47;Geprueft
2009-05-13;511,47;Geprueft
2009-05-14;511,47;Geprueft
2009-05-15;511,46;Geprueft
2009-05-16;511,46;Geprueft
2009-05-17;511,45;Geprueft
2009-05-18;511,45;Geprueft
2009-05-19;511,45;Geprueft
2009-05-20;511,44;Geprueft
2009-05-21;511,43;Geprueft
2009-05-22;511,43;Geprueft
2009-05-23;511,43;Geprueft
2009-05-24;511,43;Geprueft
2009-05-25;511,42;Geprueft
2009-05-26;511,41;Geprueft
2009-05-27;511,42;Geprueft
2009-05-28;511,42;Geprueft
2009-05-29;511,42;Geprueft
2009-05-30;511,41;Geprueft
2009-05-31;511,41;Geprueft
2009-06-01;511,39;Geprueft
2009-06-02;511,39;Geprueft
2009-06-03;511,38;Geprueft
2009-06-04;511,37;Geprueft
2009-06-05;511,37;Geprueft
2009-06-06;511,35;Geprueft
2009-06-07;511,36;Geprueft
2009-06-08;511,38;Geprueft
2009-06-09;511,38;Geprueft
2009-06-10;511,37;Geprueft
2009-06-11;511,37;Geprueft
2009-06-12;511,36;Geprueft
2009-06-13;511,35;Geprueft
2009-06-14;511,34;Geprueft
2009-06-15;511,33;Geprueft
2009-06-16;511,34;Geprueft
2009-06-17;511,34;Geprueft
2009-06-18;511,34;Geprueft
2009-06-19;511,34;Geprueft
2009-06-20;511,35;Geprueft
2009-06-21;511,35;Geprueft
2009-06-22;511,35;Geprueft
2009-06-23;511,40;Geprueft
2009-06-24;511,52;Geprueft
2009-06-25;511,62;Geprueft
2009-06-26;511,69;Geprueft
2009-06-27;511,76;Geprueft
2009-06-28;511,80;Geprueft
2009-06-29;511,85;Geprueft
2009-06-30;511,88;Geprueft
2009-07-01;511,91;Geprueft
2009-07-02;511,91;Geprueft
2009-07-03;511,92;Geprueft
2009-07-04;511,91;Geprueft
2009-07-05;511,92;Geprueft
2009-07-06;511,96;Geprueft
2009-07-07;512,05;Geprueft
2009-07-08;512,11;Geprueft
2009-07-09;512,13;Geprueft
2009-07-10;512,14;Geprueft
2009-07-11;512,14;Geprueft
2009-07-12;512,13;Geprueft
2009-07-13;512,12;Geprueft
2009-07-14;512,10;Geprueft
2009-07-15;512,08;Geprueft
2009-07-16;512,06;Geprueft
2009-07-17;512,04;Geprueft
2009-07-18;512,04;Geprueft
2009-07-19;512,06;Geprueft
2009-07-20;512,05;Geprueft
2009-07-21;512,05;Geprueft
2009-07-22;512,04;Geprueft
2009-07-23;512,03;Geprueft
2009-07-24;512,03;Geprueft
2009-07-25;512,03;Geprueft
2009-07-26;512,03;Geprueft
2009-07-27;512,02;Geprueft
2009-07-28;512,01;Geprueft
2009-07-29;512,01;Geprueft
2009-07-30;512,00;Geprueft
2009-07-31;511,99;Geprueft
2009-08-01;511,98;Geprueft
2009-08-02;511,96;Geprueft
2009-08-03;511,96;Geprueft
2009-08-04;511,96;Geprueft
2009-08-05;511,94;Geprueft
2009-08-06;511,93;Geprueft
2009-08-07;511,92;Geprueft
2009-08-08;511,91;Geprueft
2009-08-09;511,90;Geprueft
2009-08-10;511,88;Geprueft
2009-08-11;511,87;Geprueft
2009-08-12;511,86;Geprueft
2009-08-13;511,85;Geprueft
2009-08-14;511,85;Geprueft
2009-08-15;511,85;Geprueft
2009-08-16;511,83;Geprueft
2009-08-17;511,82;Geprueft
2009-08-18;511,81;Geprueft
2009-08-19;511,80;Geprueft
2009-08-20;511,78;Geprueft
2009-08-21;511,78;Geprueft
2009-08-22;511,77;Geprueft
2009-08-23;511,77;Geprueft
2009-08-24;511,76;Geprueft
2009-08-25;511,75;Geprueft
2009-08-26;511,75;Geprueft
2009-08-27;511,74;Geprueft
2009-08-28;511,74;Geprueft
2009-08-29;511,72;Geprueft
2009-08-30;511,72;Geprueft
2009-08-31;511,71;Geprueft
2009-09-01;511,70;Geprueft
2009-09-02;511,70;Geprueft
2009-09-03;511,70;Geprueft
2009-09-04;511,70;Geprueft
2009-09-05;511,68;Geprueft
2009-09-06;511,68;Geprueft
2009-09-07;511,67;Geprueft
2009-09-08;511,66;Geprueft
2009-09-09;511,66;Geprueft
2009-09-10;511,65;Geprueft
2009-09-11;511,64;Geprueft
2009-09-12;511,63;Geprueft
2009-09-13;511,62;Geprueft
2009-09-14;511,61;Geprueft
2009-09-15;511,61;Geprueft
2009-09-16;511,60;Geprueft
2009-09-17;511,59;Geprueft
2009-09-18;511,58;Geprueft
2009-09-19;511,58;Geprueft
2009-09-20;511,57;Geprueft
2009-09-21;511,57;Geprueft
2009-09-22;511,56;Geprueft
2009-09-23;511,55;Geprueft
2009-09-24;511,54;Geprueft
2009-09-25;511,54;Geprueft
2009-09-26;511,53;Geprueft
2009-09-27;511,53;Geprueft
2009-09-28;511,52;Geprueft
2009-09-29;511,52;Geprueft
2009-09-30;511,51;Geprueft
2009-10-01;511,50;Geprueft
2009-10-02;511,49;Geprueft
2009-10-03;511,49;Geprueft
2009-10-04;511,49;Geprueft
2009-10-05;511,48;Geprueft
2009-10-06;511,48;Geprueft
2009-10-07;511,47;Geprueft
2009-10-08;511,46;Geprueft
2009-10-09;511,46;Geprueft
2009-10-10;511,46;Geprueft
2009-10-11;511,46;Geprueft
2009-10-12;511,46;Geprueft
2009-10-13;511,46;Geprueft
2009-10-14;511,46;Geprueft
2009-10-15;511,46;Geprueft
2009-10-16;511,46;Geprueft
2009-10-17;511,46;Geprueft
2009-10-18;511,46;Geprueft
2009-10-19;511,46;Geprueft
2009-10-20;511,46;Geprueft
2009-10-21;511,45;Geprueft
2009-10-22;511,44;Geprueft
2009-10-23;511,44;Geprueft
2009-10-24;511,44;Geprueft
2009-10-25;511,44;Geprueft
2009-10-26;511,43;Geprueft
2009-10-27;511,43;Geprueft
2009-10-28;511,42;Geprueft
2009-10-29;511,42;Geprueft
2009-10-30;511,41;Geprueft
2009-10-31;511,41;Geprueft
2009-11-01;511,40;Geprueft
2009-11-02;511,40;Geprueft
2009-11-03;511,41;Geprueft
2009-11-04;511,41;Geprueft
2009-11-05;511,41;Geprueft
2009-11-06;511,41;Geprueft
2009-11-07;511,40;Geprueft
2009-11-08;511,40;Geprueft
2009-11-09;511,40;Geprueft
2009-11-10;511,40;Geprueft
2009-11-11;511,39;Geprueft
2009-11-12;511,39;Geprueft
2009-11-13;511,39;Geprueft
2009-11-14;511,38;Geprueft
2009-11-15;511,38;Geprueft
2009-11-16;511,38;Geprueft
2009-11-17;511,38;Geprueft
2009-11-18;511,37;Geprueft
2009-11-19;511,37;Geprueft
2009-11-20;511,37;Geprueft
2009-11-21;511,36;Geprueft
2009-11-22;511,36;Geprueft
2009-11-23;511,36;Geprueft
2009-11-24;511,35;Geprueft
2009-11-25;511,34;Geprueft
2009-11-26;511,34;Geprueft
2009-11-27;511,34;Geprueft
2009-11-28;511,33;Geprueft
2009-11-29;511,33;Geprueft
2009-11-30;511,33;Geprueft
2009-12-01;511,33;Geprueft
2009-12-02;511,33;Geprueft
2009-12-03;511,32;Geprueft
2009-12-04;511,32;Geprueft
2009-12-05;511,32;Geprueft
2009-12-06;511,32;Geprueft
2009-12-07;511,32;Geprueft
2009-12-08;511,32;Geprueft
2009-12-09;511,32;Geprueft
2009-12-10;511,31;Geprueft
2009-12-11;511,32;Geprueft
2009-12-12;511,33;Geprueft
2009-12-13;511,34;Geprueft
2009-12-14;511,35;Geprueft
2009-12-15;511,37;Geprueft
2009-12-16;511,38;Geprueft
2009-12-17;511,39;Geprueft
2009-12-18;511,40;Geprueft
2009-12-19;511,40;Geprueft
2009-12-20;511,40;Geprueft
2009-12-21;511,40;Geprueft
2009-12-22;511,40;Geprueft
2009-12-23;511,40;Geprueft
2009-12-24;511,40;Geprueft
2009-12-25;511,40;Geprueft
2009-12-26;511,40;Geprueft
2009-12-27;511,39;Geprueft
2009-12-28;511,39;Geprueft
2009-12-29;511,38;Geprueft
2009-12-30;511,38;Geprueft
2009-12-31;511,38;Geprueft
2010-01-01;511,38;Geprueft
2010-01-02;511,38;Geprueft
2010-01-03;511,37;Geprueft
2010-01-04;511,37;Geprueft
2010-01-05;511,37;Geprueft
2010-01-06;511,37;Geprueft
2010-01-07;511,38;Geprueft
2010-01-08;511,38;Geprueft
2010-01-09;511,38;Geprueft
2010-01-10;511,38;Geprueft
2010-01-11;511,38;Geprueft
2010-01-12;511,38;Geprueft
2010-01-13;511,38;Geprueft
2010-01-14;511,38;Geprueft
2010-01-15;511,38;Geprueft
2010-01-16;511,37;Geprueft
2010-01-17;511,36;Geprueft
2010-01-18;511,37;Geprueft
2010-01-19;511,37;Geprueft
2010-01-20;511,37;Geprueft
2010-01-21;511,36;Geprueft
2010-01-22;511,36;Geprueft
2010-01-23;511,35;Geprueft
2010-01-24;511,35;Geprueft
2010-01-25;511,35;Geprueft
2010-01-26;511,34;Geprueft
2010-01-27;511,34;Geprueft
2010-01-28;511,34;Geprueft
2010-01-29;511,34;Geprueft
2010-01-30;511,33;Geprueft
2010-01-31;511,33;Geprueft
2010-02-01;511,33;Geprueft
2010-02-02;511,33;Geprueft
2010-02-03;511,33;Geprueft
2010-02-04;511,33;Geprueft
2010-02-05;511,33;Geprueft
2010-02-06;511,33;Geprueft
2010-02-07;511,33;Geprueft
2010-02-08;511,33;Geprueft
2010-02-09;511,33;Geprueft
2010-02-10;511,33;Geprueft
2010-02-11;511,34;Geprueft
2010-02-12;511,35;Geprueft
2010-02-13;511,35;Geprueft
2010-02-14;511,35;Geprueft
2010-02-15;511,35;Geprueft
2010-02-16;511,35;Geprueft
2010-02-17;511,35;Geprueft
2010-02-18;511,35;Geprueft
2010-02-19;511,35;Geprueft
2010-02-20;511,35;Geprueft
2010-02-21;511,35;Geprueft
2010-02-22;511,34;Geprueft
2010-02-23;511,34;Geprueft
2010-02-24;511,34;Geprueft
2010-02-25;511,33;Geprueft
2010-02-26;511,33;Geprueft
2010-02-27;511,34;Geprueft
2010-02-28;511,36;Geprueft
2010-03-01;511,38;Geprueft
2010-03-02;511,40;Geprueft
2010-03-03;511,40;Geprueft
2010-03-04;511,41;Geprueft
2010-03-05;511,41;Geprueft
2010-03-06;511,41;Geprueft
2010-03-07;511,41;Geprueft
2010-03-08;511,41;Geprueft
2010-03-09;511,40;Geprueft
2010-03-10;511,40;Geprueft
2010-03-11;511,39;Geprueft
2010-03-12;511,38;Geprueft
2010-03-13;511,38;Geprueft
2010-03-14;511,38;Geprueft
2010-03-15;511,38;Geprueft
2010-03-16;511,37;Geprueft
2010-03-17;511,37;Geprueft
2010-03-18;511,37;Geprueft
2010-03-19;511,36;Geprueft
2010-03-20;511,36;Geprueft
2010-03-21;511,36;Geprueft
2010-03-22;511,36;Geprueft
2010-03-23;511,35;Geprueft
2010-03-24;511,35;Geprueft
2010-03-25;511,35;Geprueft
2010-03-26;511,35;Geprueft
2010-03-27;511,34;Geprueft
2010-03-28;511,34;Geprueft
2010-03-29;511,34;Geprueft
2010-03-30;511,33;Geprueft
2010-03-31;511,32;Geprueft
2010-04-01;511,31;Geprueft
2010-04-02;511,31;Geprueft
2010-04-03;511,31;Geprueft
2010-04-04;511,30;Geprueft
2010-04-05;511,30;Geprueft
2010-04-06;511,29;Geprueft
2010-04-07;511,28;Geprueft
2010-04-08;511,28;Geprueft
2010-04-09;511,27;Geprueft
2010-04-10;511,27;Geprueft
2010-04-11;511,26;Geprueft
2010-04-12;511,26;Geprueft
2010-04-13;511,25;Geprueft
2010-04-14;511,25;Geprueft
2010-04-15;511,24;Geprueft
2010-04-16;511,24;Geprueft
2010-04-17;511,23;Geprueft
2010-04-18;511,22;Geprueft
2010-04-19;511,22;Geprueft
2010-04-20;511,22;Geprueft
2010-04-21;511,21;Geprueft
2010-04-22;511,21;Geprueft
2010-04-23;511,20;Geprueft
2010-04-24;511,20;Geprueft
2010-04-25;511,19;Geprueft
2010-04-26;511,17;Geprueft
2010-04-27;511,15;Geprueft
2010-04-28;511,14;Geprueft
2010-04-29;511,14;Geprueft
2010-04-30;511,14;Geprueft
2010-05-01;511,14;Geprueft
2010-05-02;511,14;Geprueft
2010-05-03;511,15;Geprueft
2010-05-04;511,15;Geprueft
2010-05-05;511,15;Geprueft
2010-05-06;511,15;Geprueft
2010-05-07;511,16;Geprueft
2010-05-08;511,16;Geprueft
2010-05-09;511,16;Geprueft
2010-05-10;511,16;Geprueft
2010-05-11;511,16;Geprueft
2010-05-12;511,16;Geprueft
2010-05-13;511,15;Geprueft
2010-05-14;511,15;Geprueft
2010-05-15;511,15;Geprueft
2010-05-16;511,15;Geprueft
2010-05-17;511,15;Geprueft
2010-05-18;511,14;Geprueft
2010-05-19;511,14;Geprueft
2010-05-20;511,14;Geprueft
2010-05-21;511,14;Geprueft
2010-05-22;511,14;Geprueft
2010-05-23;511,14;Geprueft
2010-05-24;511,14;Geprueft
2010-05-25;511,14;Geprueft
2010-05-26;511,13;Geprueft
2010-05-27;511,13;Geprueft
2010-05-28;511,14;Geprueft
2010-05-29;511,15;Geprueft
2010-05-30;511,15;Geprueft
2010-05-31;511,18;Geprueft
2010-06-01;511,20;Geprueft
2010-06-02;511,24;Geprueft
2010-06-03;511,39;Geprueft
2010-06-04;511,54;Geprueft
2010-06-05;511,61;Geprueft
2010-06-06;511,64;Geprueft
2010-06-07;511,68;Geprueft
2010-06-08;511,68;Geprueft
2010-06-09;511,69;Geprueft
2010-06-10;511,69;Geprueft
2010-06-11;511,69;Geprueft
2010-06-12;511,69;Geprueft
2010-06-13;511,69;Geprueft
2010-06-14;511,70;Geprueft
2010-06-15;511,70;Geprueft
2010-06-16;511,71;Geprueft
2010-06-17;511,73;Geprueft
2010-06-18;511,75;Geprueft
2010-06-19;511,80;Geprueft
2010-06-20;511,83;Geprueft
2010-06-21;511,85;Geprueft
2010-06-22;511,87;Geprueft
2010-06-23;511,88;Geprueft
2010-06-24;511,89;Geprueft
2010-06-25;511,90;Geprueft
2010-06-26;511,91;Geprueft
2010-06-27;511,91;Geprueft
2010-06-28;511,90;Geprueft
2010-06-29;511,90;Geprueft
2010-06-30;511,89;Geprueft
2010-07-01;511,89;Geprueft
2010-07-02;511,87;Geprueft
2010-07-03;511,86;Geprueft
2010-07-04;511,84;Geprueft
2010-07-05;511,83;Geprueft
2010-07-06;511,82;Geprueft
2010-07-07;511,81;Geprueft
2010-07-08;511,79;Geprueft
2010-07-09;511,77;Geprueft
2010-07-10;511,74;Geprueft
2010-07-11;511,72;Geprueft
2010-07-12;511,71;Geprueft
2010-07-13;511,70;Geprueft
2010-07-14;511,68;Geprueft
2010-07-15;511,68;Geprueft
2010-07-16;511,66;Geprueft
2010-07-17;511,65;Geprueft
2010-07-18;511,68;Geprueft
2010-07-19;511,68;Geprueft
2010-07-20;511,67;Geprueft
2010-07-21;511,67;Geprueft
2010-07-22;511,66;Geprueft
2010-07-23;511,69;Geprueft
2010-07-24;511,75;Geprueft
2010-07-25;511,81;Geprueft
2010-07-26;511,86;Geprueft
2010-07-27;511,88;Geprueft
2010-07-28;511,88;Geprueft
2010-07-29;511,88;Geprueft
2010-07-30;511,88;Geprueft
2010-07-31;511,88;Geprueft
2010-08-01;511,87;Geprueft
2010-08-02;511,86;Geprueft
2010-08-03;511,86;Geprueft
2010-08-04;511,86;Geprueft
2010-08-05;511,85;Geprueft
2010-08-06;511,89;Geprueft
2010-08-07;512,05;Geprueft
2010-08-08;512,21;Geprueft
2010-08-09;512,29;Geprueft
2010-08-10;512,31;Geprueft
2010-08-11;512,33;Geprueft
2010-08-12;512,33;Geprueft
2010-08-13;512,33;Geprueft
2010-08-14;512,33;Geprueft
2010-08-15;512,31;Geprueft
2010-08-16;512,31;Geprueft
2010-08-17;512,30;Geprueft
2010-08-18;512,30;Geprueft
2010-08-19;512,29;Geprueft
2010-08-20;512,27;Geprueft
2010-08-21;512,26;Geprueft
2010-08-22;512,24;Geprueft
2010-08-23;512,23;Geprueft
2010-08-24;512,24;Geprueft
2010-08-25;512,24;Geprueft
2010-08-26;512,23;Geprueft
2010-08-27;512,23;Geprueft
2010-08-28;512,22;Geprueft
2010-08-29;512,21;Geprueft
2010-08-30;512,21;Geprueft
2010-08-31;512,21;Geprueft
2010-09-01;512,21;Geprueft
2010-09-02;512,21;Geprueft
2010-09-03;512,21;Geprueft
2010-09-04;512,21;Geprueft
2010-09-05;512,21;Geprueft
2010-09-06;512,20;Geprueft
2010-09-07;512,19;Geprueft
2010-09-08;512,18;Geprueft
2010-09-09;512,17;Geprueft
2010-09-10;512,16;Geprueft
2010-09-11;512,15;Geprueft
2010-09-12;512,14;Geprueft
2010-09-13;512,14;Geprueft
2010-09-14;512,13;Geprueft
2010-09-15;512,12;Geprueft
2010-09-16;512,11;Geprueft
2010-09-17;512,10;Geprueft
2010-09-18;512,09;Geprueft
2010-09-19;512,08;Geprueft
2010-09-20;512,07;Geprueft
2010-09-21;512,06;Geprueft
2010-09-22;512,05;Geprueft
2010-09-23;512,04;Geprueft
2010-09-24;512,03;Geprueft
2010-09-25;512,04;Geprueft
2010-09-26;512,04;Geprueft
2010-09-27;512,04;Geprueft
2010-09-28;512,03;Geprueft
2010-09-29;512,03;Geprueft
2010-09-30;512,02;Geprueft
2010-10-01;512,01;Geprueft
2010-10-02;512,00;Geprueft
2010-10-03;511,99;Geprueft
2010-10-04;511,99;Geprueft
2010-10-05;511,98;Geprueft
2010-10-06;511,97;Geprueft
2010-10-07;511,96;Geprueft
2010-10-08;511,96;Geprueft
2010-10-09;511,95;Geprueft
2010-10-10;511,94;Geprueft
2010-10-11;511,93;Geprueft
2010-10-12;511,92;Geprueft
2010-10-13;511,92;Geprueft
2010-10-14;511,91;Geprueft
2010-10-15;511,90;Geprueft
2010-10-16;511,89;Geprueft
2010-10-17;511,89;Geprueft
2010-10-18;511,89;Geprueft
2010-10-19;511,88;Geprueft
2010-10-20;511,88;Geprueft
2010-10-21;511,88;Geprueft
2010-10-22;511,88;Geprueft
2010-10-23;511,87;Geprueft
2010-10-24;511,87;Geprueft
2010-10-25;511,86;Geprueft
2010-10-26;511,85;Geprueft
2010-10-27;511,84;Geprueft
2010-10-28;511,84;Geprueft
2010-10-29;511,83;Geprueft
2010-10-30;511,83;Geprueft
2010-10-31;511,83;Geprueft
2010-11-01;511,82;Geprueft
2010-11-02;511,82;Geprueft
2010-11-03;511,81;Geprueft
2010-11-04;511,80;Geprueft
2010-11-05;511,80;Geprueft
2010-11-06;511,79;Geprueft
2010-11-07;511,79;Geprueft
2010-11-08;511,79;Geprueft
2010-11-09;511,79;Geprueft
2010-11-10;511,78;Geprueft
2010-11-11;511,77;Geprueft
2010-11-12;511,77;Geprueft
2010-11-13;511,77;Geprueft
2010-11-14;511,77;Geprueft
2010-11-15;511,77;Geprueft
2010-11-16;511,76;Geprueft
2010-11-17;511,76;Geprueft
2010-11-18;511,75;Geprueft
2010-11-19;511,74;Geprueft
2010-11-20;511,74;Geprueft
2010-11-21;511,74;Geprueft
2010-11-22;511,74;Geprueft
2010-11-23;511,74;Geprueft
2010-11-24;511,74;Geprueft
2010-11-25;511,73;Geprueft
2010-11-26;511,72;Geprueft
2010-11-27;511,72;Geprueft
2010-11-28;511,71;Geprueft
2010-11-29;511,71;Geprueft
2010-11-30;511,70;Geprueft
2010-12-01;511,70;Geprueft
2010-12-02;511,69;Geprueft
2010-12-03;511,69;Geprueft
2010-12-04;511,68;Geprueft
2010-12-05;511,68;Geprueft
2010-12-06;511,68;Geprueft
2010-12-07;511,71;Geprueft
2010-12-08;511,74;Geprueft
2010-12-09;511,79;Geprueft
2010-12-10;511,83;Geprueft
2010-12-11;511,87;Geprueft
2010-12-12;511,89;Geprueft
2010-12-13;511,90;Geprueft
2010-12-14;511,91;Geprueft
2010-12-15;511,92;Geprueft
2010-12-16;511,93;Geprueft
2010-12-17;511,94;Geprueft
2010-12-18;511,94;Geprueft
2010-12-19;511,94;Geprueft
2010-12-20;511,94;Geprueft
2010-12-21;511,95;Geprueft
2010-12-22;511,95;Geprueft
2010-12-23;511,95;Geprueft
2010-12-24;511,96;Geprueft
2010-12-25;511,97;Geprueft
2010-12-26;511,98;Geprueft
2010-12-27;511,98;Geprueft
2010-12-28;511,98;Geprueft
2010-12-29;511,98;Geprueft
2010-12-30;511,98;Geprueft
2010-12-31;511,98;Geprueft
2011-01-01;511,98;Geprueft
2011-01-02;511,98;Geprueft
2011-01-03;511,98;Geprueft
2011-01-04;511,97;Geprueft
2011-01-05;511,97;Geprueft
2011-01-06;511,96;Geprueft
2011-01-07;511,96;Geprueft
2011-01-08;511,96;Geprueft
2011-01-09;511,95;Geprueft
2011-01-10;511,95;Geprueft
2011-01-11;511,95;Geprueft
2011-01-12;511,95;Geprueft
2011-01-13;511,97;Geprueft
2011-01-14;512,02;Geprueft
2011-01-15;512,08;Geprueft
2011-01-16;512,12;Geprueft
2011-01-17;512,13;Geprueft
2011-01-18;512,14;Geprueft
2011-01-19;512,15;Geprueft
2011-01-20;512,15;Geprueft
2011-01-21;512,15;Geprueft
2011-01-22;512,14;Geprueft
2011-01-23;512,14;Geprueft
2011-01-24;512,14;Geprueft
2011-01-25;512,13;Geprueft
2011-01-26;512,13;Geprueft
2011-01-27;512,12;Geprueft
2011-01-28;512,11;Geprueft
2011-01-29;512,11;Geprueft
2011-01-30;512,10;Geprueft
2011-01-31;512,09;Geprueft
2011-02-01;512,08;Geprueft
2011-02-02;512,07;Geprueft
2011-02-03;512,06;Geprueft
2011-02-04;512,06;Geprueft
2011-02-05;512,06;Geprueft
2011-02-06;512,05;Geprueft
2011-02-07;512,04;Geprueft
2011-02-08;512,03;Geprueft
2011-02-09;512,03;Geprueft
2011-02-10;512,02;Geprueft
2011-02-11;512,02;Geprueft
2011-02-12;512,01;Geprueft
2011-02-13;512,01;Geprueft
2011-02-14;512,01;Geprueft
2011-02-15;512,00;Geprueft
2011-02-16;512,00;Geprueft
2011-02-17;511,99;Geprueft
2011-02-18;511,98;Geprueft
2011-02-19;511,98;Geprueft
2011-02-20;511,98;Geprueft
2011-02-21;511,97;Geprueft
2011-02-22;511,96;Geprueft
2011-02-23;511,95;Geprueft
2011-02-24;511,94;Geprueft
2011-02-25;511,94;Geprueft
2011-02-26;511,93;Geprueft
2011-02-27;511,93;Geprueft
2011-02-28;511,92;Geprueft
2011-03-01;511,91;Geprueft
2011-03-02;511,91;Geprueft
2011-03-03;511,90;Geprueft
2011-03-04;511,90;Geprueft
2011-03-05;511,89;Geprueft
2011-03-06;511,88;Geprueft
2011-03-07;511,88;Geprueft
2011-03-08;511,87;Geprueft
2011-03-09;511,86;Geprueft
2011-03-10;511,85;Geprueft
2011-03-11;511,85;Geprueft
2011-03-12;511,84;Geprueft
2011-03-13;511,83;Geprueft
2011-03-14;511,82;Geprueft
2011-03-15;511,82;Geprueft
2011-03-16;511,82;Geprueft
2011-03-17;511,81;Geprueft
2011-03-18;511,85;Geprueft
2011-03-19;511,86;Geprueft
2011-03-20;511,87;Geprueft
2011-03-21;511,89;Geprueft
2011-03-22;511,90;Geprueft
2011-03-23;511,90;Geprueft
2011-03-24;511,91;Geprueft
2011-03-25;511,91;Geprueft
2011-03-26;511,91;Geprueft
2011-03-27;511,90;Geprueft
2011-03-28;511,91;Geprueft
2011-03-29;511,91;Geprueft
2011-03-30;511,90;Geprueft
2011-03-31;511,90;Geprueft
2011-04-01;511,89;Geprueft
2011-04-02;511,88;Geprueft
2011-04-03;511,88;Geprueft
2011-04-04;511,88;Geprueft
2011-04-05;511,89;Geprueft
2011-04-06;511,89;Geprueft
2011-04-07;511,88;Geprueft
2011-04-08;511,88;Geprueft
2011-04-09;511,87;Geprueft
2011-04-10;511,87;Geprueft
2011-04-11;511,86;Geprueft
2011-04-12;511,86;Geprueft
2011-04-13;511,85;Geprueft
2011-04-14;511,84;Geprueft
2011-04-15;511,83;Geprueft
2011-04-16;511,82;Geprueft
2011-04-17;511,82;Geprueft
2011-04-18;511,81;Geprueft
2011-04-19;511,81;Geprueft
2011-04-20;511,80;Geprueft
2011-04-21;511,79;Geprueft
2011-04-22;511,78;Geprueft
2011-04-23;511,77;Geprueft
2011-04-24;511,76;Geprueft
2011-04-25;511,76;Geprueft
2011-04-26;511,75;Geprueft
2011-04-27;511,74;Geprueft
2011-04-28;511,74;Geprueft
2011-04-29;511,73;Geprueft
2011-04-30;511,73;Geprueft
2011-05-01;511,72;Geprueft
2011-05-02;511,72;Geprueft
2011-05-03;511,71;Geprueft
2011-05-04;511,71;Geprueft
2011-05-05;511,71;Geprueft
2011-05-06;511,70;Geprueft
2011-05-07;511,69;Geprueft
2011-05-08;511,69;Geprueft
2011-05-09;511,67;Geprueft
2011-05-10;511,66;Geprueft
2011-05-11;511,66;Geprueft
2011-05-12;511,65;Geprueft
2011-05-13;511,65;Geprueft
2011-05-14;511,65;Geprueft
2011-05-15;511,65;Geprueft
2011-05-16;511,65;Geprueft
2011-05-17;511,64;Geprueft
2011-05-18;511,64;Geprueft
2011-05-19;511,63;Geprueft
2011-05-20;511,62;Geprueft
2011-05-21;511,63;Geprueft
2011-05-22;511,62;Geprueft
2011-05-23;511,62;Geprueft
2011-05-24;511,61;Geprueft
2011-05-25;511,60;Geprueft
2011-05-26;511,59;Geprueft
2011-05-27;511,61;Geprueft
2011-05-28;511,63;Geprueft
2011-05-29;511,63;Geprueft
2011-05-30;511,63;Geprueft
2011-05-31;511,61;Geprueft
2011-06-01;511,65;Geprueft
2011-06-02;511,65;Geprueft
2011-06-03;511,65;Geprueft
2011-06-04;511,65;Geprueft
2011-06-05;511,65;Geprueft
2011-06-06;511,65;Geprueft
2011-06-07;511,65;Geprueft
2011-06-08;511,64;Geprueft
2011-06-09;511,64;Geprueft
2011-06-10;511,64;Geprueft
2011-06-11;511,64;Geprueft
2011-06-12;511,62;Geprueft
2011-06-13;511,61;Geprueft
2011-06-14;511,61;Geprueft
2011-06-15;511,60;Geprueft
2011-06-16;511,60;Geprueft
2011-06-17;511,60;Geprueft
2011-06-18;511,60;Geprueft
2011-06-19;511,61;Geprueft
2011-06-20;511,61;Geprueft
2011-06-21;511,61;Geprueft
2011-06-22;511,61;Geprueft
2011-06-23;511,61;Geprueft
2011-06-24;511,62;Geprueft
2011-06-25;511,62;Geprueft
2011-06-26;511,61;Geprueft
2011-06-27;511,61;Geprueft
2011-06-28;511,60;Geprueft
2011-06-29;511,59;Geprueft
2011-06-30;511,68;Geprueft
2011-07-01;511,73;Geprueft
2011-07-02;511,76;Geprueft
2011-07-03;511,78;Geprueft
2011-07-04;511,78;Geprueft
2011-07-05;511,78;Geprueft
2011-07-06;511,78;Geprueft
2011-07-07;511,78;Geprueft
2011-07-08;511,79;Geprueft
2011-07-09;511,79;Geprueft
2011-07-10;511,81;Geprueft
2011-07-11;511,81;Geprueft
2011-07-12;511,82;Geprueft
2011-07-13;511,83;Geprueft
2011-07-14;511,84;Geprueft
2011-07-15;511,84;Geprueft
2011-07-16;511,84;Geprueft
2011-07-17;511,84;Geprueft
2011-07-18;511,84;Geprueft
2011-07-19;511,83;Geprueft
2011-07-20;511,87;Geprueft
2011-07-21;511,93;Geprueft
2011-07-22;511,99;Geprueft
2011-07-23;512,02;Geprueft
2011-07-24;512,03;Geprueft
2011-07-25;512,03;Geprueft
2011-07-26;512,04;Geprueft
2011-07-27;512,04;Geprueft
2011-07-28;512,04;Geprueft
2011-07-29;512,05;Geprueft
2011-07-30;512,06;Geprueft
2011-07-31;512,06;Geprueft
2011-08-01;512,05;Geprueft
2011-08-02;512,05;Geprueft
2011-08-03;512,05;Geprueft
2011-08-04;512,06;Geprueft
2011-08-05;512,07;Geprueft
2011-08-06;512,13;Geprueft
2011-08-07;512,19;Geprueft
2011-08-08;512,24;Geprueft
2011-08-09;512,27;Geprueft
2011-08-10;512,28;Geprueft
2011-08-11;512,28;Geprueft
2011-08-12;512,28;Geprueft
2011-08-13;512,28;Geprueft
2011-08-14;512,28;Geprueft
2011-08-15;;Geprueft
2011-08-16;512,27;Geprueft
2011-08-17;512,25;Geprueft
2011-08-18;512,24;Geprueft
2011-08-19;512,23;Geprueft
2011-08-20;512,21;Geprueft
2011-08-21;512,20;Geprueft
2011-08-22;512,18;Geprueft
2011-08-23;512,17;Geprueft
2011-08-24;512,15;Geprueft
2011-08-25;512,15;Geprueft
2011-08-26;512,14;Geprueft
2011-08-27;512,14;Geprueft
2011-08-28;512,13;Geprueft
2011-08-29;512,11;Geprueft
2011-08-30;512,10;Geprueft
2011-08-31;512,09;Geprueft
2011-09-01;512,08;Geprueft
2011-09-02;512,06;Geprueft
2011-09-03;512,04;Geprueft
2011-09-04;512,03;Geprueft
2011-09-05;512,02;Geprueft
2011-09-06;512,02;Geprueft
2011-09-07;512,01;Geprueft
2011-09-08;512,00;Geprueft
2011-09-09;511,99;Geprueft
2011-09-10;511,97;Geprueft
2011-09-11;511,97;Geprueft
2011-09-12;511,96;Geprueft
2011-09-13;511,95;Geprueft
2011-09-14;511,94;Geprueft
2011-09-15;511,93;Geprueft
2011-09-16;511,92;Geprueft
2011-09-17;511,91;Geprueft
2011-09-18;511,91;Geprueft
2011-09-19;511,93;Geprueft
2011-09-20;511,94;Geprueft
2011-09-21;511,94;Geprueft
2011-09-22;511,94;Geprueft
2011-09-23;511,94;Geprueft
2011-09-24;511,94;Geprueft
2011-09-25;511,93;Geprueft
2011-09-26;511,92;Geprueft
2011-09-27;511,90;Geprueft
2011-09-28;511,89;Geprueft
2011-09-29;511,88;Geprueft
2011-09-30;511,87;Geprueft
2011-10-01;511,86;Geprueft
2011-10-02;511,85;Geprueft
2011-10-03;511,84;Geprueft
2011-10-04;511,83;Geprueft
2011-10-05;511,82;Geprueft
2011-10-06;511,81;Geprueft
2011-10-07;511,81;Geprueft
2011-10-08;511,81;Geprueft
2011-10-09;511,81;Geprueft
2011-10-10;511,81;Geprueft
2011-10-11;511,81;Geprueft
2011-10-12;511,81;Geprueft
2011-10-13;511,81;Geprueft
2011-10-14;511,80;Geprueft
2011-10-15;511,79;Geprueft
2011-10-16;511,79;Geprueft
2011-10-17;511,77;Geprueft
2011-10-18;511,77;Geprueft
2011-10-19;511,77;Geprueft
2011-10-20;511,76;Geprueft
2011-10-21;511,75;Geprueft
2011-10-22;511,75;Geprueft
2011-10-23;511,74;Geprueft
2011-10-24;511,74;Geprueft
2011-10-25;511,73;Geprueft
2011-10-26;511,73;Geprueft
2011-10-27;511,72;Geprueft
2011-10-28;511,71;Geprueft
2011-10-29;511,70;Geprueft
2011-10-30;511,70;Geprueft
2011-10-31;511,69;Geprueft
2011-11-01;511,69;Geprueft
2011-11-02;511,68;Geprueft
2011-11-03;511,67;Geprueft
2011-11-04;511,66;Geprueft
2011-11-05;511,66;Geprueft
2011-11-06;511,65;Geprueft
2011-11-07;511,64;Geprueft
2011-11-08;511,63;Geprueft
2011-11-09;511,63;Geprueft
2011-11-10;511,62;Geprueft
2011-11-11;511,61;Geprueft
2011-11-12;511,61;Geprueft
2011-11-13;511,61;Geprueft
2011-11-14;511,60;Geprueft
2011-11-15;511,59;Geprueft
2011-11-16;511,58;Geprueft
2011-11-17;511,58;Geprueft
2011-11-18;511,57;Geprueft
2011-11-19;511,56;Geprueft
2011-11-20;511,56;Geprueft
2011-11-21;511,55;Geprueft
2011-11-22;511,54;Geprueft
2011-11-23;511,54;Geprueft
2011-11-24;511,53;Geprueft
2011-11-25;511,53;Geprueft
2011-11-26;511,53;Geprueft
2011-11-27;511,52;Geprueft
2011-11-28;511,51;Geprueft
2011-11-29;511,51;Geprueft
2011-11-30;511,50;Geprueft
2011-12-01;511,49;Geprueft
2011-12-02;511,49;Geprueft
2011-12-03;511,48;Geprueft
2011-12-04;511,48;Geprueft
2011-12-05;511,47;Geprueft
2011-12-06;511,47;Geprueft
2011-12-07;511,46;Geprueft
2011-12-08;511,46;Geprueft
2011-12-09;511,46;Geprueft
2011-12-10;511,46;Geprueft
2011-12-11;511,47;Geprueft
2011-12-12;511,47;Geprueft
2011-12-13;511,47;Geprueft
2011-12-14;511,47;Geprueft
2011-12-15;511,47;Geprueft
2011-12-16;511,47;Geprueft
2011-12-17;511,47;Geprueft
2011-12-18;511,47;Geprueft
2011-12-19;511,47;Geprueft
2011-12-20;511,47;Geprueft
2011-12-21;511,47;Geprueft
2011-12-22;511,47;Geprueft
2011-12-23;511,47;Geprueft
2011-12-24;511,48;Geprueft
2011-12-25;511,49;Geprueft
2011-12-26;511,51;Geprueft
2011-12-27;511,52;Geprueft
2011-12-28;511,52;Geprueft
2011-12-29;511,52;Geprueft
2011-12-30;511,52;Geprueft
2011-12-31;511,52;Geprueft
2012-01-01;511,54;Geprueft
2012-01-02;511,54;Geprueft
2012-01-03;511,54;Geprueft
2012-01-04;511,54;Geprueft
2012-01-05;511,55;Geprueft
2012-01-06;511,56;Geprueft
2012-01-07;511,57;Geprueft
2012-01-08;511,59;Geprueft
2012-01-09;511,61;Geprueft
2012-01-10;511,65;Geprueft
2012-01-11;511,68;Geprueft
2012-01-12;511,70;Geprueft
2012-01-13;511,71;Geprueft
2012-01-14;511,71;Geprueft
2012-01-15;511,73;Geprueft
2012-01-16;511,73;Geprueft
2012-01-17;511,73;Geprueft
2012-01-18;511,73;Geprueft
2012-01-19;511,73;Geprueft
2012-01-20;511,73;Geprueft
2012-01-21;511,73;Geprueft
2012-01-22;511,75;Geprueft
2012-01-23;511,78;Geprueft
2012-01-24;511,82;Geprueft
2012-01-25;511,84;Geprueft
2012-01-26;511,85;Geprueft
2012-01-27;511,86;Geprueft
2012-01-28;511,87;Geprueft
2012-01-29;511,87;Geprueft
2012-01-30;511,87;Geprueft
2012-01-31;511,87;Geprueft
2012-02-01;511,87;Geprueft
2012-02-02;511,86;Geprueft
2012-02-03;511,85;Geprueft
2012-02-04;511,85;Geprueft
2012-02-05;511,85;Geprueft
2012-02-06;511,84;Geprueft
2012-02-07;511,83;Geprueft
2012-02-08;511,82;Geprueft
2012-02-09;511,82;Geprueft
2012-02-10;511,81;Geprueft
2012-02-11;511,81;Geprueft
2012-02-12;511,80;Geprueft
2012-02-13;511,79;Geprueft
2012-02-14;511,78;Geprueft
2012-02-15;511,77;Geprueft
2012-02-16;511,75;Geprueft
2012-02-17;511,75;Geprueft
2012-02-18;511,75;Geprueft
2012-02-19;511,75;Geprueft
2012-02-20;511,75;Geprueft
2012-02-21;511,74;Geprueft
2012-02-22;511,73;Geprueft
2012-02-23;511,72;Geprueft
2012-02-24;511,71;Geprueft
2012-02-25;511,71;Geprueft
2012-02-26;511,71;Geprueft
2012-02-27;511,71;Geprueft
2012-02-28;511,71;Geprueft
2012-02-29;511,72;Geprueft
2012-03-01;511,72;Geprueft
2012-03-02;511,72;Geprueft
2012-03-03;511,72;Geprueft
2012-03-04;511,70;Geprueft
2012-03-05;511,70;Geprueft
2012-03-06;511,70;Geprueft
2012-03-07;511,70;Geprueft
2012-03-08;511,70;Geprueft
2012-03-09;511,70;Geprueft
2012-03-10;511,70;Geprueft
2012-03-11;511,70;Geprueft
2012-03-12;511,69;Geprueft
2012-03-13;511,69;Geprueft
2012-03-14;511,69;Geprueft
2012-03-15;511,67;Geprueft
2012-03-16;511,67;Geprueft
2012-03-17;511,66;Geprueft
2012-03-18;511,66;Geprueft
2012-03-19;511,66;Geprueft
2012-03-20;511,65;Geprueft
2012-03-21;511,64;Geprueft
2012-03-22;511,64;Geprueft
2012-03-23;511,63;Geprueft
2012-03-24;511,63;Geprueft
2012-03-25;511,63;Geprueft
2012-03-26;511,63;Geprueft
2012-03-27;511,62;Geprueft
2012-03-28;511,62;Geprueft
2012-03-29;511,61;Geprueft
2012-03-30;511,61;Geprueft
2012-03-31;511,60;Geprueft
2012-04-01;511,59;Geprueft
2012-04-02;511,58;Geprueft
2012-04-03;511,58;Geprueft
2012-04-04;511,56;Geprueft
2012-04-05;511,56;Geprueft
2012-04-06;511,56;Geprueft
2012-04-07;511,56;Geprueft
2012-04-08;511,55;Geprueft
2012-04-09;511,55;Geprueft
2012-04-10;511,54;Geprueft
2012-04-11;511,54;Geprueft
2012-04-12;511,54;Geprueft
2012-04-13;511,54;Geprueft
2012-04-14;511,54;Geprueft
2012-04-15;511,52;Geprueft
2012-04-16;511,53;Geprueft
2012-04-17;511,53;Geprueft
2012-04-18;511,53;Geprueft
2012-04-19;511,53;Geprueft
2012-04-20;511,53;Geprueft
2012-04-21;511,53;Geprueft
2012-04-22;511,53;Geprueft
2012-04-23;511,52;Geprueft
2012-04-24;511,52;Geprueft
2012-04-25;511,52;Geprueft
2012-04-26;511,52;Geprueft
2012-04-27;511,51;Geprueft
2012-04-28;511,50;Geprueft
2012-04-29;511,50;Geprueft
2012-04-30;511,49;Geprueft
2012-05-01;511,49;Geprueft
2012-05-02;511,47;Geprueft
2012-05-03;511,47;Geprueft
2012-05-04;511,47;Geprueft
2012-05-05;511,46;Geprueft
2012-05-06;511,46;Geprueft
2012-05-07;511,46;Geprueft
2012-05-08;511,45;Geprueft
2012-05-09;511,45;Geprueft
2012-05-10;511,44;Geprueft
2012-05-11;511,43;Geprueft
2012-05-12;511,43;Geprueft
2012-05-13;511,43;Geprueft
2012-05-14;511,42;Geprueft
2012-05-15;511,42;Geprueft
2012-05-16;511,42;Geprueft
2012-05-17;511,41;Geprueft
2012-05-18;511,40;Geprueft
2012-05-19;511,40;Geprueft
2012-05-20;511,40;Geprueft
2012-05-21;511,39;Geprueft
2012-05-22;511,38;Geprueft
2012-05-23;511,38;Geprueft
2012-05-24;511,38;Geprueft
2012-05-25;511,38;Geprueft
2012-05-26;511,37;Geprueft
2012-05-27;511,35;Geprueft
2012-05-28;511,35;Geprueft
2012-05-29;511,34;Geprueft
2012-05-30;511,34;Geprueft
2012-05-31;511,34;Geprueft
2012-06-01;511,34;Geprueft
2012-06-02;511,33;Geprueft
2012-06-03;511,33;Geprueft
2012-06-04;511,35;Geprueft
2012-06-05;511,36;Geprueft
2012-06-06;511,35;Geprueft
2012-06-07;511,35;Geprueft
2012-06-08;511,35;Geprueft
2012-06-09;511,36;Geprueft
2012-06-10;511,39;Geprueft
2012-06-11;511,41;Geprueft
2012-06-12;511,43;Geprueft
2012-06-13;511,47;Geprueft
2012-06-14;511,51;Geprueft
2012-06-15;511,55;Geprueft
2012-06-16;511,57;Geprueft
2012-06-17;511,58;Geprueft
2012-06-18;511,58;Geprueft
2012-06-19;511,59;Geprueft
2012-06-20;511,60;Geprueft
2012-06-21;511,61;Geprueft
2012-06-22;511,61;Geprueft
2012-06-23;511,60;Geprueft
2012-06-24;511,59;Geprueft
2012-06-25;511,59;Geprueft
2012-06-26;511,58;Geprueft
2012-06-27;511,57;Geprueft
2012-06-28;511,56;Geprueft
2012-06-29;511,55;Geprueft
2012-06-30;511,54;Geprueft
2012-07-01;511,53;Geprueft
2012-07-02;511,51;Geprueft
2012-07-03;511,50;Geprueft
2012-07-04;511,49;Geprueft
2012-07-05;511,48;Geprueft
2012-07-06;511,48;Geprueft
2012-07-07;511,48;Geprueft
2012-07-08;511,47;Geprueft
2012-07-09;511,47;Geprueft
2012-07-10;511,45;Geprueft
2012-07-11;511,45;Geprueft
2012-07-12;511,45;Geprueft
2012-07-13;511,44;Geprueft
2012-07-14;511,43;Geprueft
2012-07-15;511,42;Geprueft
2012-07-16;511,42;Geprueft
2012-07-17;511,41;Geprueft
2012-07-18;511,40;Geprueft
2012-07-19;511,39;Geprueft
2012-07-20;511,37;Geprueft
2012-07-21;511,37;Geprueft
2012-07-22;511,36;Geprueft
2012-07-23;511,36;Geprueft
2012-07-24;511,34;Geprueft
2012-07-25;511,33;Geprueft
2012-07-26;511,33;Geprueft
2012-07-27;511,32;Geprueft
2012-07-28;511,32;Geprueft
2012-07-29;511,30;Geprueft
2012-07-30;511,30;Geprueft
2012-07-31;511,30;Geprueft
2012-08-01;511,30;Geprueft
2012-08-02;511,29;Geprueft
2012-08-03;511,36;Geprueft
2012-08-04;511,36;Geprueft
2012-08-05;511,36;Geprueft
2012-08-06;511,38;Geprueft
2012-08-07;511,41;Geprueft
2012-08-08;511,41;Geprueft
2012-08-09;511,42;Geprueft
2012-08-10;511,42;Geprueft
2012-08-11;511,42;Geprueft
2012-08-12;511,42;Geprueft
2012-08-13;511,42;Geprueft
2012-08-14;511,42;Geprueft
2012-08-15;511,41;Geprueft
2012-08-16;511,41;Geprueft
2012-08-17;511,41;Geprueft
2012-08-18;511,40;Geprueft
2012-08-19;511,40;Geprueft
2012-08-20;511,38;Geprueft
2012-08-21;511,38;Geprueft
2012-08-22;511,37;Geprueft
2012-08-23;511,37;Geprueft
2012-08-24;511,36;Geprueft
2012-08-25;511,36;Geprueft
2012-08-26;511,40;Geprueft
2012-08-27;511,40;Geprueft
2012-08-28;511,39;Geprueft
2012-08-29;511,39;Geprueft
2012-08-30;511,40;Geprueft
2012-08-31;511,49;Geprueft
2012-09-01;511,56;Geprueft
2012-09-02;511,63;Geprueft
2012-09-03;511,67;Geprueft
2012-09-04;511,68;Geprueft
2012-09-05;511,68;Geprueft
2012-09-06;511,68;Geprueft
2012-09-07;511,68;Geprueft
2012-09-08;511,68;Geprueft
2012-09-09;511,68;Geprueft
2012-09-10;511,68;Geprueft
2012-09-11;511,67;Geprueft
2012-09-12;511,67;Geprueft
2012-09-13;511,67;Geprueft
2012-09-14;511,66;Geprueft
2012-09-15;511,65;Geprueft
2012-09-16;511,64;Geprueft
2012-09-17;511,63;Geprueft
2012-09-18;511,62;Geprueft
2012-09-19;511,62;Geprueft
2012-09-20;511,60;Geprueft
2012-09-21;511,60;Geprueft
2012-09-22;511,59;Geprueft
2012-09-23;511,59;Geprueft
2012-09-24;511,58;Geprueft
2012-09-25;511,58;Geprueft
2012-09-26;511,56;Geprueft
2012-09-27;511,55;Geprueft
2012-09-28;511,55;Geprueft
2012-09-29;511,54;Geprueft
2012-09-30;511,54;Geprueft
2012-10-01;511,52;Geprueft
2012-10-02;511,51;Geprueft
2012-10-03;511,50;Geprueft
2012-10-04;511,49;Geprueft
2012-10-05;511,48;Geprueft
2012-10-06;511,47;Geprueft
2012-10-07;511,47;Geprueft
2012-10-08;511,48;Geprueft
2012-10-09;511,46;Geprueft
2012-10-10;511,46;Geprueft
2012-10-11;511,46;Geprueft
2012-10-12;511,46;Geprueft
2012-10-13;511,46;Geprueft
2012-10-14;511,46;Geprueft
2012-10-15;511,46;Geprueft
2012-10-16;511,46;Geprueft
2012-10-17;511,45;Geprueft
2012-10-18;511,44;Geprueft
2012-10-19;511,44;Geprueft
2012-10-20;511,43;Geprueft
2012-10-21;511,42;Geprueft
2012-10-22;511,42;Geprueft
2012-10-23;511,41;Geprueft
2012-10-24;511,40;Geprueft
2012-10-25;511,39;Geprueft
2012-10-26;511,38;Geprueft
2012-10-27;511,38;Geprueft
2012-10-28;511,38;Geprueft
2012-10-29;511,38;Geprueft
2012-10-30;511,38;Geprueft
2012-10-31;511,38;Geprueft
2012-11-01;511,37;Geprueft
2012-11-02;511,37;Geprueft
2012-11-03;511,36;Geprueft
2012-11-04;511,35;Geprueft
2012-11-05;511,37;Geprueft
2012-11-06;511,37;Geprueft
2012-11-07;511,38;Geprueft
2012-11-08;511,40;Geprueft
2012-11-09;511,40;Geprueft
2012-11-10;511,41;Geprueft
2012-11-11;511,41;Geprueft
2012-11-12;511,41;Geprueft
2012-11-13;511,41;Geprueft
2012-11-14;511,41;Geprueft
2012-11-15;511,41;Geprueft
2012-11-16;511,40;Geprueft
2012-11-17;511,39;Geprueft
2012-11-18;511,38;Geprueft
2012-11-19;511,37;Geprueft
2012-11-20;511,36;Geprueft
2012-11-21;511,36;Geprueft
2012-11-22;511,35;Geprueft
2012-11-23;511,34;Geprueft
2012-11-24;511,34;Geprueft
2012-11-25;511,33;Geprueft
2012-11-26;511,33;Geprueft
2012-11-27;511,32;Geprueft
2012-11-28;511,31;Geprueft
2012-11-29;511,31;Geprueft
2012-11-30;511,31;Geprueft
2012-12-01;511,31;Geprueft
2012-12-02;511,30;Geprueft
2012-12-03;511,30;Geprueft
2012-12-04;511,29;Geprueft
2012-12-05;511,29;Geprueft
2012-12-06;511,29;Geprueft
2012-12-07;511,28;Geprueft
2012-12-08;511,28;Geprueft
2012-12-09;511,27;Geprueft
2012-12-10;511,27;Geprueft
2012-12-11;511,27;Geprueft
2012-12-12;511,27;Geprueft
2012-12-13;511,26;Geprueft
2012-12-14;511,26;Geprueft
2012-12-15;511,26;Geprueft
2012-12-16;511,26;Geprueft
2012-12-17;511,27;Geprueft
2012-12-18;511,27;Geprueft
2012-12-19;511,30;Geprueft
2012-12-20;511,32;Geprueft
2012-12-21;511,35;Geprueft
2012-12-22;511,37;Geprueft
2012-12-23;511,41;Geprueft
2012-12-24;511,45;Geprueft
2012-12-25;511,50;Geprueft
2012-12-26;511,53;Geprueft
2012-12-27;511,54;Geprueft
2012-12-28;511,55;Geprueft
2012-12-29;511,56;Geprueft
2012-12-30;511,56;Geprueft
2012-12-31;511,56;Geprueft
2013-01-01;511,56;Geprueft
2013-01-02;511,56;Geprueft
2013-01-03;511,56;Geprueft
2013-01-04;511,56;Geprueft
2013-01-05;511,58;Geprueft
2013-01-06;511,60;Geprueft
2013-01-07;511,65;Geprueft
2013-01-08;511,68;Geprueft
2013-01-09;511,70;Geprueft
2013-01-10;511,71;Geprueft
2013-01-11;511,72;Geprueft
2013-01-12;511,72;Geprueft
2013-01-13;511,72;Geprueft
2013-01-14;511,72;Geprueft
2013-01-15;511,72;Geprueft
2013-01-16;511,71;Geprueft
2013-01-17;511,71;Geprueft
2013-01-18;511,70;Geprueft
2013-01-19;511,69;Geprueft
2013-01-20;511,68;Geprueft
2013-01-21;511,67;Geprueft
2013-01-22;511,66;Geprueft
2013-01-23;511,65;Geprueft
2013-01-24;511,65;Geprueft
2013-01-25;511,64;Geprueft
2013-01-26;511,63;Geprueft
2013-01-27;511,62;Geprueft
2013-01-28;511,62;Geprueft
2013-01-29;511,62;Geprueft
2013-01-30;511,65;Geprueft
2013-01-31;511,69;Geprueft
2013-02-01;511,75;Geprueft
2013-02-02;511,83;Geprueft
2013-02-03;511,91;Geprueft
2013-02-04;511,97;Geprueft
2013-02-05;512,01;Geprueft
2013-02-06;512,03;Geprueft
2013-02-07;512,04;Geprueft
2013-02-08;512,05;Geprueft
2013-02-09;512,06;Geprueft
2013-02-10;512,06;Geprueft
2013-02-11;512,06;Geprueft
2013-02-12;512,06;Geprueft
2013-02-13;512,06;Geprueft
2013-02-14;512,05;Geprueft
2013-02-15;512,05;Geprueft
2013-02-16;512,04;Geprueft
2013-02-17;512,03;Geprueft
2013-02-18;512,02;Geprueft
2013-02-19;512,01;Geprueft
2013-02-20;512,00;Geprueft
2013-02-21;512,00;Geprueft
2013-02-22;511,99;Geprueft
2013-02-23;511,98;Geprueft
2013-02-24;511,97;Geprueft
2013-02-25;511,96;Geprueft
2013-02-26;511,95;Geprueft
2013-02-27;511,94;Geprueft
2013-02-28;511,93;Geprueft
2013-03-01;511,92;Geprueft
2013-03-02;511,91;Geprueft
2013-03-03;511,91;Geprueft
2013-03-04;511,90;Geprueft
2013-03-05;511,90;Geprueft
2013-03-06;511,89;Geprueft
2013-03-07;511,89;Geprueft
2013-03-08;511,89;Geprueft
2013-03-09;511,90;Geprueft
2013-03-10;511,93;Geprueft
2013-03-11;511,95;Geprueft
2013-03-12;511,96;Geprueft
2013-03-13;511,97;Geprueft
2013-03-14;511,97;Geprueft
2013-03-15;511,97;Geprueft
2013-03-16;511,97;Geprueft
2013-03-17;511,96;Geprueft
2013-03-18;511,96;Geprueft
2013-03-19;511,96;Geprueft
2013-03-20;511,95;Geprueft
2013-03-21;511,94;Geprueft
2013-03-22;511,94;Geprueft
2013-03-23;511,93;Geprueft
2013-03-24;511,92;Geprueft
2013-03-25;511,91;Geprueft
2013-03-26;511,90;Geprueft
2013-03-27;511,89;Geprueft
2013-03-28;511,89;Geprueft
2013-03-29;511,89;Geprueft
2013-03-30;511,89;Geprueft
2013-03-31;511,88;Geprueft
2013-04-01;511,88;Geprueft
2013-04-02;511,88;Geprueft
2013-04-03;511,88;Geprueft
2013-04-04;511,88;Geprueft
2013-04-05;511,88;Geprueft
2013-04-06;511,88;Geprueft
2013-04-07;511,88;Geprueft
2013-04-08;511,87;Geprueft
2013-04-09;511,87;Geprueft
2013-04-10;511,87;Geprueft
2013-04-11;511,86;Geprueft
2013-04-12;511,86;Geprueft
2013-04-13;511,85;Geprueft
2013-04-14;511,85;Geprueft
2013-04-15;511,84;Geprueft
2013-04-16;511,83;Geprueft
2013-04-17;511,82;Geprueft
2013-04-18;511,82;Geprueft
2013-04-19;511,82;Geprueft
2013-04-20;511,81;Geprueft
2013-04-21;511,81;Geprueft
2013-04-22;511,81;Geprueft
2013-04-23;511,80;Geprueft
2013-04-24;511,79;Geprueft
2013-04-25;511,78;Geprueft
2013-04-26;511,78;Geprueft
2013-04-27;511,78;Geprueft
2013-04-28;511,77;Geprueft
2013-04-29;511,76;Geprueft
2013-04-30;511,75;Geprueft
2013-05-01;511,74;Geprueft
2013-05-02;511,74;Geprueft
2013-05-03;511,73;Geprueft
2013-05-04;511,73;Geprueft
2013-05-05;511,73;Geprueft
2013-05-06;511,72;Geprueft
2013-05-07;511,71;Geprueft
2013-05-08;511,71;Geprueft
2013-05-09;511,70;Geprueft
2013-05-10;511,70;Geprueft
2013-05-11;511,71;Geprueft
2013-05-12;511,72;Geprueft
2013-05-13;511,72;Geprueft
2013-05-14;511,72;Geprueft
2013-05-15;511,72;Geprueft
2013-05-16;511,72;Geprueft
2013-05-17;511,72;Geprueft
2013-05-18;511,72;Geprueft
2013-05-19;511,72;Geprueft
2013-05-20;511,71;Geprueft
2013-05-21;511,71;Geprueft
2013-05-22;511,71;Geprueft
2013-05-23;511,70;Geprueft
2013-05-24;511,70;Geprueft
2013-05-25;511,69;Geprueft
2013-05-26;511,68;Geprueft
2013-05-27;511,68;Geprueft
2013-05-28;511,68;Geprueft
2013-05-29;511,68;Geprueft
2013-05-30;511,68;Geprueft
2013-05-31;511,71;Geprueft
2013-06-01;511,79;Geprueft
2013-06-02;511,99;Geprueft
2013-06-03;512,39;Geprueft
2013-06-04;512,57;Geprueft
2013-06-05;512,63;Geprueft
2013-06-06;512,65;Geprueft
2013-06-07;512,65;Geprueft
2013-06-08;512,65;Geprueft
2013-06-09;512,63;Geprueft
2013-06-10;512,62;Geprueft
2013-06-11;512,61;Geprueft
2013-06-12;512,59;Geprueft
2013-06-13;512,57;Geprueft
2013-06-14;512,55;Geprueft
2013-06-15;512,55;Geprueft
2013-06-16;512,53;Geprueft
2013-06-17;512,52;Geprueft
2013-06-18;512,50;Geprueft
2013-06-19;512,48;Geprueft
2013-06-20;512,46;Geprueft
2013-06-21;512,45;Geprueft
2013-06-22;512,44;Geprueft
2013-06-23;512,43;Geprueft
2013-06-24;512,45;Geprueft
2013-06-25;512,45;Geprueft
2013-06-26;512,44;Geprueft
2013-06-27;512,43;Geprueft
2013-06-28;512,42;Geprueft
2013-06-29;512,41;Geprueft
2013-06-30;512,39;Geprueft
2013-07-01;512,38;Geprueft
2013-07-02;512,37;Geprueft
2013-07-03;512,36;Geprueft
2013-07-04;512,35;Geprueft
2013-07-05;512,33;Geprueft
2013-07-06;512,32;Geprueft
2013-07-07;512,31;Geprueft
2013-07-08;512,30;Geprueft
2013-07-09;512,28;Geprueft
2013-07-10;512,27;Geprueft
2013-07-11;512,24;Geprueft
2013-07-12;512,23;Geprueft
2013-07-13;512,22;Geprueft
2013-07-14;512,20;Geprueft
2013-07-15;512,18;Geprueft
2013-07-16;512,15;Geprueft
2013-07-17;512,14;Geprueft
2013-07-18;512,13;Geprueft
2013-07-19;512,11;Geprueft
2013-07-20;512,10;Geprueft
2013-07-21;512,08;Geprueft
2013-07-22;512,06;Geprueft
2013-07-23;512,03;Geprueft
2013-07-24;512,02;Geprueft
2013-07-25;512,02;Geprueft
2013-07-26;512,01;Geprueft
2013-07-27;511,99;Geprueft
2013-07-28;511,98;Geprueft
2013-07-29;511,98;Geprueft
2013-07-30;511,99;Geprueft
2013-07-31;511,98;Geprueft
2013-08-01;511,98;Geprueft
2013-08-02;511,97;Geprueft
2013-08-03;511,95;Geprueft
2013-08-04;511,93;Geprueft
2013-08-05;511,92;Geprueft
2013-08-06;511,91;Geprueft
2013-08-07;511,91;Geprueft
2013-08-08;511,91;Geprueft
2013-08-09;511,91;Geprueft
2013-08-10;511,92;Geprueft
2013-08-11;511,92;Geprueft
2013-08-12;511,91;Geprueft
2013-08-13;511,90;Geprueft
2013-08-14;511,89;Geprueft
2013-08-15;511,89;Geprueft
2013-08-16;511,88;Geprueft
2013-08-17;511,87;Geprueft
2013-08-18;511,85;Geprueft
2013-08-19;511,84;Geprueft
2013-08-20;511,84;Geprueft
2013-08-21;511,84;Geprueft
2013-08-22;511,83;Geprueft
2013-08-23;511,82;Geprueft
2013-08-24;511,82;Geprueft
2013-08-25;511,84;Geprueft
2013-08-26;511,86;Geprueft
2013-08-27;511,86;Geprueft
2013-08-28;511,85;Geprueft
2013-08-29;511,84;Geprueft
2013-08-30;511,83;Geprueft
2013-08-31;511,82;Geprueft
2013-09-01;511,81;Geprueft
2013-09-02;511,81;Geprueft
2013-09-03;511,80;Geprueft
2013-09-04;511,79;Geprueft
2013-09-05;511,78;Geprueft
2013-09-06;511,78;Geprueft
2013-09-07;511,77;Geprueft
2013-09-08;511,76;Geprueft
2013-09-09;511,76;Geprueft
2013-09-10;511,75;Geprueft
2013-09-11;511,75;Geprueft
2013-09-12;511,75;Geprueft
2013-09-13;511,75;Geprueft
2013-09-14;511,75;Geprueft
2013-09-15;511,74;Geprueft
2013-09-16;511,73;Geprueft
2013-09-17;511,72;Geprueft
2013-09-18;511,73;Geprueft
2013-09-19;511,74;Geprueft
2013-09-20;511,74;Geprueft
2013-09-21;511,74;Geprueft
2013-09-22;511,74;Geprueft
2013-09-23;511,74;Geprueft
2013-09-24;511,73;Geprueft
2013-09-25;511,73;Geprueft
2013-09-26;511,72;Geprueft
2013-09-27;511,71;Geprueft
2013-09-28;511,71;Geprueft
2013-09-29;511,70;Geprueft
2013-09-30;511,69;Geprueft
2013-10-01;511,69;Geprueft
2013-10-02;511,68;Geprueft
2013-10-03;511,68;Geprueft
2013-10-04;511,67;Geprueft
2013-10-05;511,66;Geprueft
2013-10-06;511,66;Geprueft
2013-10-07;511,65;Geprueft
2013-10-08;511,65;Geprueft
2013-10-09;511,64;Geprueft
2013-10-10;511,64;Geprueft
2013-10-11;511,65;Geprueft
2013-10-12;511,65;Geprueft
2013-10-13;511,65;Geprueft
2013-10-14;511,64;Geprueft
2013-10-15;511,64;Geprueft
2013-10-16;511,68;Geprueft
2013-10-17;511,70;Geprueft
2013-10-18;511,74;Geprueft
2013-10-19;511,76;Geprueft
2013-10-20;511,77;Geprueft
2013-10-21;511,77;Geprueft
2013-10-22;511,77;Geprueft
2013-10-23;511,77;Geprueft
2013-10-24;511,77;Geprueft
2013-10-25;511,77;Geprueft
2013-10-26;511,76;Geprueft
2013-10-27;511,75;Geprueft
2013-10-28;511,75;Geprueft
2013-10-29;511,75;Geprueft
2013-10-30;511,75;Geprueft
2013-10-31;511,74;Geprueft
2013-11-01;511,73;Geprueft
2013-11-02;511,72;Geprueft
2013-11-03;511,72;Geprueft
2013-11-04;511,72;Geprueft
2013-11-05;511,71;Geprueft
2013-11-06;511,71;Geprueft
2013-11-07;511,70;Geprueft
2013-11-08;511,70;Geprueft
2013-11-09;511,70;Geprueft
2013-11-10;511,70;Geprueft
2013-11-11;511,70;Geprueft
2013-11-12;511,70;Geprueft
2013-11-13;511,70;Geprueft
2013-11-14;511,70;Geprueft
2013-11-15;511,70;Geprueft
2013-11-16;511,70;Geprueft
2013-11-17;511,70;Geprueft
2013-11-18;511,70;Geprueft
2013-11-19;511,70;Geprueft
2013-11-20;511,70;Geprueft
2013-11-21;511,69;Geprueft
2013-11-22;511,69;Geprueft
2013-11-23;;Geprueft
2013-11-24;511,68;Geprueft
2013-11-25;511,68;Geprueft
2013-11-26;511,67;Geprueft
2013-11-27;511,67;Geprueft
2013-11-28;511,66;Geprueft
2013-11-29;511,66;Geprueft
2013-11-30;511,66;Geprueft
2013-12-01;511,65;Geprueft
2013-12-02;511,65;Geprueft
2013-12-03;511,65;Geprueft
2013-12-04;511,64;Geprueft
2013-12-05;511,64;Geprueft
2013-12-06;511,63;Geprueft
2013-12-07;511,63;Geprueft
2013-12-08;511,63;Geprueft
2013-12-09;511,62;Geprueft
2013-12-10;511,62;Geprueft
2013-12-11;511,62;Geprueft
2013-12-12;511,61;Geprueft
2013-12-13;511,61;Geprueft
2013-12-14;511,61;Geprueft
2013-12-15;511,60;Geprueft
2013-12-16;511,60;Geprueft
2013-12-17;511,59;Geprueft
2013-12-18;511,59;Geprueft
2013-12-19;511,58;Geprueft
2013-12-20;511,58;Geprueft
2013-12-21;511,57;Geprueft
2013-12-22;511,57;Geprueft
2013-12-23;511,56;Geprueft
2013-12-24;511,56;Geprueft
2013-12-25;511,56;Geprueft
2013-12-26;511,55;Geprueft
2013-12-27;511,55;Geprueft
2013-12-28;511,54;Geprueft
2013-12-29;511,54;Geprueft
2013-12-30;511,54;Geprueft
2013-12-31;511,53;Geprueft
2014-01-01;511,53;Geprueft
2014-01-02;511,52;Geprueft
2014-01-03;511,52;Geprueft
2014-01-04;511,51;Geprueft
2014-01-05;511,51;Geprueft
2014-01-06;511,50;Geprueft
2014-01-07;511,50;Geprueft
2014-01-08;511,50;Geprueft
2014-01-09;511,49;Geprueft
2014-01-10;511,49;Geprueft
2014-01-11;511,49;Geprueft
2014-01-12;511,48;Geprueft
2014-01-13;511,48;Geprueft
2014-01-14;511,48;Geprueft
2014-01-15;511,48;Geprueft
2014-01-16;511,48;Geprueft
2014-01-17;511,47;Geprueft
2014-01-18;511,47;Geprueft
2014-01-19;511,47;Geprueft
2014-01-20;511,47;Geprueft
2014-01-21;511,47;Geprueft
2014-01-22;511,48;Geprueft
2014-01-23;511,48;Geprueft
2014-01-24;511,48;Geprueft
2014-01-25;511,49;Geprueft
2014-01-26;511,50;Geprueft
2014-01-27;511,50;Geprueft
2014-01-28;511,51;Geprueft
2014-01-29;511,51;Geprueft
2014-01-30;511,51;Geprueft
2014-01-31;511,51;Geprueft
2014-02-01;511,51;Geprueft
2014-02-02;511,50;Geprueft
2014-02-03;511,50;Geprueft
2014-02-04;511,50;Geprueft
2014-02-05;511,50;Geprueft
2014-02-06;511,50;Geprueft
2014-02-07;511,49;Geprueft
2014-02-08;511,49;Geprueft
2014-02-09;511,49;Geprueft
2014-02-10;511,49;Geprueft
2014-02-11;511,48;Geprueft
2014-02-12;511,48;Geprueft
2014-02-13;511,48;Geprueft
2014-02-14;511,48;Geprueft
2014-02-15;511,47;Geprueft
2014-02-16;511,47;Geprueft
2014-02-17;511,47;Geprueft
2014-02-18;511,46;Geprueft
2014-02-19;511,46;Geprueft
2014-02-20;511,46;Geprueft
2014-02-21;511,45;Geprueft
2014-02-22;511,45;Geprueft
2014-02-23;511,45;Geprueft
2014-02-24;511,44;Geprueft
2014-02-25;511,44;Geprueft
2014-02-26;511,43;Geprueft
2014-02-27;511,43;Geprueft
2014-02-28;511,42;Geprueft
2014-03-01;511,42;Geprueft
2014-03-02;511,41;Geprueft
2014-03-03;511,41;Geprueft
2014-03-04;511,40;Geprueft
2014-03-05;511,40;Geprueft
2014-03-06;511,39;Geprueft
2014-03-07;511,39;Geprueft
2014-03-08;511,39;Geprueft
2014-03-09;511,38;Geprueft
2014-03-10;511,38;Geprueft
2014-03-11;511,37;Geprueft
2014-03-12;511,37;Geprueft
2014-03-13;511,36;Geprueft
2014-03-14;511,36;Geprueft
2014-03-15;511,35;Geprueft
2014-03-16;511,35;Geprueft
2014-03-17;511,34;Geprueft
2014-03-18;511,34;Geprueft
2014-03-19;511,33;Geprueft
2014-03-20;511,33;Geprueft
2014-03-21;511,32;Geprueft
2014-03-22;511,32;Geprueft
2014-03-23;511,32;Geprueft
2014-03-24;511,32;Geprueft
2014-03-25;511,32;Geprueft
2014-03-26;511,32;Geprueft
2014-03-27;511,31;Geprueft
2014-03-28;511,31;Geprueft
2014-03-29;511,30;Geprueft
2014-03-30;511,30;Geprueft
2014-03-31;511,29;Geprueft
2014-04-01;511,28;Geprueft
2014-04-02;511,28;Geprueft
2014-04-03;511,27;Geprueft
2014-04-04;511,27;Geprueft
2014-04-05;511,27;Geprueft
2014-04-06;511,26;Geprueft
2014-04-07;511,26;Geprueft
2014-04-08;511,25;Geprueft
2014-04-09;511,25;Geprueft
2014-04-10;511,24;Geprueft
2014-04-11;511,24;Geprueft
2014-04-12;511,23;Geprueft
2014-04-13;511,23;Geprueft
2014-04-14;511,22;Geprueft
2014-04-15;511,22;Geprueft
2014-04-16;511,21;Geprueft
2014-04-17;511,21;Geprueft
2014-04-18;511,20;Geprueft
2014-04-19;511,20;Geprueft
2014-04-20;511,20;Geprueft
2014-04-21;511,19;Geprueft
2014-04-22;511,21;Geprueft
2014-04-23;511,20;Geprueft
2014-04-24;511,20;Geprueft
2014-04-25;511,19;Geprueft
2014-04-26;511,19;Geprueft
2014-04-27;511,19;Geprueft
2014-04-28;511,18;Geprueft
2014-04-29;511,18;Geprueft
2014-04-30;511,18;Geprueft
2014-05-01;511,17;Geprueft
2014-05-02;511,17;Geprueft
2014-05-03;511,17;Geprueft
2014-05-04;511,16;Geprueft
2014-05-05;511,16;Geprueft
2014-05-06;511,15;Geprueft
2014-05-07;511,15;Geprueft
2014-05-08;511,16;Geprueft
2014-05-09;511,15;Geprueft
2014-05-10;511,15;Geprueft
2014-05-11;511,15;Geprueft
2014-05-12;511,14;Geprueft
2014-05-13;511,14;Geprueft
2014-05-14;511,15;Geprueft
2014-05-15;511,15;Geprueft
2014-05-16;511,14;Geprueft
2014-05-17;511,14;Geprueft
2014-05-18;511,14;Geprueft
2014-05-19;511,14;Geprueft
2014-05-20;511,13;Geprueft
2014-05-21;511,13;Geprueft
2014-05-22;511,12;Geprueft
2014-05-23;511,12;Geprueft
2014-05-24;511,11;Geprueft
2014-05-25;511,11;Geprueft
2014-05-26;511,11;Geprueft
2014-05-27;511,10;Geprueft
2014-05-28;511,10;Geprueft
2014-05-29;511,10;Geprueft
2014-05-30;511,10;Geprueft
2014-05-31;511,10;Geprueft
2014-06-01;511,09;Geprueft
2014-06-02;511,09;Geprueft
2014-06-03;511,08;Geprueft
2014-06-04;511,08;Geprueft
2014-06-05;511,08;Geprueft
2014-06-06;511,06;Geprueft
2014-06-07;511,05;Geprueft
2014-06-08;511,04;Geprueft
2014-06-09;511,04;Geprueft
2014-06-10;511,04;Geprueft
2014-06-11;511,03;Geprueft
2014-06-12;511,03;Geprueft
2014-06-13;511,02;Geprueft
2014-06-14;511,00;Geprueft
2014-06-15;510,99;Geprueft
2014-06-16;510,98;Geprueft
2014-06-17;510,98;Geprueft
2014-06-18;510,98;Geprueft
2014-06-19;510,97;Geprueft
2014-06-20;510,97;Geprueft
2014-06-21;510,96;Geprueft
2014-06-22;510,95;Geprueft
2014-06-23;510,93;Geprueft
2014-06-24;510,92;Geprueft
2014-06-25;510,92;Geprueft
2014-06-26;510,92;Geprueft
2014-06-27;510,92;Geprueft
2014-06-28;510,92;Geprueft
2014-06-29;510,92;Geprueft
2014-06-30;510,93;Geprueft
2014-07-01;510,94;Geprueft
2014-07-02;510,94;Geprueft
2014-07-03;510,94;Geprueft
2014-07-04;510,94;Geprueft
2014-07-05;510,94;Geprueft
2014-07-06;510,93;Geprueft
2014-07-07;510,93;Geprueft
2014-07-08;510,92;Geprueft
2014-07-09;510,94;Geprueft
2014-07-10;510,94;Geprueft
2014-07-11;510,94;Geprueft
2014-07-12;510,94;Geprueft
2014-07-13;510,94;Geprueft
2014-07-14;510,94;Geprueft
2014-07-15;510,93;Geprueft
2014-07-16;510,93;Geprueft
2014-07-17;510,92;Geprueft
2014-07-18;510,91;Geprueft
2014-07-19;510,91;Geprueft
2014-07-20;510,90;Geprueft
2014-07-21;510,92;Geprueft
2014-07-22;510,96;Geprueft
2014-07-23;510,97;Geprueft
2014-07-24;510,97;Geprueft
2014-07-25;510,97;Geprueft
2014-07-26;510,96;Geprueft
2014-07-27;510,97;Geprueft
2014-07-28;510,97;Geprueft
2014-07-29;510,97;Geprueft
2014-07-30;510,96;Geprueft
2014-07-31;510,96;Geprueft
2014-08-01;510,96;Geprueft
2014-08-02;510,99;Geprueft
2014-08-03;511,05;Geprueft
2014-08-04;511,07;Geprueft
2014-08-05;511,09;Geprueft
2014-08-06;511,10;Geprueft
2014-08-07;511,10;Geprueft
2014-08-08;511,10;Geprueft
2014-08-09;511,10;Geprueft
2014-08-10;511,10;Geprueft
2014-08-11;511,10;Geprueft
2014-08-12;511,12;Geprueft
2014-08-13;511,12;Geprueft
2014-08-14;511,12;Geprueft
2014-08-15;511,12;Geprueft
2014-08-16;511,12;Geprueft
2014-08-17;511,12;Geprueft
2014-08-18;511,12;Geprueft
2014-08-19;511,12;Geprueft
2014-08-20;511,12;Geprueft
2014-08-21;511,12;Geprueft
2014-08-22;511,11;Geprueft
2014-08-23;511,11;Geprueft
2014-08-24;511,11;Geprueft
2014-08-25;511,10;Geprueft
2014-08-26;511,10;Geprueft
2014-08-27;511,10;Geprueft
2014-08-28;511,10;Geprueft
2014-08-29;511,09;Geprueft
2014-08-30;511,09;Geprueft
2014-08-31;511,10;Geprueft
2014-09-01;511,13;Geprueft
2014-09-02;511,13;Geprueft
2014-09-03;511,14;Geprueft
2014-09-04;511,14;Geprueft
2014-09-05;511,15;Geprueft
2014-09-06;511,15;Geprueft
2014-09-07;511,15;Geprueft
2014-09-08;511,15;Geprueft
2014-09-09;511,16;Geprueft
2014-09-10;511,16;Geprueft
2014-09-11;511,16;Geprueft
2014-09-12;511,15;Geprueft
2014-09-13;511,15;Geprueft
2014-09-14;511,15;Geprueft
2014-09-15;511,15;Geprueft
2014-09-16;511,15;Geprueft
2014-09-17;511,15;Geprueft
2014-09-18;511,14;Geprueft
2014-09-19;511,14;Geprueft
2014-09-20;511,15;Geprueft
2014-09-21;511,15;Geprueft
2014-09-22;511,15;Geprueft
2014-09-23;511,15;Geprueft
2014-09-24;511,15;Geprueft
2014-09-25;511,15;Geprueft
2014-09-26;511,15;Geprueft
2014-09-27;511,15;Geprueft
2014-09-28;511,15;Geprueft
2014-09-29;511,15;Geprueft
2014-09-30;511,15;Geprueft
2014-10-01;511,16;Geprueft
2014-10-02;511,16;Geprueft
2014-10-03;511,16;Geprueft
2014-10-04;511,15;Geprueft
2014-10-05;511,15;Geprueft
2014-10-06;511,14;Geprueft
2014-10-07;511,14;Geprueft
2014-10-08;511,14;Geprueft
2014-10-09;511,13;Geprueft
2014-10-10;511,13;Geprueft
2014-10-11;511,12;Geprueft
2014-10-12;511,11;Geprueft
2014-10-13;511,11;Geprueft
2014-10-14;511,11;Geprueft
2014-10-15;511,10;Geprueft
2014-10-16;511,10;Geprueft
2014-10-17;511,09;Geprueft
2014-10-18;511,09;Geprueft
2014-10-19;511,09;Geprueft
2014-10-20;511,08;Geprueft
2014-10-21;511,14;Geprueft
2014-10-22;511,15;Geprueft
2014-10-23;511,20;Geprueft
2014-10-24;511,24;Geprueft
2014-10-25;511,29;Geprueft
2014-10-26;511,31;Geprueft
2014-10-27;511,32;Geprueft
2014-10-28;511,32;Geprueft
2014-10-29;511,32;Geprueft
2014-10-30;511,31;Geprueft
2014-10-31;511,31;Geprueft
2014-11-01;511,30;Geprueft
2014-11-02;511,29;Geprueft
2014-11-03;511,28;Geprueft
2014-11-04;511,28;Geprueft
2014-11-05;511,27;Geprueft
2014-11-06;511,26;Geprueft
2014-11-07;511,26;Geprueft
2014-11-08;511,25;Geprueft
2014-11-09;511,24;Geprueft
2014-11-10;511,23;Geprueft
2014-11-11;511,22;Geprueft
2014-11-12;511,21;Geprueft
2014-11-13;511,21;Geprueft
2014-11-14;511,20;Geprueft
2014-11-15;511,19;Geprueft
2014-11-16;511,18;Geprueft
2014-11-17;511,17;Geprueft
2014-11-18;511,18;Geprueft
2014-11-19;511,18;Geprueft
2014-11-20;511,18;Geprueft
2014-11-21;511,17;Geprueft
2014-11-22;511,16;Geprueft
2014-11-23;511,16;Geprueft
2014-11-24;511,15;Geprueft
2014-11-25;511,15;Geprueft
2014-11-26;511,14;Geprueft
2014-11-27;511,14;Geprueft
2014-11-28;511,13;Geprueft
2014-11-29;511,13;Geprueft
2014-11-30;511,12;Geprueft
2014-12-01;511,12;Geprueft
2014-12-02;511,11;Geprueft
2014-12-03;511,11;Geprueft
2014-12-04;511,10;Geprueft
2014-12-05;511,10;Geprueft
2014-12-06;511,09;Geprueft
2014-12-07;511,08;Geprueft
2014-12-08;511,08;Geprueft
2014-12-09;511,07;Geprueft
2014-12-10;511,07;Geprueft
2014-12-11;511,06;Geprueft
2014-12-12;511,06;Geprueft
2014-12-13;511,05;Geprueft
2014-12-14;511,05;Geprueft
2014-12-15;511,04;Geprueft
2014-12-16;511,03;Geprueft
2014-12-17;511,03;Geprueft
2014-12-18;511,03;Geprueft
2014-12-19;511,03;Geprueft
2014-12-20;511,05;Geprueft
2014-12-21;511,04;Geprueft
2014-12-22;511,04;Geprueft
2014-12-23;511,04;Geprueft
2014-12-24;511,04;Geprueft
2014-12-25;511,04;Geprueft
2014-12-26;511,04;Geprueft
2014-12-27;511,04;Geprueft
2014-12-28;511,04;Geprueft
2014-12-29;511,04;Geprueft
2014-12-30;511,03;Geprueft
2014-12-31;511,03;Geprueft
2015-01-01;511,03;Geprueft
2015-01-02;511,03;Geprueft
2015-01-03;511,04;Geprueft
2015-01-04;511,09;Geprueft
2015-01-05;511,14;Geprueft
2015-01-06;511,20;Geprueft
2015-01-07;511,22;Geprueft
2015-01-08;511,24;Geprueft
2015-01-09;511,25;Geprueft
2015-01-10;511,26;Geprueft
2015-01-11;511,27;Geprueft
2015-01-12;511,27;Geprueft
2015-01-13;511,27;Geprueft
2015-01-14;511,27;Geprueft
2015-01-15;511,27;Geprueft
2015-01-16;511,27;Geprueft
2015-01-17;511,28;Geprueft
2015-01-18;511,28;Geprueft
2015-01-19;511,28;Geprueft
2015-01-20;511,28;Geprueft
2015-01-21;511,28;Geprueft
2015-01-22;511,27;Geprueft
2015-01-23;511,27;Geprueft
2015-01-24;511,26;Geprueft
2015-01-25;511,26;Geprueft
2015-01-26;511,25;Geprueft
2015-01-27;511,25;Geprueft
2015-01-28;511,25;Geprueft
2015-01-29;511,25;Geprueft
2015-01-30;511,25;Geprueft
2015-01-31;511,25;Geprueft
2015-02-01;511,25;Geprueft
2015-02-02;511,24;Geprueft
2015-02-03;511,24;Geprueft
2015-02-04;511,23;Geprueft
2015-02-05;511,23;Geprueft
2015-02-06;511,22;Geprueft
2015-02-07;511,21;Geprueft
2015-02-08;511,21;Geprueft
2015-02-09;511,20;Geprueft
2015-02-10;511,19;Geprueft
2015-02-11;511,19;Geprueft
2015-02-12;511,18;Geprueft
2015-02-13;511,18;Geprueft
2015-02-14;511,17;Geprueft
2015-02-15;511,17;Geprueft
2015-02-16;511,16;Geprueft
2015-02-17;511,15;Geprueft
2015-02-18;511,15;Geprueft
2015-02-19;511,14;Geprueft
2015-02-20;511,14;Geprueft
2015-02-21;511,13;Geprueft
2015-02-22;511,13;Geprueft
2015-02-23;511,13;Geprueft
2015-02-24;511,13;Geprueft
2015-02-25;511,12;Geprueft
2015-02-26;511,12;Geprueft
2015-02-27;511,12;Geprueft
2015-02-28;511,13;Geprueft
2015-03-01;511,14;Geprueft
2015-03-02;511,15;Geprueft
2015-03-03;511,16;Geprueft
2015-03-04;511,17;Geprueft
2015-03-05;511,18;Geprueft
2015-03-06;511,19;Geprueft
2015-03-07;511,19;Geprueft
2015-03-08;511,20;Geprueft
2015-03-09;511,20;Geprueft
2015-03-10;511,20;Geprueft
2015-03-11;511,19;Geprueft
2015-03-12;511,19;Geprueft
2015-03-13;511,18;Geprueft
2015-03-14;511,18;Geprueft
2015-03-15;511,17;Geprueft
2015-03-16;511,17;Geprueft
2015-03-17;511,16;Geprueft
2015-03-18;511,16;Geprueft
2015-03-19;511,15;Geprueft
2015-03-20;511,15;Geprueft
2015-03-21;511,14;Geprueft
2015-03-22;511,14;Geprueft
2015-03-23;511,13;Geprueft
2015-03-24;511,13;Geprueft
2015-03-25;511,12;Geprueft
2015-03-26;511,12;Geprueft
2015-03-27;511,11;Geprueft
2015-03-28;511,11;Geprueft
2015-03-29;511,10;Geprueft
2015-03-30;511,11;Geprueft
2015-03-31;511,11;Geprueft
2015-04-01;511,12;Geprueft
2015-04-02;511,12;Geprueft
2015-04-03;511,12;Geprueft
2015-04-04;511,12;Geprueft
2015-04-05;511,12;Geprueft
2015-04-06;511,12;Geprueft
2015-04-07;511,11;Geprueft
2015-04-08;511,11;Geprueft
2015-04-09;511,11;Geprueft
2015-04-10;511,11;Geprueft
2015-04-11;511,11;Geprueft
2015-04-12;511,10;Geprueft
2015-04-13;511,10;Geprueft
2015-04-14;511,10;Geprueft
2015-04-15;511,09;Geprueft
2015-04-16;511,09;Geprueft
2015-04-17;511,09;Geprueft
2015-04-18;511,10;Geprueft
2015-04-19;511,10;Geprueft
2015-04-20;511,10;Geprueft
2015-04-21;511,09;Geprueft
2015-04-22;511,09;Geprueft
2015-04-23;511,08;Geprueft
2015-04-24;511,08;Geprueft
2015-04-25;511,07;Geprueft
2015-04-26;511,07;Geprueft
2015-04-27;511,07;Geprueft
2015-04-28;511,07;Geprueft
2015-04-29;511,06;Geprueft
2015-04-30;511,06;Geprueft
2015-05-01;511,07;Geprueft
2015-05-02;511,11;Geprueft
2015-05-03;511,12;Geprueft
2015-05-04;511,14;Geprueft
2015-05-05;511,17;Geprueft
2015-05-06;511,22;Geprueft
2015-05-07;511,24;Geprueft
2015-05-08;511,26;Geprueft
2015-05-09;511,28;Geprueft
2015-05-10;511,29;Geprueft
2015-05-11;511,29;Geprueft
2015-05-12;511,29;Geprueft
2015-05-13;511,28;Geprueft
2015-05-14;511,28;Geprueft
2015-05-15;511,28;Geprueft
2015-05-16;511,27;Geprueft
2015-05-17;511,26;Geprueft
2015-05-18;511,25;Geprueft
2015-05-19;511,25;Geprueft
2015-05-20;511,30;Geprueft
2015-05-21;511,32;Geprueft
2015-05-22;511,35;Geprueft
2015-05-23;511,37;Geprueft
2015-05-24;511,40;Geprueft
2015-05-25;511,40;Geprueft
2015-05-26;511,41;Geprueft
2015-05-27;511,42;Geprueft
2015-05-28;511,42;Geprueft
2015-05-29;511,42;Geprueft
2015-05-30;511,42;Geprueft
2015-05-31;511,41;Geprueft
2015-06-01;511,40;Geprueft
2015-06-02;511,41;Geprueft
2015-06-03;511,40;Geprueft
2015-06-04;511,39;Geprueft
2015-06-05;511,38;Geprueft
2015-06-06;511,37;Geprueft
2015-06-07;511,36;Geprueft
2015-06-08;511,36;Geprueft
2015-06-09;511,36;Geprueft
2015-06-10;511,35;Geprueft
2015-06-11;511,34;Geprueft
2015-06-12;511,33;Geprueft
2015-06-13;511,32;Geprueft
2015-06-14;511,32;Geprueft
2015-06-15;511,33;Geprueft
2015-06-16;511,33;Geprueft
2015-06-17;511,32;Geprueft
2015-06-18;511,32;Geprueft
2015-06-19;511,31;Geprueft
2015-06-20;511,31;Geprueft
2015-06-21;511,30;Geprueft
2015-06-22;511,30;Geprueft
2015-06-23;511,31;Geprueft
2015-06-24;511,30;Geprueft
2015-06-25;511,29;Geprueft
2015-06-26;511,29;Geprueft
2015-06-27;511,28;Geprueft
2015-06-28;511,27;Geprueft
2015-06-29;511,26;Geprueft
2015-06-30;511,25;Geprueft
2015-07-01;511,24;Geprueft
2015-07-02;511,21;Geprueft
2015-07-03;511,20;Geprueft
2015-07-04;511,19;Geprueft
2015-07-05;511,18;Geprueft
2015-07-06;511,17;Geprueft
2015-07-07;511,15;Geprueft
2015-07-08;511,14;Geprueft
2015-07-09;511,14;Geprueft
2015-07-10;511,14;Geprueft
2015-07-11;511,14;Geprueft
2015-07-12;511,13;Geprueft
2015-07-13;511,13;Geprueft
2015-07-14;511,10;Geprueft
2015-07-15;511,09;Geprueft
2015-07-16;511,09;Geprueft
2015-07-17;511,08;Geprueft
2015-07-18;511,07;Geprueft
2015-07-19;511,07;Geprueft
2015-07-20;511,06;Geprueft
2015-07-21;511,05;Geprueft
2015-07-22;511,03;Geprueft
2015-07-23;511,03;Geprueft
2015-07-24;511,03;Geprueft
2015-07-25;511,03;Geprueft
2015-07-26;511,03;Geprueft
2015-07-27;511,03;Geprueft
2015-07-28;511,03;Geprueft
2015-07-29;511,02;Geprueft
2015-07-30;511,02;Geprueft
2015-07-31;511,02;Geprueft
2015-08-01;511,01;Geprueft
2015-08-02;511,00;Geprueft
2015-08-03;510,98;Geprueft
2015-08-04;510,97;Geprueft
2015-08-05;510,97;Geprueft
2015-08-06;510,96;Geprueft
2015-08-07;510,96;Geprueft
2015-08-08;510,95;Geprueft
2015-08-09;510,97;Geprueft
2015-08-10;510,95;Geprueft
2015-08-11;510,94;Geprueft
2015-08-12;510,94;Geprueft
2015-08-13;510,93;Geprueft
2015-08-14;510,92;Geprueft
2015-08-15;510,92;Geprueft
2015-08-16;510,92;Geprueft
2015-08-17;510,92;Geprueft
2015-08-18;510,92;Geprueft
2015-08-19;510,92;Geprueft
2015-08-20;510,92;Geprueft
2015-08-21;510,92;Geprueft
2015-08-22;510,91;Geprueft
2015-08-23;510,91;Geprueft
2015-08-24;510,93;Geprueft
2015-08-25;510,93;Geprueft
2015-08-26;510,92;Geprueft
2015-08-27;510,92;Geprueft
2015-08-28;510,91;Geprueft
2015-08-29;510,91;Geprueft
2015-08-30;510,90;Geprueft
2015-08-31;510,90;Geprueft
2015-09-01;510,89;Geprueft
2015-09-02;510,90;Geprueft
2015-09-03;510,91;Geprueft
2015-09-04;510,92;Geprueft
2015-09-05;510,92;Geprueft
2015-09-06;510,92;Geprueft
2015-09-07;510,92;Geprueft
2015-09-08;510,91;Geprueft
2015-09-09;510,90;Geprueft
2015-09-10;510,90;Geprueft
2015-09-11;510,89;Geprueft
2015-09-12;510,89;Geprueft
2015-09-13;510,88;Geprueft
2015-09-14;510,88;Geprueft
2015-09-15;510,87;Geprueft
2015-09-16;510,87;Geprueft
2015-09-17;510,86;Geprueft
2015-09-18;510,86;Geprueft
2015-09-19;510,86;Geprueft
2015-09-20;510,86;Geprueft
2015-09-21;510,85;Geprueft
2015-09-22;510,85;Geprueft
2015-09-23;510,85;Geprueft
2015-09-24;510,84;Geprueft
2015-09-25;510,84;Geprueft
2015-09-26;510,83;Geprueft
2015-09-27;510,83;Geprueft
2015-09-28;510,83;Geprueft
2015-09-29;510,82;Geprueft
2015-09-30;510,82;Geprueft
2015-10-01;510,81;Geprueft
2015-10-02;510,81;Geprueft
2015-10-03;510,81;Geprueft
2015-10-04;510,80;Geprueft
2015-10-05;510,80;Geprueft
2015-10-06;510,79;Geprueft
2015-10-07;510,81;Geprueft
2015-10-08;510,81;Geprueft
2015-10-09;510,81;Geprueft
2015-10-10;510,80;Geprueft
2015-10-11;510,79;Geprueft
2015-10-12;510,79;Geprueft
2015-10-13;510,79;Geprueft
2015-10-14;510,80;Geprueft
2015-10-15;510,81;Geprueft
2015-10-16;510,81;Geprueft
2015-10-17;510,80;Geprueft
2015-10-18;510,80;Geprueft
2015-10-19;510,81;Geprueft
2015-10-20;510,80;Geprueft
2015-10-21;510,80;Geprueft
2015-10-22;510,79;Geprueft
2015-10-23;510,79;Geprueft
2015-10-24;510,79;Geprueft
2015-10-25;510,78;Geprueft
2015-10-26;510,78;Geprueft
2015-10-27;510,78;Geprueft
2015-10-28;510,77;Geprueft
2015-10-29;510,77;Geprueft
2015-10-30;510,77;Geprueft
2015-10-31;510,76;Geprueft
2015-11-01;510,76;Geprueft
2015-11-02;510,75;Geprueft
2015-11-03;510,75;Geprueft
2015-11-04;510,75;Geprueft
2015-11-05;510,74;Geprueft
2015-11-06;510,74;Geprueft
2015-11-07;510,73;Geprueft
2015-11-08;510,73;Geprueft
2015-11-09;510,72;Geprueft
2015-11-10;510,72;Geprueft
2015-11-11;510,72;Geprueft
2015-11-12;510,71;Geprueft
2015-11-13;510,71;Geprueft
2015-11-14;510,71;Geprueft
2015-11-15;510,70;Geprueft
2015-11-16;510,70;Geprueft
2015-11-17;510,70;Geprueft
2015-11-18;510,69;Geprueft
2015-11-19;510,69;Geprueft
2015-11-20;510,72;Geprueft
2015-11-21;510,77;Geprueft
2015-11-22;510,76;Geprueft
2015-11-23;510,77;Geprueft
2015-11-24;510,77;Geprueft
2015-11-25;510,77;Geprueft
2015-11-26;510,78;Geprueft
2015-11-27;510,77;Geprueft
2015-11-28;510,77;Geprueft
2015-11-29;510,77;Geprueft
2015-11-30;510,76;Geprueft
2015-12-01;510,76;Geprueft
2015-12-02;510,75;Geprueft
2015-12-03;510,75;Geprueft
2015-12-04;510,74;Geprueft
2015-12-05;510,74;Geprueft
2015-12-06;510,73;Geprueft
2015-12-07;510,73;Geprueft
2015-12-08;510,72;Geprueft
2015-12-09;510,72;Geprueft
2015-12-10;510,72;Geprueft
2015-12-11;510,72;Geprueft
2015-12-12;510,71;Geprueft
2015-12-13;510,71;Geprueft
2015-12-14;510,71;Geprueft
2015-12-15;510,70;Geprueft
2015-12-16;510,70;Geprueft
2015-12-17;510,70;Geprueft
2015-12-18;510,70;Geprueft
2015-12-19;510,69;Geprueft
2015-12-20;510,69;Geprueft
2015-12-21;510,69;Geprueft
2015-12-22;510,68;Geprueft
2015-12-23;510,68;Geprueft
2015-12-24;510,68;Geprueft
2015-12-25;510,67;Geprueft
2015-12-26;510,67;Geprueft
2015-12-27;510,67;Geprueft
2015-12-28;510,66;Geprueft
2015-12-29;510,66;Geprueft
2015-12-30;510,66;Geprueft
2015-12-31;510,66;Geprueft
2016-01-01;510,66;Geprueft
2016-01-02;510,66;Geprueft
2016-01-03;510,66;Geprueft
2016-01-04;510,66;Geprueft
2016-01-05;510,66;Geprueft
2016-01-06;510,66;Geprueft
2016-01-07;510,67;Geprueft
2016-01-08;510,67;Geprueft
2016-01-09;510,68;Geprueft
2016-01-10;510,68;Geprueft
2016-01-11;510,69;Geprueft
2016-01-12;510,70;Geprueft
2016-01-13;510,71;Geprueft
2016-01-14;510,72;Geprueft
2016-01-15;510,73;Geprueft
2016-01-16;510,74;Geprueft
2016-01-17;510,74;Geprueft
2016-01-18;510,75;Geprueft
2016-01-19;510,75;Geprueft
2016-01-20;510,75;Geprueft
2016-01-21;510,75;Geprueft
2016-01-22;510,75;Geprueft
2016-01-23;510,75;Geprueft
2016-01-24;510,75;Geprueft
2016-01-25;510,75;Geprueft
2016-01-26;510,75;Geprueft
2016-01-27;510,75;Geprueft
2016-01-28;510,75;Geprueft
2016-01-29;510,75;Geprueft
2016-01-30;510,75;Geprueft
2016-01-31;510,78;Geprueft
2016-02-01;510,81;Geprueft
2016-02-02;510,84;Geprueft
2016-02-03;510,89;Geprueft
2016-02-04;510,93;Geprueft
2016-02-05;510,95;Geprueft
2016-02-06;510,96;Geprueft
2016-02-07;510,97;Geprueft
2016-02-08;510,97;Geprueft
2016-02-09;510,98;Geprueft
2016-02-10;510,98;Geprueft
2016-02-11;510,98;Geprueft
2016-02-12;510,98;Geprueft
2016-02-13;510,98;Geprueft
2016-02-14;510,97;Geprueft
2016-02-15;510,97;Geprueft
2016-02-16;510,96;Geprueft
2016-02-17;510,96;Geprueft
2016-02-18;510,96;Geprueft
2016-02-19;510,95;Geprueft
2016-02-20;510,95;Geprueft
2016-02-21;510,96;Geprueft
2016-02-22;510,96;Geprueft
2016-02-23;510,95;Geprueft
2016-02-24;510,95;Geprueft
2016-02-25;510,95;Geprueft
2016-02-26;510,95;Geprueft
2016-02-27;510,94;Geprueft
2016-02-28;510,94;Geprueft
2016-02-29;510,95;Geprueft
2016-03-01;510,96;Geprueft
2016-03-02;510,97;Geprueft
2016-03-03;511,00;Geprueft
2016-03-04;511,03;Geprueft
2016-03-05;511,07;Geprueft
2016-03-06;511,10;Geprueft
2016-03-07;511,11;Geprueft
2016-03-08;511,12;Geprueft
2016-03-09;511,12;Geprueft
2016-03-10;511,12;Geprueft
2016-03-11;511,11;Geprueft
2016-03-12;511,11;Geprueft
2016-03-13;511,10;Geprueft
2016-03-14;511,10;Geprueft
2016-03-15;511,09;Geprueft
2016-03-16;511,09;Geprueft
2016-03-17;511,08;Geprueft
2016-03-18;511,08;Geprueft
2016-03-19;511,07;Geprueft
2016-03-20;511,06;Geprueft
2016-03-21;511,06;Geprueft
2016-03-22;511,05;Geprueft
2016-03-23;511,05;Geprueft
2016-03-24;511,04;Geprueft
2016-03-25;511,03;Geprueft
2016-03-26;511,04;Geprueft
2016-03-27;511,03;Geprueft
2016-03-28;511,03;Geprueft
2016-03-29;511,02;Geprueft
2016-03-30;511,03;Geprueft
2016-03-31;511,03;Geprueft
2016-04-01;511,03;Geprueft
2016-04-02;511,02;Geprueft
2016-04-03;511,02;Geprueft
2016-04-04;511,01;Geprueft
2016-04-05;511,00;Geprueft
2016-04-06;510,99;Geprueft
2016-04-07;510,99;Geprueft
2016-04-08;510,98;Geprueft
2016-04-09;510,97;Geprueft
2016-04-10;510,96;Geprueft
2016-04-11;510,95;Geprueft
2016-04-12;510,94;Geprueft
2016-04-13;510,93;Geprueft
2016-04-14;510,94;Geprueft
2016-04-15;510,94;Geprueft
2016-04-16;510,93;Geprueft
2016-04-17;510,94;Geprueft
2016-04-18;510,95;Geprueft
2016-04-19;510,94;Geprueft
2016-04-20;510,94;Geprueft
2016-04-21;510,92;Geprueft
2016-04-22;510,91;Geprueft
2016-04-23;510,91;Geprueft
2016-04-24;510,91;Geprueft
2016-04-25;510,91;Geprueft
2016-04-26;510,90;Geprueft
2016-04-27;510,90;Geprueft
2016-04-28;510,90;Geprueft
2016-04-29;510,89;Geprueft
2016-04-30;510,89;Geprueft
2016-05-01;510,88;Geprueft
2016-05-02;510,88;Geprueft
2016-05-03;510,87;Geprueft
2016-05-04;510,86;Geprueft
2016-05-05;510,85;Geprueft
2016-05-06;510,85;Geprueft
2016-05-07;510,84;Geprueft
2016-05-08;510,83;Geprueft
2016-05-09;510,83;Geprueft
2016-05-10;510,82;Geprueft
2016-05-11;510,81;Geprueft
2016-05-12;510,81;Geprueft
2016-05-13;510,82;Geprueft
2016-05-14;510,85;Geprueft
2016-05-15;510,86;Geprueft
2016-05-16;510,85;Geprueft
2016-05-17;510,86;Geprueft
2016-05-18;510,85;Geprueft
2016-05-19;510,86;Geprueft
2016-05-20;510,86;Geprueft
2016-05-21;510,86;Geprueft
2016-05-22;510,86;Geprueft
2016-05-23;510,86;Geprueft
2016-05-24;510,90;Geprueft
2016-05-25;510,91;Geprueft
2016-05-26;510,92;Geprueft
2016-05-27;510,94;Geprueft
2016-05-28;510,95;Geprueft
2016-05-29;510,95;Geprueft
2016-05-30;510,95;Geprueft
2016-05-31;510,96;Geprueft
2016-06-01;510,97;Geprueft
2016-06-02;510,97;Geprueft
2016-06-03;510,96;Geprueft
2016-06-04;510,96;Geprueft
2016-06-05;510,97;Geprueft
2016-06-06;510,98;Geprueft
2016-06-07;510,98;Geprueft
2016-06-08;510,98;Geprueft
2016-06-09;510,98;Geprueft
2016-06-10;510,99;Geprueft
2016-06-11;510,99;Geprueft
2016-06-12;510,98;Geprueft
2016-06-13;510,97;Geprueft
2016-06-14;510,97;Geprueft
2016-06-15;510,99;Geprueft
2016-06-16;510,99;Geprueft
2016-06-17;511,00;Geprueft
2016-06-18;510,99;Geprueft
2016-06-19;511,00;Geprueft
2016-06-20;511,00;Geprueft
2016-06-21;511,01;Geprueft
2016-06-22;511,01;Geprueft
2016-06-23;511,01;Geprueft
2016-06-24;511,01;Geprueft
2016-06-25;511,01;Geprueft
2016-06-26;511,02;Geprueft
2016-06-27;511,02;Geprueft
2016-06-28;511,01;Geprueft
2016-06-29;511,01;Geprueft
2016-06-30;511,00;Geprueft
2016-07-01;511,00;Geprueft
2016-07-02;511,00;Geprueft
2016-07-03;510,99;Geprueft
2016-07-04;510,98;Geprueft
2016-07-05;510,98;Geprueft
2016-07-06;510,98;Geprueft
2016-07-07;510,97;Geprueft
2016-07-08;510,96;Geprueft
2016-07-09;510,96;Geprueft
2016-07-10;510,95;Geprueft
2016-07-11;510,94;Geprueft
2016-07-12;510,95;Geprueft
2016-07-13;510,98;Geprueft
2016-07-14;511,00;Geprueft
2016-07-15;511,00;Geprueft
2016-07-16;511,00;Geprueft
2016-07-17;511,01;Geprueft
2016-07-18;511,01;Geprueft
2016-07-19;511,00;Geprueft
2016-07-20;511,00;Geprueft
2016-07-21;510,99;Geprueft
2016-07-22;510,99;Geprueft
2016-07-23;510,98;Geprueft
2016-07-24;510,98;Geprueft
2016-07-25;510,98;Geprueft
2016-07-26;510,97;Geprueft
2016-07-27;510,96;Geprueft
2016-07-28;510,96;Geprueft
2016-07-29;510,96;Geprueft
2016-07-30;510,95;Geprueft
2016-07-31;510,94;Geprueft
2016-08-01;510,93;Geprueft
2016-08-02;510,92;Geprueft
2016-08-03;510,92;Geprueft
2016-08-04;510,91;Geprueft
2016-08-05;510,94;Geprueft
2016-08-06;510,94;Geprueft
2016-08-07;510,94;Geprueft
2016-08-08;510,93;Geprueft
2016-08-09;510,94;Geprueft
2016-08-10;510,94;Geprueft
2016-08-11;510,94;Geprueft
2016-08-12;510,94;Geprueft
2016-08-13;510,93;Geprueft
2016-08-14;510,93;Geprueft
2016-08-15;510,93;Geprueft
2016-08-16;510,92;Geprueft
2016-08-17;510,92;Geprueft
2016-08-18;510,91;Geprueft
2016-08-19;510,92;Geprueft
2016-08-20;510,91;Geprueft
2016-08-21;510,91;Geprueft
2016-08-22;510,91;Geprueft
2016-08-23;510,91;Geprueft
2016-08-24;510,90;Geprueft
2016-08-25;510,90;Geprueft
2016-08-26;510,89;Geprueft
2016-08-27;510,88;Geprueft
2016-08-28;510,88;Geprueft
2016-08-29;510,88;Geprueft
2016-08-30;510,88;Geprueft
2016-08-31;510,88;Geprueft
2016-09-01;510,87;Geprueft
2016-09-02;510,87;Geprueft
2016-09-03;510,86;Geprueft
2016-09-04;510,86;Geprueft
2016-09-05;510,88;Geprueft
2016-09-06;510,87;Geprueft
2016-09-07;510,87;Geprueft
2016-09-08;510,86;Geprueft
2016-09-09;510,86;Geprueft
2016-09-10;510,85;Geprueft
2016-09-11;510,85;Geprueft
2016-09-12;510,84;Geprueft
2016-09-13;510,84;Geprueft
2016-09-14;510,83;Geprueft
2016-09-15;510,83;Geprueft
2016-09-16;510,82;Geprueft
2016-09-17;510,87;Geprueft
2016-09-18;510,89;Geprueft
2016-09-19;510,90;Geprueft
2016-09-20;510,92;Geprueft
2016-09-21;510,92;Geprueft
2016-09-22;510,92;Geprueft
2016-09-23;510,93;Geprueft
2016-09-24;510,93;Geprueft
2016-09-25;510,93;Geprueft
2016-09-26;510,93;Geprueft
2016-09-27;510,92;Geprueft
2016-09-28;510,92;Geprueft
2016-09-29;510,92;Geprueft
2016-09-30;510,91;Geprueft
2016-10-01;510,91;Geprueft
2016-10-02;510,91;Geprueft
2016-10-03;510,91;Geprueft
2016-10-04;510,90;Geprueft
2016-10-05;510,90;Geprueft
2016-10-06;510,90;Geprueft
2016-10-07;510,90;Geprueft
2016-10-08;510,90;Geprueft
2016-10-09;510,89;Geprueft
2016-10-10;510,89;Geprueft
2016-10-11;510,88;Geprueft
2016-10-12;510,88;Geprueft
2016-10-13;510,88;Geprueft
2016-10-14;510,87;Geprueft
2016-10-15;510,87;Geprueft
2016-10-16;510,86;Geprueft
2016-10-17;510,86;Geprueft
2016-10-18;510,87;Geprueft
2016-10-19;510,87;Geprueft
2016-10-20;510,86;Geprueft
2016-10-21;510,86;Geprueft
2016-10-22;510,86;Geprueft
2016-10-23;510,85;Geprueft
2016-10-24;510,85;Geprueft
2016-10-25;510,85;Geprueft
2016-10-26;510,85;Geprueft
2016-10-27;510,84;Geprueft
2016-10-28;510,83;Geprueft
2016-10-29;510,82;Geprueft
2016-10-30;510,82;Geprueft
2016-10-31;510,81;Geprueft
2016-11-01;510,81;Geprueft
2016-11-02;510,81;Geprueft
2016-11-03;510,80;Geprueft
2016-11-04;510,80;Geprueft
2016-11-05;510,80;Geprueft
2016-11-06;510,81;Geprueft
2016-11-07;510,82;Geprueft
2016-11-08;510,81;Geprueft
2016-11-09;510,81;Geprueft
2016-11-10;510,82;Geprueft
2016-11-11;510,83;Geprueft
2016-11-12;510,84;Geprueft
2016-11-13;510,84;Geprueft
2016-11-14;510,85;Geprueft
2016-11-15;510,86;Geprueft
2016-11-16;510,87;Geprueft
2016-11-17;510,89;Geprueft
2016-11-18;510,90;Geprueft
2016-11-19;510,91;Geprueft
2016-11-20;510,92;Geprueft
2016-11-21;510,93;Geprueft
2016-11-22;510,93;Geprueft
2016-11-23;510,94;Geprueft
2016-11-24;510,94;Geprueft
2016-11-25;510,94;Geprueft
2016-11-26;510,94;Geprueft
2016-11-27;510,94;Geprueft
2016-11-28;510,94;Geprueft
2016-11-29;510,94;Geprueft
2016-11-30;510,93;Geprueft
2016-12-01;510,93;Geprueft
2016-12-02;510,93;Geprueft
2016-12-03;510,93;Geprueft
2016-12-04;510,92;Geprueft
2016-12-05;510,92;Geprueft
2016-12-06;510,92;Geprueft
2016-12-07;510,91;Geprueft
2016-12-08;510,91;Geprueft
2016-12-09;510,91;Geprueft
2016-12-10;510,90;Geprueft
2016-12-11;510,90;Geprueft
2016-12-12;510,90;Geprueft
2016-12-13;510,89;Geprueft
2016-12-14;510,89;Geprueft
2016-12-15;510,89;Geprueft
2016-12-16;510,88;Geprueft
2016-12-17;510,88;Geprueft
2016-12-18;510,87;Geprueft
2016-12-19;510,87;Geprueft
2016-12-20;510,86;Geprueft
2016-12-21;510,86;Geprueft
2016-12-22;510,86;Geprueft
2016-12-23;510,86;Geprueft
2016-12-24;510,86;Geprueft
2016-12-25;510,85;Geprueft
2016-12-26;510,85;Geprueft
2016-12-27;510,85;Geprueft
2016-12-28;510,84;Geprueft
2016-12-29;510,84;Geprueft
2016-12-30;510,84;Geprueft
2016-12-31;510,84;Geprueft
2017-01-01;510,83;Geprueft
2017-01-02;510,83;Geprueft
2017-01-03;510,83;Geprueft
2017-01-04;510,82;Geprueft
2017-01-05;510,82;Geprueft
2017-01-06;510,82;Geprueft
2017-01-07;510,82;Geprueft
2017-01-08;510,81;Geprueft
2017-01-09;510,81;Geprueft
2017-01-10;510,81;Geprueft
2017-01-11;510,81;Geprueft
2017-01-12;510,82;Geprueft
2017-01-13;510,83;Geprueft
2017-01-14;510,82;Geprueft
2017-01-15;510,82;Geprueft
2017-01-16;510,82;Geprueft
2017-01-17;510,81;Geprueft
2017-01-18;510,80;Geprueft
2017-01-19;510,80;Geprueft
2017-01-20;510,79;Geprueft
2017-01-21;510,79;Geprueft
2017-01-22;510,79;Geprueft
2017-01-23;510,78;Geprueft
2017-01-24;510,78;Geprueft
2017-01-25;510,78;Geprueft
2017-01-26;510,77;Geprueft
2017-01-27;510,77;Geprueft
2017-01-28;510,77;Geprueft
2017-01-29;510,77;Geprueft
2017-01-30;510,76;Geprueft
2017-01-31;510,78;Geprueft
2017-02-01;510,79;Geprueft
2017-02-02;510,79;Geprueft
2017-02-03;510,79;Geprueft
2017-02-04;510,79;Geprueft
2017-02-05;510,79;Geprueft
2017-02-06;510,79;Geprueft
2017-02-07;510,79;Geprueft
2017-02-08;510,79;Geprueft
2017-02-09;510,79;Geprueft
2017-02-10;510,79;Geprueft
2017-02-11;510,79;Geprueft
2017-02-12;510,79;Geprueft
2017-02-13;510,78;Geprueft
2017-02-14;510,78;Geprueft
2017-02-15;510,78;Geprueft
2017-02-16;510,78;Geprueft
2017-02-17;510,79;Geprueft
2017-02-18;510,80;Geprueft
2017-02-19;510,80;Geprueft
2017-02-20;510,80;Geprueft
2017-02-21;510,80;Geprueft
2017-02-22;510,81;Geprueft
2017-02-23;510,81;Geprueft
2017-02-24;510,82;Geprueft
2017-02-25;510,82;Geprueft
2017-02-26;510,82;Geprueft
2017-02-27;510,82;Geprueft
2017-02-28;510,83;Geprueft
2017-03-01;510,85;Geprueft
2017-03-02;510,86;Geprueft
2017-03-03;510,86;Geprueft
2017-03-04;510,86;Geprueft
2017-03-05;510,86;Geprueft
2017-03-06;510,86;Geprueft
2017-03-07;510,86;Geprueft
2017-03-08;510,87;Geprueft
2017-03-09;510,90;Geprueft
2017-03-10;510,91;Geprueft
2017-03-11;510,91;Geprueft
2017-03-12;510,92;Geprueft
2017-03-13;510,93;Geprueft
2017-03-14;510,94;Geprueft
2017-03-15;510,95;Geprueft
2017-03-16;510,95;Geprueft
2017-03-17;510,96;Geprueft
2017-03-18;510,96;Geprueft
2017-03-19;510,96;Geprueft
2017-03-20;510,96;Geprueft
2017-03-21;510,96;Geprueft
2017-03-22;510,96;Geprueft
2017-03-23;510,96;Geprueft
2017-03-24;510,95;Geprueft
2017-03-25;510,95;Geprueft
2017-03-26;510,94;Geprueft
2017-03-27;510,94;Geprueft
2017-03-28;510,93;Geprueft
2017-03-29;510,93;Geprueft
2017-03-30;510,93;Geprueft
2017-03-31;510,92;Geprueft
2017-04-01;510,92;Geprueft
2017-04-02;510,91;Geprueft
2017-04-03;510,91;Geprueft
2017-04-04;510,90;Geprueft
2017-04-05;510,90;Geprueft
2017-04-06;510,89;Geprueft
2017-04-07;510,89;Geprueft
2017-04-08;510,89;Geprueft
2017-04-09;510,88;Geprueft
2017-04-10;510,88;Geprueft
2017-04-11;510,87;Geprueft
2017-04-12;510,87;Geprueft
2017-04-13;510,86;Geprueft
2017-04-14;510,86;Geprueft
2017-04-15;510,85;Geprueft
2017-04-16;510,85;Geprueft
2017-04-17;510,85;Geprueft
2017-04-18;510,86;Geprueft
2017-04-19;510,86;Geprueft
2017-04-20;510,86;Geprueft
2017-04-21;510,86;Geprueft
2017-04-22;510,85;Geprueft
2017-04-23;510,85;Geprueft
2017-04-24;510,84;Geprueft
2017-04-25;510,84;Geprueft
2017-04-26;510,86;Geprueft
2017-04-27;510,87;Geprueft
2017-04-28;510,90;Geprueft
2017-04-29;510,94;Geprueft
2017-04-30;510,97;Geprueft
2017-05-01;511,00;Geprueft
2017-05-02;511,03;Geprueft
2017-05-03;511,05;Geprueft
2017-05-04;511,05;Geprueft
2017-05-05;511,06;Geprueft
2017-05-06;511,07;Geprueft
2017-05-07;511,07;Geprueft
2017-05-08;511,11;Geprueft
2017-05-09;511,15;Geprueft
2017-05-10;511,19;Geprueft
2017-05-11;511,23;Geprueft
2017-05-12;511,25;Geprueft
2017-05-13;511,27;Geprueft
2017-05-14;511,27;Geprueft
2017-05-15;511,27;Geprueft
2017-05-16;511,27;Geprueft
2017-05-17;511,26;Geprueft
2017-05-18;511,26;Geprueft
2017-05-19;511,25;Geprueft
2017-05-20;511,24;Geprueft
2017-05-21;511,23;Geprueft
2017-05-22;511,23;Geprueft
2017-05-23;511,22;Geprueft
2017-05-24;511,21;Geprueft
2017-05-25;511,21;Geprueft
2017-05-26;511,20;Geprueft
2017-05-27;511,19;Geprueft
2017-05-28;511,18;Geprueft
2017-05-29;511,17;Geprueft
2017-05-30;511,16;Geprueft
2017-05-31;511,15;Geprueft
2017-06-01;511,15;Geprueft
2017-06-02;511,14;Geprueft
2017-06-03;511,13;Geprueft
2017-06-04;511,13;Geprueft
2017-06-05;511,13;Geprueft
2017-06-06;511,13;Geprueft
2017-06-07;511,13;Geprueft
2017-06-08;511,13;Geprueft
2017-06-09;511,12;Geprueft
2017-06-10;511,12;Geprueft
2017-06-11;511,11;Geprueft
2017-06-12;511,11;Geprueft
2017-06-13;511,10;Geprueft
2017-06-14;511,09;Geprueft
2017-06-15;511,08;Geprueft
2017-06-16;511,07;Geprueft
2017-06-17;511,06;Geprueft
2017-06-18;511,05;Geprueft
2017-06-19;511,04;Geprueft
2017-06-20;511,04;Geprueft
2017-06-21;511,03;Geprueft
2017-06-22;511,02;Geprueft
2017-06-23;510,99;Geprueft
2017-06-24;510,99;Geprueft
2017-06-25;510,98;Geprueft
2017-06-26;510,98;Geprueft
2017-06-27;510,97;Geprueft
2017-06-28;510,96;Geprueft
2017-06-29;510,96;Geprueft
2017-06-30;510,96;Geprueft
2017-07-01;510,95;Geprueft
2017-07-02;510,95;Geprueft
2017-07-03;510,95;Geprueft
2017-07-04;510,94;Geprueft
2017-07-05;510,94;Geprueft
2017-07-06;510,93;Geprueft
2017-07-07;510,92;Geprueft
2017-07-08;510,92;Geprueft
2017-07-09;510,90;Geprueft
2017-07-10;510,89;Geprueft
2017-07-11;510,88;Geprueft
2017-07-12;510,88;Geprueft
2017-07-13;510,86;Geprueft
2017-07-14;510,84;Geprueft
2017-07-15;510,86;Geprueft
2017-07-16;510,86;Geprueft
2017-07-17;510,86;Geprueft
2017-07-18;510,86;Geprueft
2017-07-19;510,85;Geprueft
2017-07-20;510,85;Geprueft
2017-07-21;510,85;Geprueft
2017-07-22;510,85;Geprueft
2017-07-23;510,85;Geprueft
2017-07-24;510,86;Geprueft
2017-07-25;510,87;Geprueft
2017-07-26;510,92;Geprueft
2017-07-27;510,95;Geprueft
2017-07-28;510,96;Geprueft
2017-07-29;510,96;Geprueft
2017-07-30;510,96;Geprueft
2017-07-31;510,96;Geprueft
2017-08-01;510,96;Geprueft
2017-08-02;510,97;Geprueft
2017-08-03;510,96;Geprueft
2017-08-04;510,95;Geprueft
2017-08-05;510,95;Geprueft
2017-08-06;510,95;Geprueft
2017-08-07;510,95;Geprueft
2017-08-08;510,94;Geprueft
2017-08-09;510,96;Geprueft
2017-08-10;510,95;Geprueft
2017-08-11;510,98;Geprueft
2017-08-12;510,98;Geprueft
2017-08-13;510,98;Geprueft
2017-08-14;510,98;Geprueft
2017-08-15;510,98;Geprueft
2017-08-16;511,02;Geprueft
2017-08-17;511,02;Geprueft
2017-08-18;511,03;Geprueft
2017-08-19;511,07;Geprueft
2017-08-20;511,08;Geprueft
2017-08-21;511,10;Geprueft
2017-08-22;511,12;Geprueft
2017-08-23;511,13;Geprueft
2017-08-24;511,13;Geprueft
2017-08-25;511,13;Geprueft
2017-08-26;511,13;Geprueft
2017-08-27;511,13;Geprueft
2017-08-28;511,12;Geprueft
2017-08-29;511,12;Geprueft
2017-08-30;511,11;Geprueft
2017-08-31;511,10;Geprueft
2017-09-01;511,13;Geprueft
2017-09-02;511,15;Geprueft
2017-09-03;511,16;Geprueft
2017-09-04;511,16;Geprueft
2017-09-05;511,16;Geprueft
2017-09-06;511,16;Geprueft
2017-09-07;511,15;Geprueft
2017-09-08;511,15;Geprueft
2017-09-09;511,14;Geprueft
2017-09-10;511,14;Geprueft
2017-09-11;511,14;Geprueft
2017-09-12;511,13;Geprueft
2017-09-13;511,12;Geprueft
2017-09-14;511,12;Geprueft
2017-09-15;511,12;Geprueft
2017-09-16;511,11;Geprueft
2017-09-17;511,11;Geprueft
2017-09-18;511,10;Geprueft
2017-09-19;511,10;Geprueft
2017-09-20;511,09;Geprueft
2017-09-21;511,09;Geprueft
2017-09-22;511,08;Geprueft
2017-09-23;511,07;Geprueft
2017-09-24;511,06;Geprueft
2017-09-25;511,06;Geprueft
2017-09-26;511,05;Geprueft
2017-09-27;511,04;Geprueft
2017-09-28;511,04;Geprueft
2017-09-29;511,03;Geprueft
2017-09-30;511,02;Geprueft
2017-10-01;511,03;Geprueft
2017-10-02;511,02;Geprueft
2017-10-03;511,03;Geprueft
2017-10-04;511,03;Geprueft
2017-10-05;511,02;Geprueft
2017-10-06;511,03;Geprueft
2017-10-07;511,03;Geprueft
2017-10-08;511,02;Geprueft
2017-10-09;511,02;Geprueft
2017-10-10;511,02;Geprueft
2017-10-11;511,01;Geprueft
2017-10-12;511,01;Geprueft
2017-10-13;511,00;Geprueft
2017-10-14;511,00;Geprueft
2017-10-15;510,99;Geprueft
2017-10-16;510,99;Geprueft
2017-10-17;510,98;Geprueft
2017-10-18;510,98;Geprueft
2017-10-19;510,97;Geprueft
2017-10-20;510,97;Geprueft
2017-10-21;510,96;Geprueft
2017-10-22;510,96;Geprueft
2017-10-23;510,96;Geprueft
2017-10-24;510,96;Geprueft
2017-10-25;510,95;Geprueft
2017-10-26;510,95;Geprueft
2017-10-27;510,95;Geprueft
2017-10-28;510,94;Geprueft
2017-10-29;510,94;Geprueft
2017-10-30;510,93;Geprueft
2017-10-31;510,93;Geprueft
2017-11-01;510,92;Geprueft
2017-11-02;510,92;Geprueft
2017-11-03;510,91;Geprueft
2017-11-04;510,91;Geprueft
2017-11-05;510,91;Geprueft
2017-11-06;510,93;Geprueft
2017-11-07;510,93;Geprueft
2017-11-08;510,92;Geprueft
2017-11-09;510,92;Geprueft
2017-11-10;510,91;Geprueft
2017-11-11;510,91;Geprueft
2017-11-12;510,94;Geprueft
2017-11-13;510,95;Geprueft
2017-11-14;510,97;Geprueft
2017-11-15;510,99;Geprueft
2017-11-16;511,01;Geprueft
2017-11-17;511,02;Geprueft
2017-11-18;511,03;Geprueft
2017-11-19;511,03;Geprueft
2017-11-20;511,03;Geprueft
2017-11-21;511,03;Geprueft
2017-11-22;511,03;Geprueft
2017-11-23;511,02;Geprueft
2017-11-24;511,02;Geprueft
2017-11-25;511,02;Geprueft
2017-11-26;511,01;Geprueft
2017-11-27;511,01;Geprueft
2017-11-28;511,00;Geprueft
2017-11-29;511,00;Geprueft
2017-11-30;510,99;Geprueft
2017-12-01;510,98;Geprueft
2017-12-02;510,98;Geprueft
2017-12-03;510,97;Geprueft
2017-12-04;510,97;Geprueft
2017-12-05;510,96;Geprueft
2017-12-06;510,96;Geprueft
2017-12-07;510,95;Geprueft
2017-12-08;510,95;Geprueft
2017-12-09;510,95;Geprueft
2017-12-10;510,94;Geprueft
2017-12-11;510,94;Geprueft
2017-12-12;510,94;Geprueft
2017-12-13;510,93;Geprueft
2017-12-14;510,93;Geprueft
2017-12-15;510,93;Geprueft
2017-12-16;510,92;Geprueft
2017-12-17;510,92;Geprueft
2017-12-18;510,91;Geprueft
2017-12-19;510,91;Geprueft
2017-12-20;510,91;Geprueft
2017-12-21;510,91;Geprueft
2017-12-22;510,92;Geprueft
2017-12-23;510,92;Geprueft
2017-12-24;510,92;Geprueft
2017-12-25;510,92;Geprueft
2017-12-26;510,92;Geprueft
2017-12-27;510,92;Geprueft
2017-12-28;510,93;Geprueft
2017-12-29;510,94;Geprueft
2017-12-30;510,94;Geprueft
2017-12-31;510,95;Geprueft
2018-01-01;510,95;Geprueft
2018-01-02;510,95;Geprueft
2018-01-03;510,98;Geprueft
2018-01-04;511,02;Geprueft
2018-01-05;511,08;Geprueft
2018-01-06;511,14;Geprueft
2018-01-07;511,20;Geprueft
2018-01-08;511,23;Geprueft
2018-01-09;511,24;Geprueft
2018-01-10;511,25;Geprueft
2018-01-11;511,25;Geprueft
2018-01-12;511,25;Geprueft
2018-01-13;511,25;Geprueft
2018-01-14;511,24;Geprueft
2018-01-15;511,24;Geprueft
2018-01-16;511,25;Geprueft
2018-01-17;511,26;Geprueft
2018-01-18;511,25;Geprueft
2018-01-19;511,27;Geprueft
2018-01-20;511,26;Geprueft
2018-01-21;511,27;Geprueft
2018-01-22;511,28;Geprueft
2018-01-23;511,32;Geprueft
2018-01-24;511,34;Geprueft
2018-01-25;511,39;Geprueft
2018-01-26;511,42;Geprueft
2018-01-27;511,44;Geprueft
2018-01-28;511,45;Geprueft
2018-01-29;511,45;Geprueft
2018-01-30;511,45;Geprueft
2018-01-31;511,45;Geprueft
2018-02-01;511,45;Geprueft
2018-02-02;511,45;Geprueft
2018-02-03;511,44;Geprueft
2018-02-04;511,43;Geprueft
2018-02-05;511,42;Geprueft
2018-02-06;511,42;Geprueft
2018-02-07;511,41;Geprueft
2018-02-08;511,40;Geprueft
2018-02-09;511,40;Geprueft
2018-02-10;511,39;Geprueft
2018-02-11;511,38;Geprueft
2018-02-12;511,38;Geprueft
2018-02-13;511,37;Geprueft
2018-02-14;511,37;Geprueft
2018-02-15;511,36;Geprueft
2018-02-16;511,37;Geprueft
2018-02-17;511,37;Geprueft
2018-02-18;511,36;Geprueft
2018-02-19;511,36;Geprueft
2018-02-20;511,36;Geprueft
2018-02-21;511,36;Geprueft
2018-02-22;511,36;Geprueft
2018-02-23;511,36;Geprueft
2018-02-24;511,36;Geprueft
2018-02-25;511,36;Geprueft
2018-02-26;511,35;Geprueft
2018-02-27;511,35;Geprueft
2018-02-28;511,34;Geprueft
2018-03-01;511,34;Geprueft
2018-03-02;511,34;Geprueft
2018-03-03;511,33;Geprueft
2018-03-04;511,33;Geprueft
2018-03-05;511,33;Geprueft
2018-03-06;511,32;Geprueft
2018-03-07;511,32;Geprueft
2018-03-08;511,31;Geprueft
2018-03-09;511,31;Geprueft
2018-03-10;511,31;Geprueft
2018-03-11;;Geprueft
2018-03-12;;Geprueft
2018-03-13;511,30;Geprueft
2018-03-14;511,29;Geprueft
2018-03-15;511,29;Geprueft
2018-03-16;511,29;Geprueft
2018-03-17;511,28;Geprueft
2018-03-18;511,28;Geprueft
2018-03-19;511,28;Geprueft
2018-03-20;511,27;Geprueft
2018-03-21;511,27;Geprueft
2018-03-22;511,27;Geprueft
2018-03-23;511,27;Geprueft
2018-03-24;511,26;Geprueft
2018-03-25;511,26;Geprueft
2018-03-26;511,25;Geprueft
2018-03-27;511,25;Geprueft
2018-03-28;511,25;Geprueft
2018-03-29;511,25;Geprueft
2018-03-30;511,25;Geprueft
2018-03-31;511,24;Geprueft
2018-04-01;511,24;Geprueft
2018-04-02;511,23;Geprueft
2018-04-03;511,23;Geprueft
2018-04-04;511,23;Geprueft
2018-04-05;511,22;Geprueft
2018-04-06;511,22;Geprueft
2018-04-07;511,22;Geprueft
2018-04-08;511,21;Geprueft
2018-04-09;511,21;Geprueft
2018-04-10;511,20;Geprueft
2018-04-11;511,19;Geprueft
2018-04-12;511,19;Geprueft
2018-04-13;511,18;Geprueft
2018-04-14;511,18;Geprueft
2018-04-15;511,18;Geprueft
2018-04-16;511,18;Geprueft
2018-04-17;511,17;Geprueft
2018-04-18;511,17;Geprueft
2018-04-19;511,16;Geprueft
2018-04-20;511,15;Geprueft
2018-04-21;511,15;Geprueft
2018-04-22;511,15;Geprueft
2018-04-23;511,14;Geprueft
2018-04-24;511,14;Geprueft
2018-04-25;511,13;Geprueft
2018-04-26;511,13;Geprueft
2018-04-27;511,12;Geprueft
2018-04-28;511,12;Geprueft
2018-04-29;511,11;Geprueft
2018-04-30;511,11;Geprueft
2018-05-01;511,10;Geprueft
2018-05-02;511,10;Geprueft
2018-05-03;511,09;Geprueft
2018-05-04;511,07;Geprueft
2018-05-05;511,06;Geprueft
2018-05-06;511,05;Geprueft
2018-05-07;511,04;Geprueft
2018-05-08;511,04;Geprueft
2018-05-09;511,03;Geprueft
2018-05-10;511,03;Geprueft
2018-05-11;511,03;Geprueft
2018-05-12;511,03;Geprueft
2018-05-13;511,02;Geprueft
2018-05-14;511,02;Geprueft
2018-05-15;511,02;Geprueft
2018-05-16;511,04;Geprueft
2018-05-17;511,06;Geprueft
2018-05-18;511,06;Geprueft
2018-05-19;511,05;Geprueft
2018-05-20;511,07;Geprueft
2018-05-21;511,06;Geprueft
2018-05-22;511,06;Geprueft
2018-05-23;511,06;Geprueft
2018-05-24;511,06;Geprueft
2018-05-25;511,06;Geprueft
2018-05-26;511,05;Geprueft
2018-05-27;511,05;Geprueft
2018-05-28;511,04;Geprueft
2018-05-29;511,04;Geprueft
2018-05-30;511,03;Geprueft
2018-05-31;511,03;Geprueft
2018-06-01;511,03;Geprueft
2018-06-02;511,02;Geprueft
2018-06-03;511,01;Geprueft
2018-06-04;511,00;Geprueft
2018-06-05;510,98;Geprueft
2018-06-06;510,96;Geprueft
2018-06-07;510,97;Geprueft
2018-06-08;510,97;Geprueft
2018-06-09;510,97;Geprueft
2018-06-10;510,98;Geprueft
2018-06-11;510,97;Geprueft
2018-06-12;510,97;Geprueft
2018-06-13;511,01;Geprueft
2018-06-14;511,02;Geprueft
2018-06-15;511,02;Geprueft
2018-06-16;511,02;Geprueft
2018-06-17;511,01;Geprueft
2018-06-18;511,01;Geprueft
2018-06-19;511,01;Geprueft
2018-06-20;511,00;Geprueft
2018-06-21;511,00;Geprueft
2018-06-22;511,00;Geprueft
2018-06-23;510,99;Geprueft
2018-06-24;510,97;Geprueft
2018-06-25;510,97;Geprueft
2018-06-26;510,96;Geprueft
2018-06-27;510,95;Geprueft
2018-06-28;510,97;Geprueft
2018-06-29;510,98;Geprueft
2018-06-30;510,97;Geprueft
2018-07-01;510,97;Geprueft
2018-07-02;510,97;Geprueft
2018-07-03;510,96;Geprueft
2018-07-04;510,96;Geprueft
2018-07-05;510,95;Geprueft
2018-07-06;510,97;Geprueft
2018-07-07;510,97;Geprueft
2018-07-08;510,97;Geprueft
2018-07-09;510,97;Geprueft
2018-07-10;510,96;Geprueft
2018-07-11;510,99;Geprueft
2018-07-12;510,98;Geprueft
2018-07-13;510,97;Geprueft
2018-07-14;510,97;Geprueft
2018-07-15;510,98;Geprueft
2018-07-16;511,00;Geprueft
2018-07-17;510,99;Geprueft
2018-07-18;510,99;Geprueft
2018-07-19;510,98;Geprueft
2018-07-20;510,97;Geprueft
2018-07-21;510,98;Geprueft
2018-07-22;511,03;Geprueft
2018-07-23;511,06;Geprueft
2018-07-24;511,07;Geprueft
2018-07-25;511,07;Geprueft
2018-07-26;511,07;Geprueft
2018-07-27;511,07;Geprueft
2018-07-28;511,06;Geprueft
2018-07-29;511,05;Geprueft
2018-07-30;511,04;Geprueft
2018-07-31;511,04;Geprueft
2018-08-01;511,03;Geprueft
2018-08-02;511,02;Geprueft
2018-08-03;511,01;Geprueft
2018-08-04;511,00;Geprueft
2018-08-05;510,99;Geprueft
2018-08-06;510,97;Geprueft
2018-08-07;510,95;Geprueft
2018-08-08;510,94;Geprueft
2018-08-09;510,94;Geprueft
2018-08-10;510,95;Geprueft
2018-08-11;510,94;Geprueft
2018-08-12;510,94;Geprueft
2018-08-13;510,94;Geprueft
2018-08-14;510,94;Geprueft
2018-08-15;510,94;Geprueft
2018-08-16;510,93;Geprueft
2018-08-17;510,92;Geprueft
2018-08-18;510,92;Geprueft
2018-08-19;510,91;Geprueft
2018-08-20;510,90;Geprueft
2018-08-21;510,90;Geprueft
2018-08-22;510,89;Geprueft
2018-08-23;510,89;Geprueft
2018-08-24;510,90;Geprueft
2018-08-25;510,89;Geprueft
2018-08-26;510,89;Geprueft
2018-08-27;510,89;Geprueft
2018-08-28;510,88;Geprueft
2018-08-29;510,88;Geprueft
2018-08-30;510,89;Geprueft
2018-08-31;510,90;Geprueft
2018-09-01;510,92;Geprueft
2018-09-02;510,92;Geprueft
2018-09-03;510,92;Geprueft
2018-09-04;510,96;Geprueft
2018-09-05;510,97;Geprueft
2018-09-06;510,99;Geprueft
2018-09-07;511,00;Geprueft
2018-09-08;511,02;Geprueft
2018-09-09;511,02;Geprueft
2018-09-10;511,02;Geprueft
2018-09-11;511,02;Geprueft
2018-09-12;511,01;Geprueft
2018-09-13;511,01;Geprueft
2018-09-14;511,02;Geprueft
2018-09-15;511,01;Geprueft
2018-09-16;511,01;Geprueft
2018-09-17;511,00;Geprueft
2018-09-18;511,00;Geprueft
2018-09-19;511,00;Geprueft
2018-09-20;510,99;Geprueft
2018-09-21;510,99;Geprueft
2018-09-22;510,98;Geprueft
2018-09-23;510,99;Geprueft
2018-09-24;511,00;Geprueft
2018-09-25;510,99;Geprueft
2018-09-26;510,99;Geprueft
2018-09-27;510,98;Geprueft
2018-09-28;510,98;Geprueft
2018-09-29;510,97;Geprueft
2018-09-30;510,96;Geprueft
2018-10-01;510,98;Geprueft
2018-10-02;510,97;Geprueft
2018-10-03;510,97;Geprueft
2018-10-04;510,96;Geprueft
2018-10-05;510,95;Geprueft
2018-10-06;510,95;Geprueft
2018-10-07;510,94;Geprueft
2018-10-08;510,93;Geprueft
2018-10-09;510,93;Geprueft
2018-10-10;510,92;Geprueft
2018-10-11;510,91;Geprueft
2018-10-12;510,91;Geprueft
2018-10-13;510,90;Geprueft
2018-10-14;510,90;Geprueft
2018-10-15;510,89;Geprueft
2018-10-16;510,88;Geprueft
2018-10-17;510,88;Geprueft
2018-10-18;510,87;Geprueft
2018-10-19;510,87;Geprueft
2018-10-20;510,86;Geprueft
2018-10-21;510,86;Geprueft
2018-10-22;510,85;Geprueft
2018-10-23;510,85;Geprueft
2018-10-24;510,84;Geprueft
2018-10-25;510,84;Geprueft
2018-10-26;510,84;Geprueft
2018-10-27;510,84;Geprueft
2018-10-28;510,86;Geprueft
2018-10-29;510,85;Geprueft
2018-10-30;510,84;Geprueft
2018-10-31;510,84;Geprueft
2018-11-01;510,83;Geprueft
2018-11-02;510,83;Geprueft
2018-11-03;;Geprueft
2018-11-04;;Geprueft
2018-11-05;;Geprueft
2018-11-06;510,81;Geprueft
2018-11-07;510,80;Geprueft
2018-11-08;510,80;Geprueft
2018-11-09;510,79;Geprueft
2018-11-10;510,79;Geprueft
2018-11-11;510,78;Geprueft
2018-11-12;510,78;Geprueft
2018-11-13;510,77;Geprueft
2018-11-14;510,77;Geprueft
2018-11-15;510,76;Geprueft
2018-11-16;510,76;Geprueft
2018-11-17;510,76;Geprueft
2018-11-18;510,75;Geprueft
2018-11-19;510,75;Geprueft
2018-11-20;510,74;Geprueft
2018-11-21;510,74;Geprueft
2018-11-22;510,73;Geprueft
2018-11-23;510,73;Geprueft
2018-11-24;510,73;Geprueft
2018-11-25;510,72;Geprueft
2018-11-26;510,72;Geprueft
2018-11-27;510,72;Geprueft
2018-11-28;510,72;Geprueft
2018-11-29;510,71;Geprueft
2018-11-30;510,71;Geprueft
2018-12-01;510,72;Geprueft
2018-12-02;510,72;Geprueft
2018-12-03;510,72;Geprueft
2018-12-04;510,72;Geprueft
2018-12-05;510,71;Geprueft
2018-12-06;510,70;Geprueft
2018-12-07;510,70;Geprueft
2018-12-08;510,69;Geprueft
2018-12-09;510,70;Geprueft
2018-12-10;510,71;Geprueft
2018-12-11;510,72;Geprueft
2018-12-12;510,72;Geprueft
2018-12-13;510,72;Geprueft
2018-12-14;510,73;Geprueft
2018-12-15;510,73;Geprueft
2018-12-16;510,74;Geprueft
2018-12-17;510,74;Geprueft
2018-12-18;510,74;Geprueft
2018-12-19;510,73;Geprueft
2018-12-20;510,73;Geprueft
2018-12-21;510,73;Geprueft
2018-12-22;510,73;Geprueft
2018-12-23;510,74;Geprueft
2018-12-24;510,77;Geprueft
2018-12-25;510,77;Geprueft
2018-12-26;510,80;Geprueft
2018-12-27;510,82;Geprueft
2018-12-28;510,84;Geprueft
2018-12-29;510,85;Geprueft
2018-12-30;510,86;Geprueft
2018-12-31;510,87;Geprueft
2019-01-01;510,87;Geprueft
2019-01-02;510,88;Geprueft
2019-01-03;510,87;Geprueft
2019-01-04;510,87;Geprueft
2019-01-05;510,88;Geprueft
2019-01-06;510,89;Geprueft
2019-01-07;510,91;Geprueft
2019-01-08;510,92;Geprueft
2019-01-09;510,94;Geprueft
2019-01-10;510,98;Geprueft
2019-01-11;511,03;Geprueft
2019-01-12;511,05;Geprueft
2019-01-13;511,10;Geprueft
2019-01-14;511,18;Geprueft
2019-01-15;511,32;Geprueft
2019-01-16;511,40;Geprueft
2019-01-17;511,44;Geprueft
2019-01-18;511,46;Geprueft
2019-01-19;511,46;Geprueft
2019-01-20;511,46;Geprueft
2019-01-21;511,45;Geprueft
2019-01-22;511,45;Geprueft
2019-01-23;511,44;Geprueft
2019-01-24;511,43;Geprueft
2019-01-25;511,42;Geprueft
2019-01-26;511,41;Geprueft
2019-01-27;511,41;Geprueft
2019-01-28;511,40;Geprueft
2019-01-29;511,39;Geprueft
2019-01-30;511,38;Geprueft
2019-01-31;511,37;Geprueft
2019-02-01;511,36;Geprueft
2019-02-02;511,35;Geprueft
2019-02-03;511,34;Geprueft
2019-02-04;511,33;Geprueft
2019-02-05;511,33;Geprueft
2019-02-06;511,32;Geprueft
2019-02-07;511,31;Geprueft
2019-02-08;511,31;Geprueft
2019-02-09;511,31;Geprueft
2019-02-10;511,32;Geprueft
2019-02-11;511,32;Geprueft
2019-02-12;511,34;Geprueft
2019-02-13;511,37;Geprueft
2019-02-14;511,39;Geprueft
2019-02-15;511,40;Geprueft
2019-02-16;511,41;Geprueft
2019-02-17;511,41;Geprueft
2019-02-18;511,40;Geprueft
2019-02-19;511,40;Geprueft
2019-02-20;511,40;Geprueft
2019-02-21;511,39;Geprueft
2019-02-22;511,40;Geprueft
2019-02-23;511,40;Geprueft
2019-02-24;511,40;Geprueft
2019-02-25;511,39;Geprueft
2019-02-26;511,39;Geprueft
2019-02-27;511,39;Geprueft
2019-02-28;511,38;Geprueft
2019-03-01;511,38;Geprueft
2019-03-02;511,38;Geprueft
2019-03-03;511,37;Geprueft
2019-03-04;511,36;Geprueft
2019-03-05;511,35;Geprueft
2019-03-06;511,35;Geprueft
2019-03-07;511,34;Geprueft
2019-03-08;511,34;Geprueft
2019-03-09;511,33;Geprueft
2019-03-10;511,32;Geprueft
2019-03-11;511,32;Geprueft
2019-03-12;511,31;Geprueft
2019-03-13;511,30;Geprueft
2019-03-14;511,29;Geprueft
2019-03-15;511,28;Geprueft
2019-03-16;511,28;Geprueft
2019-03-17;511,27;Geprueft
2019-03-18;511,26;Geprueft
2019-03-19;511,25;Geprueft
2019-03-20;511,24;Geprueft
2019-03-21;511,24;Geprueft
2019-03-22;511,23;Geprueft
2019-03-23;511,22;Geprueft
2019-03-24;511,21;Geprueft
2019-03-25;511,20;Geprueft
2019-03-26;511,20;Geprueft
2019-03-27;511,19;Geprueft
2019-03-28;511,18;Geprueft
2019-03-29;511,18;Geprueft
2019-03-30;511,17;Geprueft
2019-03-31;511,16;Geprueft
2019-04-01;511,15;Geprueft
2019-04-02;511,15;Geprueft
2019-04-03;511,14;Geprueft
2019-04-04;511,13;Geprueft
2019-04-05;511,13;Geprueft
2019-04-06;511,12;Geprueft
2019-04-07;511,12;Geprueft
2019-04-08;511,11;Geprueft
2019-04-09;511,10;Geprueft
2019-04-10;511,10;Geprueft
2019-04-11;511,09;Geprueft
2019-04-12;511,08;Geprueft
2019-04-13;511,07;Geprueft
2019-04-14;511,07;Geprueft
2019-04-15;511,06;Geprueft
2019-04-16;511,05;Geprueft
2019-04-17;511,05;Geprueft
2019-04-18;511,04;Geprueft
2019-04-19;511,03;Geprueft
2019-04-20;511,03;Geprueft
2019-04-21;511,02;Geprueft
2019-04-22;511,02;Geprueft
2019-04-23;511,01;Geprueft
2019-04-24;511,00;Geprueft
2019-04-25;510,99;Geprueft
2019-04-26;510,99;Geprueft
2019-04-27;510,98;Geprueft
2019-04-28;510,98;Geprueft
2019-04-29;510,97;Geprueft
2019-04-30;510,97;Geprueft
2019-05-01;510,97;Geprueft
2019-05-02;510,96;Geprueft
2019-05-03;510,97;Geprueft
2019-05-04;510,97;Geprueft
2019-05-05;510,96;Geprueft
2019-05-06;510,96;Geprueft
2019-05-07;510,95;Geprueft
2019-05-08;510,95;Geprueft
2019-05-09;510,94;Geprueft
2019-05-10;510,94;Geprueft
2019-05-11;510,94;Geprueft
2019-05-12;510,95;Geprueft
2019-05-13;510,96;Geprueft
2019-05-14;510,95;Geprueft
2019-05-15;510,94;Geprueft
2019-05-16;510,94;Geprueft
2019-05-17;510,93;Geprueft
2019-05-18;510,92;Geprueft
2019-05-19;510,92;Geprueft
2019-05-20;510,94;Geprueft
2019-05-21;511,03;Geprueft
2019-05-22;511,10;Geprueft
2019-05-23;511,16;Geprueft
2019-05-24;511,20;Geprueft
2019-05-25;511,22;Geprueft
2019-05-26;511,23;Geprueft
2019-05-27;511,24;Geprueft
2019-05-28;511,25;Geprueft
2019-05-29;511,26;Geprueft
2019-05-30;511,26;Geprueft
2019-05-31;511,26;Geprueft
2019-06-01;511,25;Geprueft
2019-06-02;511,25;Geprueft
2019-06-03;511,26;Geprueft
2019-06-04;511,25;Geprueft
2019-06-05;511,24;Geprueft
2019-06-06;511,23;Geprueft
2019-06-07;511,23;Geprueft
2019-06-08;511,21;Geprueft
2019-06-09;511,20;Geprueft
2019-06-10;511,19;Geprueft
2019-06-11;511,18;Geprueft
2019-06-12;511,17;Geprueft
2019-06-13;511,16;Geprueft
2019-06-14;511,16;Geprueft
2019-06-15;511,15;Geprueft
2019-06-16;511,15;Geprueft
2019-06-17;511,14;Geprueft
2019-06-18;511,13;Geprueft
2019-06-19;511,11;Geprueft
2019-06-20;511,12;Geprueft
2019-06-21;511,12;Geprueft
2019-06-22;511,15;Geprueft
2019-06-23;511,14;Geprueft
2019-06-24;511,13;Geprueft
2019-06-25;511,13;Geprueft
2019-06-26;511,12;Geprueft
2019-06-27;511,11;Geprueft
2019-06-28;511,09;Geprueft
2019-06-29;511,07;Geprueft
2019-06-30;511,06;Geprueft
2019-07-01;511,05;Geprueft
2019-07-02;511,05;Geprueft
2019-07-03;511,05;Geprueft
2019-07-04;511,04;Geprueft
2019-07-05;511,03;Geprueft
2019-07-06;511,02;Geprueft
2019-07-07;511,03;Geprueft
2019-07-08;511,04;Geprueft
2019-07-09;511,02;Geprueft
2019-07-10;511,01;Geprueft
2019-07-11;511,00;Geprueft
2019-07-12;510,99;Geprueft
2019-07-13;510,99;Geprueft
2019-07-14;511,00;Geprueft
2019-07-15;510,98;Geprueft
2019-07-16;510,97;Geprueft
2019-07-17;510,96;Geprueft
2019-07-18;510,96;Geprueft
2019-07-19;510,95;Geprueft
2019-07-20;510,94;Geprueft
2019-07-21;510,95;Geprueft
2019-07-22;510,95;Geprueft
2019-07-23;510,94;Geprueft
2019-07-24;510,93;Geprueft
2019-07-25;510,92;Geprueft
2019-07-26;510,92;Geprueft
2019-07-27;510,91;Geprueft
2019-07-28;510,91;Geprueft
2019-07-29;510,92;Geprueft
2019-07-30;510,91;Geprueft
2019-07-31;510,91;Geprueft
2019-08-01;510,91;Geprueft
2019-08-02;510,90;Geprueft
2019-08-03;510,90;Geprueft
2019-08-04;510,90;Geprueft
2019-08-05;510,89;Geprueft
2019-08-06;510,89;Geprueft
2019-08-07;510,89;Geprueft
2019-08-08;510,89;Geprueft
2019-08-09;510,88;Geprueft
2019-08-10;510,88;Geprueft
2019-08-11;510,87;Geprueft
2019-08-12;510,89;Geprueft
2019-08-13;510,91;Geprueft
2019-08-14;510,89;Geprueft
2019-08-15;510,88;Geprueft
2019-08-16;510,88;Geprueft
2019-08-17;510,88;Geprueft
2019-08-18;510,87;Geprueft
2019-08-19;510,88;Geprueft
2019-08-20;510,90;Geprueft
2019-08-21;510,93;Geprueft
2019-08-22;510,92;Geprueft
2019-08-23;510,91;Geprueft
2019-08-24;510,91;Geprueft
2019-08-25;510,91;Geprueft
2019-08-26;510,91;Geprueft
2019-08-27;510,91;Geprueft
2019-08-28;510,90;Geprueft
2019-08-29;510,91;Geprueft
2019-08-30;510,90;Geprueft
2019-08-31;510,90;Geprueft
2019-09-01;510,89;Geprueft
2019-09-02;510,89;Geprueft
2019-09-03;510,89;Geprueft
2019-09-04;510,88;Geprueft
2019-09-05;510,88;Geprueft
2019-09-06;510,89;Geprueft
2019-09-07;510,88;Geprueft
2019-09-08;510,89;Geprueft
2019-09-09;510,91;Geprueft
2019-09-10;510,89;Geprueft
2019-09-11;510,88;Geprueft
2019-09-12;510,87;Geprueft
2019-09-13;510,86;Geprueft
2019-09-14;510,86;Geprueft
2019-09-15;510,86;Geprueft
2019-09-16;510,85;Geprueft
2019-09-17;510,85;Geprueft
2019-09-18;510,84;Geprueft
2019-09-19;510,84;Geprueft
2019-09-20;510,83;Geprueft
2019-09-21;510,83;Geprueft
2019-09-22;510,83;Geprueft
2019-09-23;510,82;Geprueft
2019-09-24;510,82;Geprueft
2019-09-25;510,81;Geprueft
2019-09-26;510,81;Geprueft
2019-09-27;510,80;Geprueft
2019-09-28;510,81;Geprueft
2019-09-29;510,80;Geprueft
2019-09-30;510,79;Geprueft
2019-10-01;510,79;Geprueft
2019-10-02;510,79;Geprueft
2019-10-03;510,80;Geprueft
2019-10-04;510,78;Geprueft
2019-10-05;510,78;Geprueft
2019-10-06;510,77;Geprueft
2019-10-07;510,80;Geprueft
2019-10-08;510,79;Geprueft
2019-10-09;510,80;Geprueft
2019-10-10;510,81;Geprueft
2019-10-11;510,80;Geprueft
2019-10-12;510,80;Geprueft
2019-10-13;510,80;Geprueft
2019-10-14;510,80;Geprueft
2019-10-15;510,80;Geprueft
2019-10-16;510,81;Geprueft
2019-10-17;510,80;Geprueft
2019-10-18;510,80;Geprueft
2019-10-19;510,80;Geprueft
2019-10-20;510,79;Geprueft
2019-10-21;510,79;Geprueft
2019-10-22;510,78;Geprueft
2019-10-23;510,78;Geprueft
2019-10-24;510,77;Geprueft
2019-10-25;510,76;Geprueft
2019-10-26;510,76;Geprueft
2019-10-27;510,75;Geprueft
2019-10-28;510,75;Geprueft
2019-10-29;510,75;Geprueft
2019-10-30;510,74;Geprueft
2019-10-31;510,74;Geprueft
2019-11-01;510,73;Geprueft
2019-11-02;510,73;Geprueft
2019-11-03;510,73;Geprueft
2019-11-04;510,72;Geprueft
2019-11-05;510,73;Geprueft
2019-11-06;510,72;Geprueft
2019-11-07;510,71;Geprueft
2019-11-08;510,71;Geprueft
2019-11-09;510,70;Geprueft
2019-11-10;510,70;Geprueft
2019-11-11;510,69;Geprueft
2019-11-12;510,69;Geprueft
2019-11-13;510,69;Geprueft
2019-11-14;510,68;Geprueft
2019-11-15;510,68;Geprueft
2019-11-16;510,67;Geprueft
2019-11-17;510,67;Geprueft
2019-11-18;510,66;Geprueft
2019-11-19;510,66;Geprueft
2019-11-20;510,65;Geprueft
2019-11-21;510,65;Geprueft
2019-11-22;510,64;Geprueft
2019-11-23;510,63;Geprueft
2019-11-24;510,63;Geprueft
2019-11-25;510,62;Geprueft
2019-11-26;510,62;Geprueft
2019-11-27;510,62;Geprueft
2019-11-28;510,61;Geprueft
2019-11-29;510,61;Geprueft
2019-11-30;510,61;Geprueft
2019-12-01;510,60;Geprueft
2019-12-02;510,60;Geprueft
2019-12-03;510,60;Geprueft
2019-12-04;510,59;Geprueft
2019-12-05;510,59;Geprueft
2019-12-06;510,59;Geprueft
2019-12-07;510,58;Geprueft
2019-12-08;510,58;Geprueft
2019-12-09;510,58;Geprueft
2019-12-10;510,58;Geprueft
2019-12-11;510,58;Geprueft
2019-12-12;510,58;Geprueft
2019-12-13;510,58;Geprueft
2019-12-14;510,58;Geprueft
2019-12-15;510,58;Geprueft
2019-12-16;510,57;Geprueft
2019-12-17;510,57;Geprueft
2019-12-18;510,57;Geprueft
2019-12-19;510,56;Geprueft
2019-12-20;510,56;Geprueft
2019-12-21;510,56;Geprueft
2019-12-22;510,56;Geprueft
2019-12-23;510,55;Geprueft
2019-12-24;510,55;Geprueft
2019-12-25;510,57;Geprueft
2019-12-26;510,57;Geprueft
2019-12-27;510,57;Geprueft
2019-12-28;510,57;Geprueft
2019-12-29;510,57;Geprueft
2019-12-30;510,57;Geprueft
2019-12-31;510,58;Geprueft
2020-01-01;510,58;Geprueft
2020-01-02;510,58;Geprueft
2020-01-03;510,59;Geprueft
2020-01-04;510,59;Geprueft
2020-01-05;510,59;Geprueft
2020-01-06;510,58;Geprueft
2020-01-07;510,58;Geprueft
2020-01-08;510,58;Geprueft
2020-01-09;510,57;Geprueft
2020-01-10;510,57;Geprueft
2020-01-11;510,57;Geprueft
2020-01-12;510,56;Geprueft
2020-01-13;510,56;Geprueft
2020-01-14;510,56;Geprueft
2020-01-15;510,56;Geprueft
2020-01-16;510,56;Geprueft
2020-01-17;510,56;Geprueft
2020-01-18;510,56;Geprueft
2020-01-19;510,55;Geprueft
2020-01-20;510,55;Geprueft
2020-01-21;510,55;Geprueft
2020-01-22;510,54;Geprueft
2020-01-23;510,54;Geprueft
2020-01-24;510,53;Geprueft
2020-01-25;510,53;Geprueft
2020-01-26;510,53;Geprueft
2020-01-27;510,52;Geprueft
2020-01-28;510,52;Geprueft
2020-01-29;510,52;Geprueft
2020-01-30;510,51;Geprueft
2020-01-31;510,51;Geprueft
2020-02-01;510,51;Geprueft
2020-02-02;510,52;Geprueft
2020-02-03;510,60;Geprueft
2020-02-04;510,70;Geprueft
2020-02-05;510,78;Geprueft
2020-02-06;510,85;Geprueft
2020-02-07;510,89;Geprueft
2020-02-08;510,91;Geprueft
2020-02-09;510,92;Geprueft
2020-02-10;510,92;Geprueft
2020-02-11;510,93;Geprueft
2020-02-12;510,93;Geprueft
2020-02-13;510,93;Geprueft
2020-02-14;510,93;Geprueft
2020-02-15;510,92;Geprueft
2020-02-16;510,91;Geprueft
2020-02-17;510,91;Geprueft
2020-02-18;510,90;Geprueft
2020-02-19;510,90;Geprueft
2020-02-20;510,89;Geprueft
2020-02-21;510,89;Geprueft
2020-02-22;510,89;Geprueft
2020-02-23;510,88;Geprueft
2020-02-24;510,89;Geprueft
2020-02-25;510,89;Geprueft
2020-02-26;510,88;Geprueft
2020-02-27;510,88;Geprueft
2020-02-28;510,88;Geprueft
2020-02-29;510,87;Geprueft
2020-03-01;510,87;Geprueft
2020-03-02;510,87;Geprueft
2020-03-03;510,86;Geprueft
2020-03-04;510,86;Geprueft
2020-03-05;510,85;Geprueft
2020-03-06;510,85;Geprueft
2020-03-07;510,84;Geprueft
2020-03-08;510,84;Geprueft
2020-03-09;510,83;Geprueft
2020-03-10;510,83;Geprueft
2020-03-11;510,83;Geprueft
2020-03-12;510,83;Geprueft
2020-03-13;510,82;Geprueft
2020-03-14;510,82;Geprueft
2020-03-15;510,82;Geprueft
2020-03-16;510,81;Geprueft
2020-03-17;510,81;Geprueft
2020-03-18;510,81;Geprueft
2020-03-19;510,80;Geprueft
2020-03-20;510,80;Geprueft
2020-03-21;510,80;Geprueft
2020-03-22;510,81;Geprueft
2020-03-23;510,80;Geprueft
2020-03-24;510,79;Geprueft
2020-03-25;510,79;Geprueft
2020-03-26;510,78;Geprueft
2020-03-27;510,78;Geprueft
2020-03-28;510,77;Geprueft
2020-03-29;510,77;Geprueft
2020-03-30;510,76;Geprueft
2020-03-31;510,75;Geprueft
2020-04-01;510,75;Geprueft
2020-04-02;510,74;Geprueft
2020-04-03;510,74;Geprueft
2020-04-04;510,73;Geprueft
2020-04-05;510,73;Geprueft
2020-04-06;510,72;Geprueft
2020-04-07;510,72;Geprueft
2020-04-08;510,71;Geprueft
2020-04-09;510,70;Geprueft
2020-04-10;510,70;Geprueft
2020-04-11;510,69;Geprueft
2020-04-12;510,69;Geprueft
2020-04-13;510,68;Geprueft
2020-04-14;510,67;Geprueft
2020-04-15;510,66;Geprueft
2020-04-16;510,65;Geprueft
2020-04-17;510,65;Geprueft
2020-04-18;510,64;Geprueft
2020-04-19;510,63;Geprueft
2020-04-20;510,62;Geprueft
2020-04-21;510,62;Geprueft
2020-04-22;510,61;Geprueft
2020-04-23;510,61;Geprueft
2020-04-24;510,61;Geprueft
2020-04-25;510,60;Geprueft
2020-04-26;510,60;Geprueft
2020-04-27;510,59;Geprueft
2020-04-28;510,60;Geprueft
2020-04-29;510,62;Geprueft
2020-04-30;510,62;Geprueft
2020-05-01;510,62;Geprueft
2020-05-02;510,62;Geprueft
2020-05-03;510,61;Geprueft
2020-05-04;510,61;Geprueft
2020-05-05;510,60;Geprueft
2020-05-06;510,60;Geprueft
2020-05-07;510,59;Geprueft
2020-05-08;510,58;Geprueft
2020-05-09;510,58;Geprueft
2020-05-10;510,58;Geprueft
2020-05-11;510,58;Geprueft
2020-05-12;510,60;Geprueft
2020-05-13;510,59;Geprueft
2020-05-14;510,59;Geprueft
2020-05-15;510,60;Geprueft
2020-05-16;510,61;Geprueft
2020-05-17;510,62;Geprueft
2020-05-18;510,62;Geprueft
2020-05-19;510,62;Geprueft
2020-05-20;510,62;Geprueft
2020-05-21;510,62;Geprueft
2020-05-22;510,61;Geprueft
2020-05-23;510,61;Geprueft
2020-05-24;510,60;Geprueft
2020-05-25;510,60;Geprueft
2020-05-26;510,59;Geprueft
2020-05-27;510,58;Geprueft
2020-05-28;510,57;Geprueft
2020-05-29;510,57;Geprueft
2020-05-30;510,56;Geprueft
2020-05-31;510,56;Geprueft
2020-06-01;510,55;Geprueft
2020-06-02;510,54;Geprueft
2020-06-03;510,54;Geprueft
2020-06-04;510,53;Geprueft
2020-06-05;510,53;Geprueft
2020-06-06;510,53;Geprueft
2020-06-07;510,54;Geprueft
2020-06-08;510,54;Geprueft
2020-06-09;510,55;Geprueft
2020-06-10;510,55;Geprueft
2020-06-11;510,58;Geprueft
2020-06-12;510,58;Geprueft
2020-06-13;510,58;Geprueft
2020-06-14;510,59;Geprueft
2020-06-15;510,65;Geprueft
2020-06-16;510,72;Geprueft
2020-06-17;510,78;Geprueft
2020-06-18;510,84;Geprueft
2020-06-19;510,86;Geprueft
2020-06-20;510,88;Geprueft
2020-06-21;510,89;Geprueft
2020-06-22;510,90;Geprueft
2020-06-23;510,89;Geprueft
2020-06-24;510,89;Geprueft
2020-06-25;510,88;Geprueft
2020-06-26;510,88;Geprueft
2020-06-27;510,87;Geprueft
2020-06-28;510,86;Geprueft
2020-06-29;510,91;Geprueft
2020-06-30;510,92;Geprueft
2020-07-01;510,92;Geprueft
2020-07-02;510,93;Geprueft
2020-07-03;510,96;Geprueft
2020-07-04;510,96;Geprueft
2020-07-05;510,96;Geprueft
2020-07-06;510,96;Geprueft
2020-07-07;510,96;Geprueft
2020-07-08;510,96;Geprueft
2020-07-09;510,95;Geprueft
2020-07-10;510,95;Geprueft
2020-07-11;511,00;Geprueft
2020-07-12;511,00;Geprueft
2020-07-13;510,99;Geprueft
2020-07-14;510,99;Geprueft
2020-07-15;510,99;Geprueft
2020-07-16;510,99;Geprueft
2020-07-17;511,01;Geprueft
2020-07-18;511,00;Geprueft
2020-07-19;510,99;Geprueft
2020-07-20;510,98;Geprueft
2020-07-21;510,98;Geprueft
2020-07-22;510,97;Geprueft
2020-07-23;510,96;Geprueft
2020-07-24;510,96;Geprueft
2020-07-25;510,95;Geprueft
2020-07-26;510,94;Geprueft
2020-07-27;510,93;Geprueft
2020-07-28;510,93;Geprueft
2020-07-29;510,93;Geprueft
2020-07-30;510,93;Geprueft
2020-07-31;510,92;Geprueft
2020-08-01;510,91;Geprueft
2020-08-02;510,90;Geprueft
2020-08-03;510,92;Geprueft
2020-08-04;511,04;Geprueft
2020-08-05;511,07;Geprueft
2020-08-06;511,12;Geprueft
2020-08-07;511,15;Geprueft
2020-08-08;511,16;Geprueft
2020-08-09;511,16;Geprueft
2020-08-10;511,15;Geprueft
2020-08-11;511,14;Geprueft
2020-08-12;511,13;Geprueft
2020-08-13;511,12;Geprueft
2020-08-14;511,12;Geprueft
2020-08-15;511,15;Geprueft
2020-08-16;511,14;Geprueft
2020-08-17;511,13;Geprueft
2020-08-18;511,15;Geprueft
2020-08-19;511,17;Geprueft
2020-08-20;511,18;Geprueft
2020-08-21;511,18;Geprueft
2020-08-22;511,18;Geprueft
2020-08-23;511,18;Geprueft
2020-08-24;511,18;Geprueft
2020-08-25;511,17;Geprueft
2020-08-26;511,16;Geprueft
2020-08-27;511,15;Geprueft
2020-08-28;511,15;Geprueft
2020-08-29;511,16;Geprueft
2020-08-30;511,16;Geprueft
2020-08-31;511,15;Geprueft
2020-09-01;511,15;Geprueft
2020-09-02;511,14;Geprueft
2020-09-03;511,14;Geprueft
2020-09-04;511,13;Geprueft
2020-09-05;511,12;Geprueft
2020-09-06;511,13;Geprueft
2020-09-07;511,12;Geprueft
2020-09-08;511,11;Geprueft
2020-09-09;511,11;Geprueft
2020-09-10;511,10;Geprueft
2020-09-11;511,09;Geprueft
2020-09-12;511,08;Geprueft
2020-09-13;511,07;Geprueft
2020-09-14;511,07;Geprueft
2020-09-15;511,06;Geprueft
2020-09-16;511,05;Geprueft
2020-09-17;511,04;Geprueft
2020-09-18;511,03;Geprueft
2020-09-19;511,03;Geprueft
2020-09-20;511,02;Geprueft
2020-09-21;511,01;Geprueft
2020-09-22;511,00;Geprueft
2020-09-23;511,00;Geprueft
2020-09-24;511,00;Geprueft
2020-09-25;511,02;Geprueft
2020-09-26;511,04;Geprueft
2020-09-27;511,04;Geprueft
2020-09-28;511,03;Geprueft
2020-09-29;511,03;Geprueft
2020-09-30;511,03;Geprueft
2020-10-01;511,02;Geprueft
2020-10-02;511,02;Geprueft
2020-10-03;511,01;Geprueft
2020-10-04;511,01;Geprueft
2020-10-05;511,00;Geprueft
2020-10-06;511,00;Geprueft
2020-10-07;511,01;Geprueft
2020-10-08;511,00;Geprueft
2020-10-09;511,00;Geprueft
2020-10-10;511,00;Geprueft
2020-10-11;510,99;Geprueft
2020-10-12;510,99;Geprueft
2020-10-13;510,99;Geprueft
2020-10-14;510,99;Geprueft
2020-10-15;510,98;Geprueft
2020-10-16;510,99;Geprueft
2020-10-17;511,00;Geprueft
2020-10-18;511,00;Geprueft
2020-10-19;511,00;Geprueft
2020-10-20;511,00;Geprueft
2020-10-21;511,01;Geprueft
2020-10-22;511,01;Geprueft
2020-10-23;511,01;Geprueft
2020-10-24;511,02;Geprueft
2020-10-25;511,02;Geprueft
2020-10-26;511,02;Geprueft
2020-10-27;511,03;Geprueft
2020-10-28;511,03;Geprueft
2020-10-29;511,04;Geprueft
2020-10-30;511,05;Geprueft
2020-10-31;511,06;Geprueft
2020-11-01;511,07;Geprueft
2020-11-02;511,08;Geprueft
2020-11-03;511,08;Geprueft
2020-11-04;511,09;Geprueft
2020-11-05;511,09;Geprueft
2020-11-06;511,09;Geprueft
2020-11-07;511,09;Geprueft
2020-11-08;511,09;Geprueft
2020-11-09;511,09;Geprueft
2020-11-10;511,08;Geprueft
2020-11-11;511,08;Geprueft
2020-11-12;511,08;Geprueft
2020-11-13;511,07;Geprueft
2020-11-14;511,07;Geprueft
2020-11-15;511,06;Geprueft
2020-11-16;511,06;Geprueft
2020-11-17;511,05;Geprueft
2020-11-18;511,04;Geprueft
2020-11-19;511,03;Geprueft
2020-11-20;511,03;Geprueft
2020-11-21;511,02;Geprueft
2020-11-22;511,01;Geprueft
2020-11-23;511,01;Geprueft
2020-11-24;511,00;Geprueft
2020-11-25;510,99;Geprueft
2020-11-26;510,99;Geprueft
2020-11-27;510,98;Geprueft
2020-11-28;510,97;Geprueft
2020-11-29;510,97;Geprueft
2020-11-30;510,96;Geprueft
2020-12-01;510,96;Geprueft
2020-12-02;510,95;Geprueft
2020-12-03;510,95;Geprueft
2020-12-04;510,94;Geprueft
2020-12-05;510,93;Geprueft
2020-12-06;510,93;Geprueft
2020-12-07;510,92;Geprueft
2020-12-08;510,92;Geprueft
2020-12-09;510,91;Geprueft
2020-12-10;510,91;Geprueft
2020-12-11;510,90;Geprueft
2020-12-12;510,90;Geprueft
2020-12-13;510,89;Geprueft
2020-12-14;510,89;Geprueft
2020-12-15;510,89;Geprueft
2020-12-16;510,88;Geprueft
2020-12-17;510,87;Geprueft
2020-12-18;510,87;Geprueft
2020-12-19;510,86;Geprueft
2020-12-20;510,86;Geprueft
2020-12-21;510,85;Geprueft
2020-12-22;510,85;Geprueft
2020-12-23;510,85;Geprueft
2020-12-24;510,85;Geprueft
2020-12-25;510,85;Geprueft
2020-12-26;510,85;Geprueft
2020-12-27;510,84;Geprueft
2020-12-28;510,84;Geprueft
2020-12-29;510,83;Geprueft
2020-12-30;510,83;Geprueft
2020-12-31;510,83;Geprueft
2021-01-01;510,82;Geprueft
2021-01-02;510,82;Geprueft
2021-01-03;510,82;Geprueft
2021-01-04;510,81;Geprueft
2021-01-05;510,81;Geprueft
2021-01-06;510,81;Geprueft
2021-01-07;510,80;Geprueft
2021-01-08;510,80;Geprueft
2021-01-09;510,80;Geprueft
2021-01-10;510,79;Geprueft
2021-01-11;510,79;Geprueft
2021-01-12;510,79;Geprueft
2021-01-13;510,79;Geprueft
2021-01-14;510,79;Geprueft
2021-01-15;510,79;Geprueft
2021-01-16;510,78;Geprueft
2021-01-17;510,78;Geprueft
2021-01-18;510,78;Geprueft
2021-01-19;510,78;Geprueft
2021-01-20;510,79;Geprueft
2021-01-21;510,79;Geprueft
2021-01-22;510,78;Geprueft
2021-01-23;510,79;Geprueft
2021-01-24;510,78;Geprueft
2021-01-25;510,78;Geprueft
2021-01-26;510,78;Geprueft
2021-01-27;510,78;Geprueft
2021-01-28;510,79;Geprueft
2021-01-29;510,85;Geprueft
2021-01-30;510,85;Geprueft
2021-01-31;510,89;Geprueft
2021-02-01;510,92;Geprueft
2021-02-02;510,95;Geprueft
2021-02-03;510,98;Geprueft
2021-02-04;511,00;Geprueft
2021-02-05;511,01;Geprueft
2021-02-06;511,03;Geprueft
2021-02-07;511,04;Geprueft
2021-02-08;511,06;Geprueft
2021-02-09;511,06;Geprueft
2021-02-10;511,06;Geprueft
2021-02-11;511,06;Geprueft
2021-02-12;511,06;Geprueft
2021-02-13;511,05;Geprueft
2021-02-14;511,05;Geprueft
2021-02-15;511,05;Geprueft
2021-02-16;511,04;Geprueft
2021-02-17;511,04;Geprueft
2021-02-18;511,04;Geprueft
2021-02-19;511,04;Geprueft
2021-02-20;511,03;Geprueft
2021-02-21;511,03;Geprueft
2021-02-22;511,03;Geprueft
2021-02-23;511,02;Geprueft
2021-02-24;511,02;Geprueft
2021-02-25;511,02;Geprueft
2021-02-26;511,01;Geprueft
2021-02-27;511,01;Geprueft
2021-02-28;511,01;Geprueft
2021-03-01;511,01;Geprueft
2021-03-02;511,00;Geprueft
2021-03-03;511,00;Geprueft
2021-03-04;510,99;Geprueft
2021-03-05;510,99;Geprueft
2021-03-06;510,99;Geprueft
2021-03-07;510,98;Geprueft
2021-03-08;510,98;Geprueft
2021-03-09;510,97;Geprueft
2021-03-10;510,97;Geprueft
2021-03-11;510,96;Geprueft
2021-03-12;510,97;Geprueft
2021-03-13;510,96;Geprueft
2021-03-14;510,96;Geprueft
2021-03-15;510,96;Geprueft
2021-03-16;510,96;Geprueft
2021-03-17;510,95;Geprueft
2021-03-18;510,96;Geprueft
2021-03-19;510,96;Geprueft
2021-03-20;510,96;Geprueft
2021-03-21;510,95;Geprueft
2021-03-22;510,95;Geprueft
2021-03-23;510,95;Geprueft
2021-03-24;510,94;Geprueft
2021-03-25;510,94;Geprueft
2021-03-26;510,94;Geprueft
2021-03-27;510,94;Geprueft
2021-03-28;510,93;Geprueft
2021-03-29;510,93;Geprueft
2021-03-30;510,92;Geprueft
2021-03-31;510,92;Geprueft
2021-04-01;510,92;Geprueft
2021-04-02;510,92;Geprueft
2021-04-03;510,91;Geprueft
2021-04-04;510,91;Geprueft
2021-04-05;510,91;Geprueft
2021-04-06;510,90;Geprueft
2021-04-07;510,90;Geprueft
2021-04-08;510,90;Geprueft
2021-04-09;510,90;Geprueft
2021-04-10;510,89;Geprueft
2021-04-11;510,88;Geprueft
2021-04-12;510,88;Geprueft
2021-04-13;510,88;Geprueft
2021-04-14;510,88;Geprueft
2021-04-15;510,87;Geprueft
2021-04-16;510,87;Geprueft
2021-04-17;510,86;Geprueft
2021-04-18;510,86;Geprueft
2021-04-19;510,85;Geprueft
2021-04-20;510,85;Geprueft
2021-04-21;510,85;Geprueft
2021-04-22;510,84;Geprueft
2021-04-23;510,84;Geprueft
2021-04-24;510,83;Geprueft
2021-04-25;510,83;Geprueft
2021-04-26;510,82;Geprueft
2021-04-27;510,82;Geprueft
2021-04-28;510,82;Geprueft
2021-04-29;510,81;Geprueft
2021-04-30;510,81;Geprueft
2021-05-01;510,81;Geprueft
2021-05-02;510,83;Geprueft
2021-05-03;510,83;Geprueft
2021-05-04;510,82;Geprueft
2021-05-05;510,82;Geprueft
2021-05-06;510,82;Geprueft
2021-05-07;510,83;Geprueft
2021-05-08;510,83;Geprueft
2021-05-09;510,83;Geprueft
2021-05-10;510,82;Geprueft
2021-05-11;510,82;Geprueft
2021-05-12;510,85;Geprueft
2021-05-13;510,87;Geprueft
2021-05-14;510,89;Geprueft
2021-05-15;510,91;Geprueft
2021-05-16;510,93;Geprueft
2021-05-17;510,94;Geprueft
2021-05-18;510,96;Geprueft
2021-05-19;510,96;Geprueft
2021-05-20;510,96;Geprueft
2021-05-21;510,96;Geprueft
2021-05-22;510,97;Geprueft
2021-05-23;510,97;Geprueft
2021-05-24;510,97;Geprueft
2021-05-25;510,98;Geprueft
2021-05-26;510,97;Geprueft
2021-05-27;510,98;Geprueft
2021-05-28;510,98;Geprueft
2021-05-29;510,98;Geprueft
2021-05-30;510,98;Geprueft
2021-05-31;510,97;Geprueft
2021-06-01;510,97;Geprueft
2021-06-02;510,96;Geprueft
2021-06-03;510,96;Geprueft
2021-06-04;510,95;Geprueft
2021-06-05;510,95;Geprueft
2021-06-06;510,96;Geprueft
2021-06-07;510,96;Geprueft
2021-06-08;510,95;Geprueft
2021-06-09;510,94;Geprueft
2021-06-10;510,94;Geprueft
2021-06-11;510,94;Geprueft
2021-06-12;510,93;Geprueft
2021-06-13;510,93;Geprueft
2021-06-14;510,92;Geprueft
2021-06-15;510,91;Geprueft
2021-06-16;510,91;Geprueft
2021-06-17;510,90;Geprueft
2021-06-18;510,89;Geprueft
2021-06-19;510,87;Geprueft
2021-06-20;510,86;Geprueft
2021-06-21;510,85;Geprueft
2021-06-22;510,88;Geprueft
2021-06-23;510,88;Geprueft
2021-06-24;510,89;Geprueft
2021-06-25;510,90;Geprueft
2021-06-26;510,90;Geprueft
2021-06-27;510,90;Geprueft
2021-06-28;510,89;Geprueft
2021-06-29;510,91;Geprueft
2021-06-30;510,95;Geprueft
2021-07-01;510,95;Geprueft
2021-07-02;510,96;Geprueft
2021-07-03;510,96;Geprueft
2021-07-04;510,97;Geprueft
2021-07-05;510,99;Geprueft
2021-07-06;511,00;Geprueft
2021-07-07;511,06;Geprueft
2021-07-08;511,11;Geprueft
2021-07-09;511,18;Geprueft
2021-07-10;511,21;Geprueft
2021-07-11;511,25;Geprueft
2021-07-12;511,26;Geprueft
2021-07-13;511,26;Geprueft
2021-07-14;511,27;Geprueft
2021-07-15;511,26;Geprueft
2021-07-16;511,25;Geprueft
2021-07-17;511,24;Geprueft
2021-07-18;511,23;Geprueft
2021-07-19;511,22;Geprueft
2021-07-20;511,21;Geprueft
2021-07-21;511,20;Geprueft
2021-07-22;511,19;Geprueft
2021-07-23;511,18;Geprueft
2021-07-24;511,17;Geprueft
2021-07-25;511,16;Geprueft
2021-07-26;511,15;Geprueft
2021-07-27;511,15;Geprueft
2021-07-28;511,16;Geprueft
2021-07-29;511,16;Geprueft
2021-07-30;511,15;Geprueft
2021-07-31;511,15;Geprueft
2021-08-01;511,15;Geprueft
2021-08-02;511,14;Geprueft
2021-08-03;;Geprueft
2021-08-04;;Geprueft
2021-08-05;511,15;Geprueft
2021-08-06;511,14;Geprueft
2021-08-07;511,14;Geprueft
2021-08-08;511,15;Geprueft
2021-08-09;511,14;Geprueft
2021-08-10;511,13;Geprueft
2021-08-11;511,13;Geprueft
2021-08-12;511,13;Geprueft
2021-08-13;511,12;Geprueft
2021-08-14;511,12;Geprueft
2021-08-15;511,11;Geprueft
2021-08-16;511,12;Geprueft
2021-08-17;511,12;Geprueft
2021-08-18;511,12;Geprueft
2021-08-19;511,11;Geprueft
2021-08-20;511,11;Geprueft
2021-08-21;511,10;Geprueft
2021-08-22;511,09;Geprueft
2021-08-23;511,10;Geprueft
2021-08-24;511,10;Geprueft
2021-08-25;511,09;Geprueft
2021-08-26;511,09;Geprueft
2021-08-27;511,09;Geprueft
2021-08-28;511,10;Geprueft
2021-08-29;511,11;Geprueft
2021-08-30;511,19;Geprueft
2021-08-31;511,26;Geprueft
2021-09-01;511,35;Geprueft
2021-09-02;511,40;Geprueft
2021-09-03;511,42;Geprueft
2021-09-04;511,43;Geprueft
2021-09-05;511,43;Geprueft
2021-09-06;511,42;Geprueft
2021-09-07;511,41;Geprueft
2021-09-08;511,40;Geprueft
2021-09-09;511,39;Geprueft
2021-09-10;511,38;Geprueft
2021-09-11;511,37;Geprueft
2021-09-12;511,36;Geprueft
2021-09-13;511,35;Geprueft
2021-09-14;511,34;Geprueft
2021-09-15;511,33;Geprueft
2021-09-16;511,33;Geprueft
2021-09-17;511,33;Geprueft
2021-09-18;511,32;Geprueft
2021-09-19;511,31;Geprueft
2021-09-20;511,30;Geprueft
2021-09-21;511,28;Geprueft
2021-09-22;511,27;Geprueft
2021-09-23;511,26;Geprueft
2021-09-24;511,25;Geprueft
2021-09-25;511,24;Geprueft
2021-09-26;511,23;Geprueft
2021-09-27;511,24;Geprueft
2021-09-28;511,23;Geprueft
2021-09-29;511,22;Geprueft
2021-09-30;511,21;Geprueft
2021-10-01;511,20;Geprueft
2021-10-02;511,20;Geprueft
2021-10-03;511,19;Geprueft
2021-10-04;;Geprueft
2021-10-05;;Geprueft
2021-10-06;;Geprueft
2021-10-07;;Geprueft
2021-10-08;;Geprueft
2021-10-09;511,14;Geprueft
2021-10-10;511,14;Geprueft
2021-10-11;511,13;Geprueft
2021-10-12;511,12;Geprueft
2021-10-13;511,12;Geprueft
2021-10-14;511,12;Geprueft
2021-10-15;511,11;Geprueft
2021-10-16;511,10;Geprueft
2021-10-17;511,10;Geprueft
2021-10-18;511,09;Geprueft
2021-10-19;511,08;Geprueft
2021-10-20;511,08;Geprueft
2021-10-21;511,07;Geprueft
2021-10-22;511,06;Geprueft
2021-10-23;511,06;Geprueft
2021-10-24;511,05;Geprueft
2021-10-25;511,05;Geprueft
2021-10-26;511,04;Geprueft
2021-10-27;511,03;Geprueft
2021-10-28;511,03;Geprueft
2021-10-29;511,02;Geprueft
2021-10-30;511,02;Geprueft
2021-10-31;511,01;Geprueft
2021-11-01;511,00;Geprueft
2021-11-02;511,01;Geprueft
2021-11-03;511,00;Geprueft
2021-11-04;511,01;Geprueft
2021-11-05;511,00;Geprueft
2021-11-06;511,00;Geprueft
2021-11-07;510,99;Geprueft
2021-11-08;510,99;Geprueft
2021-11-09;510,98;Geprueft
2021-11-10;510,98;Geprueft
2021-11-11;510,97;Geprueft
2021-11-12;510,97;Geprueft
2021-11-13;510,96;Geprueft
2021-11-14;510,96;Geprueft
2021-11-15;510,95;Geprueft
2021-11-16;510,95;Geprueft
2021-11-17;510,94;Geprueft
2021-11-18;510,94;Geprueft
2021-11-19;510,93;Geprueft
2021-11-20;510,93;Geprueft
2021-11-21;510,92;Geprueft
2021-11-22;510,92;Geprueft
2021-11-23;510,91;Geprueft
2021-11-24;510,91;Geprueft
2021-11-25;510,90;Geprueft
2021-11-26;510,90;Geprueft
2021-11-27;510,90;Geprueft
2021-11-28;510,89;Geprueft
2021-11-29;510,89;Geprueft
2021-11-30;510,88;Geprueft
2021-12-01;510,88;Geprueft
2021-12-02;510,88;Geprueft
2021-12-03;510,87;Geprueft
2021-12-04;510,88;Geprueft
2021-12-05;510,88;Geprueft
2021-12-06;510,88;Geprueft
2021-12-07;510,87;Geprueft
2021-12-08;510,87;Geprueft
2021-12-09;510,87;Geprueft
2021-12-10;510,86;Geprueft
2021-12-11;510,86;Geprueft
2021-12-12;510,86;Geprueft
2021-12-13;510,86;Geprueft
2021-12-14;510,86;Geprueft
2021-12-15;510,86;Geprueft
2021-12-16;510,86;Geprueft
2021-12-17;510,86;Geprueft
2021-12-18;510,86;Geprueft
2021-12-19;510,86;Geprueft
2021-12-20;510,85;Geprueft
2021-12-21;510,85;Geprueft
2021-12-22;510,85;Geprueft
2021-12-23;510,85;Geprueft
2021-12-24;510,84;Geprueft
2021-12-25;510,85;Geprueft
2021-12-26;510,85;Geprueft
2021-12-27;510,85;Geprueft
2021-12-28;510,85;Geprueft
2021-12-29;510,86;Geprueft
2021-12-30;510,87;Geprueft
2021-12-31;510,88;Geprueft
2022-01-01;510,90;Geprueft
2022-01-02;510,91;Geprueft
2022-01-03;510,93;Geprueft
2022-01-04;510,94;Geprueft
2022-01-05;510,96;Geprueft
2022-01-06;510,96;Geprueft
2022-01-07;510,96;Geprueft
2022-01-08;510,96;Geprueft
2022-01-09;510,96;Geprueft
2022-01-10;510,96;Geprueft
2022-01-11;510,96;Geprueft
2022-01-12;510,96;Geprueft
2022-01-13;510,96;Geprueft
2022-01-14;510,96;Geprueft
2022-01-15;510,95;Geprueft
2022-01-16;510,95;Geprueft
2022-01-17;510,95;Geprueft
2022-01-18;510,94;Geprueft
2022-01-19;510,94;Geprueft
2022-01-20;510,94;Geprueft
2022-01-21;510,94;Geprueft
2022-01-22;510,93;Geprueft
2022-01-23;510,93;Geprueft
2022-01-24;510,93;Geprueft
2022-01-25;510,93;Geprueft
2022-01-26;510,92;Geprueft
2022-01-27;510,92;Geprueft
2022-01-28;510,92;Geprueft
2022-01-29;510,92;Geprueft
2022-01-30;510,91;Geprueft
2022-01-31;510,91;Geprueft
2022-02-01;510,91;Geprueft
2022-02-02;510,91;Geprueft
2022-02-03;510,91;Geprueft
2022-02-04;510,91;Geprueft
2022-02-05;510,90;Geprueft
2022-02-06;510,90;Geprueft
2022-02-07;510,90;Geprueft
2022-02-08;510,90;Geprueft
2022-02-09;510,90;Geprueft
2022-02-10;510,90;Geprueft
2022-02-11;510,90;Geprueft
2022-02-12;510,90;Geprueft
2022-02-13;510,90;Geprueft
2022-02-14;510,90;Geprueft
2022-02-15;510,89;Geprueft
2022-02-16;510,89;Geprueft
2022-02-17;510,90;Geprueft
2022-02-18;510,89;Geprueft
2022-02-19;510,89;Geprueft
2022-02-20;510,89;Geprueft
2022-02-21;510,89;Geprueft
2022-02-22;510,88;Geprueft
2022-02-23;510,88;Geprueft
2022-02-24;510,88;Geprueft
2022-02-25;510,87;Geprueft
2022-02-26;510,87;Geprueft
2022-02-27;510,87;Geprueft
2022-02-28;510,86;Geprueft
2022-03-01;510,86;Geprueft
2022-03-02;510,86;Geprueft
2022-03-03;510,85;Geprueft
2022-03-04;510,85;Geprueft
2022-03-05;510,84;Geprueft
2022-03-06;510,84;Geprueft
2022-03-07;510,84;Geprueft
2022-03-08;510,84;Geprueft
2022-03-09;510,83;Geprueft
2022-03-10;510,83;Geprueft
2022-03-11;510,83;Geprueft
2022-03-12;510,82;Geprueft
2022-03-13;510,82;Geprueft
2022-03-14;510,82;Geprueft
2022-03-15;510,81;Geprueft
2022-03-16;510,81;Geprueft
2022-03-17;510,81;Geprueft
2022-03-18;510,80;Geprueft
2022-03-19;510,80;Geprueft
2022-03-20;510,80;Geprueft
2022-03-21;510,80;Geprueft
2022-03-22;510,79;Geprueft
2022-03-23;510,79;Geprueft
2022-03-24;510,79;Geprueft
2022-03-25;510,78;Geprueft
2022-03-26;510,78;Geprueft
2022-03-27;510,78;Geprueft
2022-03-28;510,78;Geprueft
2022-03-29;510,77;Geprueft
2022-03-30;510,77;Geprueft
2022-03-31;510,77;Geprueft
2022-04-01;510,78;Geprueft
2022-04-02;510,77;Geprueft
2022-04-03;510,77;Geprueft
2022-04-04;510,77;Geprueft
2022-04-05;510,77;Geprueft
2022-04-06;510,77;Geprueft
2022-04-07;510,76;Geprueft
2022-04-08;510,77;Geprueft
2022-04-09;510,76;Geprueft
2022-04-10;510,76;Geprueft
2022-04-11;510,76;Geprueft
2022-04-12;510,75;Geprueft
2022-04-13;510,75;Geprueft
2022-04-14;510,75;Geprueft
2022-04-15;510,74;Geprueft
2022-04-16;510,74;Geprueft
2022-04-17;510,74;Geprueft
2022-04-18;510,73;Geprueft
2022-04-19;510,73;Geprueft
2022-04-20;510,72;Geprueft
2022-04-21;510,72;Geprueft
2022-04-22;510,72;Geprueft
2022-04-23;510,71;Geprueft
2022-04-24;510,71;Geprueft
2022-04-25;510,71;Geprueft
2022-04-26;510,71;Geprueft
2022-04-27;510,71;Geprueft
2022-04-28;510,70;Geprueft
2022-04-29;510,70;Geprueft
2022-04-30;510,70;Geprueft
2022-05-01;510,69;Geprueft
2022-05-02;510,69;Geprueft
2022-05-03;510,69;Geprueft
2022-05-04;510,69;Geprueft
2022-05-05;510,69;Geprueft
2022-05-06;510,70;Geprueft
2022-05-07;510,70;Geprueft
2022-05-08;510,70;Geprueft
2022-05-09;510,69;Geprueft
2022-05-10;510,69;Geprueft
2022-05-11;510,68;Geprueft
2022-05-12;510,68;Geprueft
2022-05-13;510,70;Geprueft
2022-05-14;510,70;Geprueft
2022-05-15;510,70;Geprueft
2022-05-16;510,70;Geprueft
2022-05-17;510,70;Geprueft
2022-05-18;510,69;Geprueft
2022-05-19;510,69;Geprueft
2022-05-20;510,69;Geprueft
2022-05-21;510,69;Geprueft
2022-05-22;510,68;Geprueft
2022-05-23;510,68;Geprueft
2022-05-24;510,70;Geprueft
2022-05-25;510,71;Geprueft
2022-05-26;510,71;Geprueft
2022-05-27;510,71;Geprueft
2022-05-28;510,71;Geprueft
2022-05-29;510,71;Geprueft
2022-05-30;510,71;Geprueft
2022-05-31;510,70;Geprueft
2022-06-01;510,70;Geprueft
2022-06-02;510,70;Geprueft
2022-06-03;510,70;Geprueft
2022-06-04;510,70;Geprueft
2022-06-05;510,71;Geprueft
2022-06-06;510,72;Geprueft
2022-06-07;510,73;Geprueft
2022-06-08;510,73;Geprueft
2022-06-09;510,75;Geprueft
2022-06-10;510,74;Geprueft
2022-06-11;510,74;Geprueft
2022-06-12;510,74;Geprueft
2022-06-13;510,74;Geprueft
2022-06-14;510,74;Geprueft
2022-06-15;510,74;Geprueft
2022-06-16;510,73;Geprueft
2022-06-17;510,73;Geprueft
2022-06-18;510,72;Geprueft
2022-06-19;510,72;Geprueft
2022-06-20;510,71;Geprueft
2022-06-21;510,70;Geprueft
2022-06-22;510,69;Geprueft
2022-06-23;510,69;Geprueft
2022-06-24;510,69;Geprueft
2022-06-25;510,70;Geprueft
2022-06-26;510,68;Geprueft
2022-06-27;510,68;Geprueft
2022-06-28;510,68;Geprueft
2022-06-29;510,67;Geprueft
2022-06-30;510,67;Geprueft
2022-07-01;510,67;Geprueft
2022-07-02;510,66;Geprueft
2022-07-03;510,66;Geprueft
2022-07-04;510,66;Geprueft
2022-07-05;510,67;Geprueft
2022-07-06;510,66;Geprueft
2022-07-07;510,66;Geprueft
2022-07-08;510,65;Geprueft
2022-07-09;510,65;Geprueft
2022-07-10;510,64;Geprueft
2022-07-11;510,64;Geprueft
2022-07-12;510,63;Geprueft
2022-07-13;510,63;Geprueft
2022-07-14;510,62;Geprueft
2022-07-15;510,61;Geprueft
2022-07-16;510,61;Geprueft
2022-07-17;510,60;Geprueft
2022-07-18;510,59;Geprueft
2022-07-19;510,58;Geprueft
2022-07-20;510,58;Geprueft
2022-07-21;510,57;Geprueft
2022-07-22;510,56;Geprueft
2022-07-23;510,55;Geprueft
2022-07-24;510,54;Geprueft
2022-07-25;510,53;Geprueft
2022-07-26;510,55;Geprueft
2022-07-27;510,54;Geprueft
2022-07-28;510,53;Geprueft
2022-07-29;510,53;Geprueft
2022-07-30;510,52;Geprueft
2022-07-31;510,52;Geprueft
2022-08-01;510,51;Geprueft
2022-08-02;510,51;Geprueft
2022-08-03;510,50;Geprueft
2022-08-04;510,49;Geprueft
2022-08-05;510,50;Geprueft
2022-08-06;510,55;Geprueft
2022-08-07;510,53;Geprueft
2022-08-08;510,53;Geprueft
2022-08-09;510,52;Geprueft
2022-08-10;510,51;Geprueft
2022-08-11;510,50;Geprueft
2022-08-12;510,49;Geprueft
2022-08-13;510,48;Geprueft
2022-08-14;510,47;Geprueft
2022-08-15;510,47;Geprueft
2022-08-16;510,46;Geprueft
2022-08-17;510,46;Geprueft
2022-08-18;510,45;Geprueft
2022-08-19;510,46;Geprueft
2022-08-20;510,59;Geprueft
2022-08-21;510,62;Geprueft
2022-08-22;510,63;Geprueft
2022-08-23;510,63;Geprueft
2022-08-24;510,63;Geprueft
2022-08-25;510,63;Geprueft
2022-08-26;510,62;Geprueft
2022-08-27;510,61;Geprueft
2022-08-28;510,61;Geprueft
2022-08-29;510,61;Geprueft
2022-08-30;510,60;Geprueft
2022-08-31;510,60;Geprueft
2022-09-01;510,59;Geprueft
2022-09-02;510,58;Geprueft
2022-09-03;510,58;Geprueft
2022-09-04;510,57;Geprueft
2022-09-05;510,56;Geprueft
2022-09-06;510,55;Geprueft
2022-09-07;510,54;Geprueft
2022-09-08;510,54;Geprueft
2022-09-09;510,53;Geprueft
2022-09-10;510,53;Geprueft
2022-09-11;510,53;Geprueft
2022-09-12;510,52;Geprueft
2022-09-13;510,51;Geprueft
2022-09-14;510,51;Geprueft
2022-09-15;510,50;Geprueft
2022-09-16;510,49;Geprueft
2022-09-17;510,49;Geprueft
2022-09-18;510,49;Geprueft
2022-09-19;510,49;Geprueft
2022-09-20;510,48;Geprueft
2022-09-21;510,47;Geprueft
2022-09-22;510,46;Geprueft
2022-09-23;510,46;Geprueft
2022-09-24;510,45;Geprueft
2022-09-25;510,45;Geprueft
2022-09-26;510,45;Geprueft
2022-09-27;510,45;Geprueft
2022-09-28;510,46;Geprueft
2022-09-29;510,45;Geprueft
2022-09-30;510,45;Geprueft
2022-10-01;510,45;Geprueft
2022-10-02;510,47;Geprueft
2022-10-03;510,51;Geprueft
2022-10-04;510,53;Geprueft
2022-10-05;510,55;Geprueft
2022-10-06;510,56;Geprueft
2022-10-07;510,57;Geprueft
2022-10-08;510,57;Geprueft
2022-10-09;510,57;Geprueft
2022-10-10;510,56;Geprueft
2022-10-11;510,56;Geprueft
2022-10-12;510,55;Geprueft
2022-10-13;510,54;Geprueft
2022-10-14;510,54;Geprueft
2022-10-15;510,56;Geprueft
2022-10-16;510,55;Geprueft
2022-10-17;510,54;Geprueft
2022-10-18;510,53;Geprueft
2022-10-19;510,53;Geprueft
2022-10-20;510,52;Geprueft
2022-10-21;510,51;Geprueft
2022-10-22;510,51;Geprueft
2022-10-23;510,50;Geprueft
2022-10-24;510,51;Geprueft
2022-10-25;510,51;Geprueft
2022-10-26;510,50;Geprueft
2022-10-27;510,49;Geprueft
2022-10-28;510,49;Geprueft
2022-10-29;510,48;Geprueft
2022-10-30;510,47;Geprueft
2022-10-31;510,47;Geprueft
2022-11-01;510,46;Geprueft
2022-11-02;510,46;Geprueft
2022-11-03;510,45;Geprueft
2022-11-04;510,45;Geprueft
2022-11-05;510,45;Geprueft
2022-11-06;510,45;Geprueft
2022-11-07;510,44;Geprueft
2022-11-08;510,44;Geprueft
2022-11-09;510,43;Geprueft
2022-11-10;510,43;Geprueft
2022-11-11;510,43;Geprueft
2022-11-12;510,42;Geprueft
2022-11-13;510,42;Geprueft
2022-11-14;510,41;Geprueft
2022-11-15;510,41;Geprueft
2022-11-16;510,40;Geprueft
2022-11-17;510,40;Geprueft
2022-11-18;510,41;Geprueft
2022-11-19;510,41;Geprueft
2022-11-20;510,40;Geprueft
2022-11-21;510,40;Geprueft
2022-11-22;510,40;Geprueft
2022-11-23;510,39;Geprueft
2022-11-24;510,40;Geprueft
2022-11-25;510,39;Geprueft
2022-11-26;510,40;Geprueft
2022-11-27;510,39;Geprueft
2022-11-28;510,39;Geprueft
2022-11-29;510,40;Geprueft
2022-11-30;510,40;Geprueft
2022-12-01;510,40;Geprueft
2022-12-02;510,40;Geprueft
2022-12-03;510,40;Geprueft
2022-12-04;510,40;Geprueft
2022-12-05;510,40;Geprueft
2022-12-06;510,40;Geprueft
2022-12-07;510,39;Geprueft
2022-12-08;510,39;Geprueft
2022-12-09;510,39;Geprueft
2022-12-10;510,39;Geprueft
2022-12-11;510,38;Geprueft
2022-12-12;510,38;Geprueft
2022-12-13;510,38;Geprueft
2022-12-14;510,38;Geprueft
2022-12-15;510,38;Geprueft
2022-12-16;510,37;Geprueft
2022-12-17;510,37;Geprueft
2022-12-18;510,37;Geprueft
2022-12-19;510,36;Geprueft
2022-12-20;510,36;Geprueft
2022-12-21;510,37;Geprueft
2022-12-22;510,38;Geprueft
2022-12-23;510,39;Geprueft
2022-12-24;510,41;Geprueft
2022-12-25;510,43;Geprueft
2022-12-26;510,47;Geprueft
2022-12-27;510,51;Geprueft
2022-12-28;510,53;Geprueft
2022-12-29;510,54;Geprueft
2022-12-30;510,55;Geprueft
2022-12-31;510,56;Geprueft
2023-01-01;510,57;Geprueft
2023-01-02;510,57;Geprueft
2023-01-03;510,57;Geprueft
2023-01-04;510,57;Geprueft
2023-01-05;510,57;Geprueft
2023-01-06;510,57;Geprueft
2023-01-07;510,57;Geprueft
2023-01-08;510,56;Geprueft
2023-01-09;510,56;Geprueft
2023-01-10;510,55;Geprueft
2023-01-11;510,55;Geprueft
2023-01-12;510,55;Geprueft
2023-01-13;510,54;Geprueft
2023-01-14;510,53;Geprueft
2023-01-15;510,53;Geprueft
2023-01-16;510,52;Geprueft
2023-01-17;510,52;Geprueft
2023-01-18;510,51;Geprueft
2023-01-19;510,51;Geprueft
2023-01-20;510,50;Geprueft
2023-01-21;510,49;Geprueft
2023-01-22;510,49;Geprueft
2023-01-23;510,48;Geprueft
2023-01-24;510,48;Geprueft
2023-01-25;510,47;Geprueft
2023-01-26;510,47;Geprueft
2023-01-27;510,46;Geprueft
2023-01-28;510,46;Geprueft
2023-01-29;510,45;Geprueft
2023-01-30;510,45;Geprueft
2023-01-31;510,44;Geprueft
2023-02-01;510,44;Geprueft
2023-02-02;510,43;Geprueft
2023-02-03;510,43;Geprueft
2023-02-04;510,43;Geprueft
2023-02-05;510,43;Geprueft
2023-02-06;510,42;Geprueft
2023-02-07;510,41;Geprueft
2023-02-08;510,41;Geprueft
2023-02-09;510,40;Geprueft
2023-02-10;510,40;Geprueft
2023-02-11;510,39;Geprueft
2023-02-12;510,39;Geprueft
2023-02-13;510,38;Geprueft
2023-02-14;510,38;Geprueft
2023-02-15;510,38;Geprueft
2023-02-16;510,37;Geprueft
2023-02-17;510,37;Geprueft
2023-02-18;510,36;Geprueft
2023-02-19;510,36;Geprueft
2023-02-20;510,36;Geprueft
2023-02-21;510,35;Geprueft
2023-02-22;510,35;Geprueft
2023-02-23;510,35;Geprueft
2023-02-24;510,34;Geprueft
2023-02-25;510,38;Geprueft
2023-02-26;510,38;Geprueft
2023-02-27;510,37;Geprueft
2023-02-28;510,37;Geprueft
2023-03-01;510,37;Geprueft
2023-03-02;510,36;Geprueft
2023-03-03;510,36;Geprueft
2023-03-04;510,36;Geprueft
2023-03-05;510,36;Geprueft
2023-03-06;510,36;Geprueft
2023-03-07;510,36;Geprueft
2023-03-08;510,36;Geprueft
2023-03-09;510,36;Geprueft
2023-03-10;510,36;Geprueft
2023-03-11;510,35;Geprueft
2023-03-12;510,35;Geprueft
2023-03-13;510,35;Geprueft
2023-03-14;510,35;Geprueft
2023-03-15;510,35;Geprueft
2023-03-16;510,35;Geprueft
2023-03-17;510,35;Geprueft
2023-03-18;510,34;Geprueft
2023-03-19;510,34;Geprueft
2023-03-20;510,34;Geprueft
2023-03-21;510,33;Geprueft
2023-03-22;510,33;Geprueft
2023-03-23;510,32;Geprueft
2023-03-24;510,32;Geprueft
2023-03-25;510,32;Geprueft
2023-03-26;510,32;Geprueft
2023-03-27;510,32;Geprueft
2023-03-28;510,31;Geprueft
2023-03-29;510,31;Geprueft
2023-03-30;510,32;Geprueft
2023-03-31;510,32;Geprueft
2023-04-01;510,32;Geprueft
2023-04-02;510,31;Geprueft
2023-04-03;510,31;Geprueft
2023-04-04;510,31;Geprueft
2023-04-05;510,30;Geprueft
2023-04-06;510,30;Geprueft
2023-04-07;510,30;Geprueft
2023-04-08;510,29;Geprueft
2023-04-09;510,29;Geprueft
2023-04-10;510,29;Geprueft
2023-04-11;510,28;Geprueft
2023-04-12;510,28;Geprueft
2023-04-13;510,31;Geprueft
2023-04-14;510,31;Geprueft
2023-04-15;510,32;Geprueft
2023-04-16;510,32;Geprueft
2023-04-17;510,32;Geprueft
2023-04-18;510,32;Geprueft
2023-04-19;510,32;Geprueft
2023-04-20;510,34;Geprueft
2023-04-21;510,34;Geprueft
2023-04-22;510,34;Geprueft
2023-04-23;510,34;Geprueft
2023-04-24;510,35;Geprueft
2023-04-25;510,35;Geprueft
2023-04-26;510,36;Geprueft
2023-04-27;510,36;Geprueft
2023-04-28;510,37;Geprueft
2023-04-29;510,42;Geprueft
2023-04-30;510,43;Geprueft
2023-05-01;510,45;Geprueft
2023-05-02;510,48;Geprueft
2023-05-03;510,50;Geprueft
2023-05-04;510,51;Geprueft
2023-05-05;510,51;Geprueft
2023-05-06;510,53;Geprueft
2023-05-07;510,53;Geprueft
2023-05-08;510,53;Geprueft
2023-05-09;510,53;Geprueft
2023-05-10;510,54;Geprueft
2023-05-11;510,57;Geprueft
2023-05-12;510,58;Geprueft
2023-05-13;510,59;Geprueft
2023-05-14;510,61;Geprueft
2023-05-15;510,64;Geprueft
2023-05-16;510,65;Geprueft
2023-05-17;510,66;Geprueft
2023-05-18;510,67;Geprueft
2023-05-19;510,67;Geprueft
2023-05-20;510,67;Geprueft
2023-05-21;510,67;Geprueft
2023-05-22;510,67;Geprueft
2023-05-23;510,67;Geprueft
2023-05-24;510,67;Geprueft
2023-05-25;510,67;Geprueft
2023-05-26;510,66;Geprueft
2023-05-27;510,66;Geprueft
2023-05-28;510,65;Geprueft
2023-05-29;510,64;Geprueft
2023-05-30;510,64;Geprueft
2023-05-31;510,63;Geprueft
2023-06-01;510,62;Geprueft
2023-06-02;510,60;Geprueft
2023-06-03;510,59;Geprueft
2023-06-04;510,58;Geprueft
2023-06-05;510,58;Geprueft
2023-06-06;510,57;Geprueft
2023-06-07;510,56;Geprueft
2023-06-08;510,55;Geprueft
2023-06-09;510,54;Geprueft
2023-06-10;510,54;Geprueft
2023-06-11;510,53;Geprueft
2023-06-12;510,52;Geprueft
2023-06-13;510,51;Geprueft
2023-06-14;510,50;Geprueft
2023-06-15;510,49;Geprueft
2023-06-16;510,47;Geprueft
2023-06-17;510,46;Geprueft
2023-06-18;510,45;Geprueft
2023-06-19;510,45;Geprueft
2023-06-20;510,44;Geprueft
2023-06-21;510,43;Geprueft
2023-06-22;510,42;Geprueft
2023-06-23;510,43;Geprueft
2023-06-24;510,42;Geprueft
2023-06-25;510,42;Geprueft
2023-06-26;510,41;Geprueft
2023-06-27;510,41;Geprueft
2023-06-28;510,41;Geprueft
2023-06-29;510,40;Geprueft
2023-06-30;510,39;Geprueft
2023-07-01;510,40;Geprueft
2023-07-02;510,40;Geprueft
2023-07-03;510,40;Geprueft
2023-07-04;510,39;Geprueft
2023-07-05;510,39;Geprueft
2023-07-06;510,39;Geprueft
2023-07-07;510,38;Geprueft
2023-07-08;510,38;Geprueft
2023-07-09;510,37;Geprueft
2023-07-10;510,37;Geprueft
2023-07-11;510,36;Geprueft
2023-07-12;510,34;Geprueft
2023-07-13;510,34;Geprueft
2023-07-14;510,33;Geprueft
2023-07-15;510,31;Geprueft
2023-07-16;510,31;Geprueft
2023-07-17;510,33;Geprueft
2023-07-18;510,33;Geprueft
2023-07-19;510,33;Geprueft
2023-07-20;510,32;Geprueft
2023-07-21;510,33;Geprueft
2023-07-22;510,34;Geprueft
2023-07-23;510,33;Geprueft
2023-07-24;510,33;Geprueft
2023-07-25;510,33;Geprueft
2023-07-26;510,35;Geprueft
2023-07-27;510,34;Geprueft
2023-07-28;510,34;Geprueft
2023-07-29;510,34;Geprueft
2023-07-30;510,34;Geprueft
2023-07-31;510,34;Geprueft
2023-08-01;510,33;Geprueft
2023-08-02;510,32;Geprueft
2023-08-03;510,32;Geprueft
2023-08-04;510,32;Geprueft
2023-08-05;510,32;Geprueft
2023-08-06;510,32;Geprueft
2023-08-07;510,33;Geprueft
2023-08-08;510,32;Geprueft
2023-08-09;510,31;Geprueft
2023-08-10;510,35;Geprueft
2023-08-11;510,34;Geprueft
2023-08-12;510,33;Geprueft
2023-08-13;510,32;Geprueft
2023-08-14;510,32;Geprueft
2023-08-15;510,31;Geprueft
2023-08-16;510,32;Geprueft
2023-08-17;510,31;Geprueft
2023-08-18;510,30;Geprueft
2023-08-19;510,30;Geprueft
2023-08-20;510,29;Geprueft
2023-08-21;510,28;Geprueft
2023-08-22;510,27;Geprueft
2023-08-23;510,27;Geprueft
2023-08-24;510,26;Geprueft
2023-08-25;510,26;Geprueft
2023-08-26;510,28;Geprueft
2023-08-27;510,31;Geprueft
2023-08-28;510,38;Geprueft
2023-08-29;510,44;Geprueft
2023-08-30;510,48;Geprueft
2023-08-31;510,52;Geprueft
2023-09-01;510,56;Geprueft
2023-09-02;510,58;Geprueft
2023-09-03;510,59;Geprueft
2023-09-04;510,59;Geprueft
2023-09-05;510,58;Geprueft
2023-09-06;510,57;Geprueft
2023-09-07;510,56;Geprueft
2023-09-08;510,55;Geprueft
2023-09-09;510,54;Geprueft
2023-09-10;510,53;Geprueft
2023-09-11;510,52;Geprueft
2023-09-12;510,51;Geprueft
2023-09-13;510,50;Geprueft
2023-09-14;510,50;Geprueft
2023-09-15;510,49;Geprueft
2023-09-16;510,48;Geprueft
2023-09-17;510,47;Geprueft
2023-09-18;510,46;Geprueft
2023-09-19;510,45;Geprueft
2023-09-20;510,44;Geprueft
2023-09-21;510,44;Geprueft
2023-09-22;510,43;Geprueft
2023-09-23;510,43;Geprueft
2023-09-24;510,42;Geprueft
2023-09-25;510,41;Geprueft
2023-09-26;510,40;Geprueft
2023-09-27;510,39;Geprueft
2023-09-28;510,38;Geprueft
2023-09-29;510,37;Geprueft
2023-09-30;510,37;Geprueft
2023-10-01;510,36;Geprueft
2023-10-02;510,35;Geprueft
2023-10-03;510,34;Geprueft
2023-10-04;510,33;Geprueft
2023-10-05;510,33;Geprueft
2023-10-06;510,32;Geprueft
2023-10-07;510,31;Geprueft
2023-10-08;510,30;Geprueft
2023-10-09;510,30;Geprueft
2023-10-10;510,29;Geprueft
2023-10-11;510,28;Geprueft
2023-10-12;510,28;Geprueft
2023-10-13;510,27;Geprueft
2023-10-14;510,26;Geprueft
2023-10-15;510,26;Geprueft
2023-10-16;510,25;Geprueft
2023-10-17;510,25;Geprueft
2023-10-18;510,24;Geprueft
2023-10-19;510,24;Geprueft
2023-10-20;510,23;Geprueft
2023-10-21;510,23;Geprueft
2023-10-22;510,22;Geprueft
2023-10-23;510,22;Geprueft
2023-10-24;510,21;Geprueft
2023-10-25;510,21;Geprueft
2023-10-26;510,21;Geprueft
2023-10-27;510,22;Geprueft
2023-10-28;510,22;Geprueft
2023-10-29;510,21;Geprueft
2023-10-30;510,20;Geprueft
2023-10-31;510,21;Geprueft
2023-11-01;510,20;Geprueft
2023-11-02;510,20;Geprueft
2023-11-03;510,21;Geprueft
2023-11-04;510,21;Geprueft
2023-11-05;510,20;Geprueft
2023-11-06;510,20;Geprueft
2023-11-07;510,19;Geprueft
2023-11-08;510,19;Geprueft
2023-11-09;510,18;Geprueft
2023-11-10;510,18;Geprueft
2023-11-11;510,17;Geprueft
2023-11-12;510,17;Geprueft
2023-11-13;510,21;Geprueft
2023-11-14;510,23;Geprueft
2023-11-15;510,25;Geprueft
2023-11-16;510,25;Geprueft
2023-11-17;510,33;Geprueft
2023-11-18;510,36;Geprueft
2023-11-19;510,45;Geprueft
2023-11-20;510,50;Geprueft
2023-11-21;;Geprueft
2023-11-22;;Geprueft
2023-11-23;;Geprueft
2023-11-24;510,61;Geprueft
2023-11-25;510,61;Geprueft
2023-11-26;510,60;Geprueft
2023-11-27;510,60;Geprueft
2023-11-28;510,63;Geprueft
2023-11-29;510,63;Geprueft
2023-11-30;510,64;Geprueft
2023-12-01;510,68;Geprueft
2023-12-02;510,70;Geprueft
2023-12-03;510,71;Geprueft
2023-12-04;510,72;Geprueft
2023-12-05;510,74;Geprueft
2023-12-06;510,74;Geprueft
2023-12-07;510,75;Geprueft
2023-12-08;510,75;Geprueft
2023-12-09;510,76;Geprueft
2023-12-10;510,81;Geprueft
2023-12-11;510,90;Geprueft
2023-12-12;510,99;Geprueft
2023-12-13;511,07;Geprueft
2023-12-14;511,10;Geprueft
2023-12-15;511,12;Geprueft
2023-12-16;511,14;Geprueft
2023-12-17;511,15;Geprueft
2023-12-18;511,15;Geprueft
2023-12-19;511,14;Geprueft
2023-12-20;511,14;Geprueft
2023-12-21;511,13;Geprueft
2023-12-22;511,15;Geprueft
2023-12-23;511,16;Geprueft
2023-12-24;511,17;Geprueft
2023-12-25;511,20;Geprueft
2023-12-26;511,22;Geprueft
2023-12-27;511,24;Geprueft
2023-12-28;511,24;Geprueft
2023-12-29;511,24;Geprueft
2023-12-30;511,24;Geprueft
2023-12-31;511,23;Geprueft
2024-01-01;511,23;Geprueft
2024-01-02;511,22;Geprueft
2024-01-03;511,21;Geprueft
2024-01-04;511,19;Geprueft
2024-01-05;511,18;Geprueft
2024-01-06;511,19;Geprueft
2024-01-07;511,19;Geprueft
2024-01-08;511,18;Geprueft
2024-01-09;511,18;Geprueft
2024-01-10;511,17;Geprueft
2024-01-11;511,17;Geprueft
2024-01-12;511,17;Geprueft
2024-01-13;511,17;Geprueft
2024-01-14;511,16;Geprueft
2024-01-15;511,16;Geprueft
2024-01-16;511,15;Geprueft
2024-01-17;511,15;Geprueft
2024-01-18;511,17;Geprueft
2024-01-19;511,16;Geprueft
2024-01-20;511,16;Geprueft
2024-01-21;511,18;Geprueft
2024-01-22;511,19;Geprueft
2024-01-23;511,21;Geprueft
2024-01-24;511,21;Geprueft
2024-01-25;511,21;Geprueft
2024-01-26;511,21;Geprueft
2024-01-27;511,21;Geprueft
2024-01-28;511,20;Geprueft
2024-01-29;511,20;Geprueft
2024-01-30;511,19;Geprueft
2024-01-31;511,19;Geprueft
2024-02-01;511,19;Geprueft
2024-02-02;511,19;Geprueft
2024-02-03;511,18;Geprueft
2024-02-04;511,18;Geprueft
2024-02-05;511,17;Geprueft
2024-02-06;511,16;Geprueft
2024-02-07;511,16;Geprueft
2024-02-08;511,15;Geprueft
2024-02-09;511,14;Geprueft
2024-02-10;511,14;Geprueft
2024-02-11;511,13;Geprueft
2024-02-12;511,12;Geprueft
2024-02-13;511,11;Geprueft
2024-02-14;511,10;Geprueft
2024-02-15;511,09;Geprueft
2024-02-16;511,09;Geprueft
2024-02-17;511,08;Geprueft
2024-02-18;511,08;Geprueft
2024-02-19;511,07;Geprueft
2024-02-20;511,07;Geprueft
2024-02-21;511,06;Geprueft
2024-02-22;511,06;Geprueft
2024-02-23;511,07;Geprueft
2024-02-24;511,06;Geprueft
2024-02-25;511,05;Geprueft
2024-02-26;511,05;Geprueft
2024-02-27;511,04;Geprueft
2024-02-28;511,04;Geprueft
2024-02-29;511,04;Geprueft
2024-03-01;511,04;Geprueft
2024-03-02;511,03;Geprueft
2024-03-03;511,03;Geprueft
2024-03-04;511,02;Geprueft
2024-03-05;511,02;Geprueft
2024-03-06;511,02;Geprueft
2024-03-07;511,01;Geprueft
2024-03-08;511,01;Geprueft
2024-03-09;511,00;Geprueft
2024-03-10;511,00;Geprueft
2024-03-11;510,99;Geprueft
2024-03-12;510,98;Geprueft
2024-03-13;510,97;Geprueft
2024-03-14;510,97;Geprueft
2024-03-15;510,96;Geprueft
2024-03-16;510,96;Geprueft
2024-03-17;510,95;Geprueft
2024-03-18;510,95;Geprueft
2024-03-19;510,94;Geprueft
2024-03-20;510,94;Geprueft
2024-03-21;510,93;Geprueft
2024-03-22;510,92;Geprueft
2024-03-23;510,92;Geprueft
2024-03-24;510,92;Geprueft
2024-03-25;510,92;Geprueft
2024-03-26;510,91;Geprueft
2024-03-27;510,91;Geprueft
2024-03-28;510,92;Geprueft
2024-03-29;510,91;Geprueft
2024-03-30;510,91;Geprueft
2024-03-31;510,90;Geprueft
2024-04-01;510,89;Geprueft
2024-04-02;510,89;Geprueft
2024-04-03;510,88;Geprueft
2024-04-04;510,88;Geprueft
2024-04-05;510,88;Geprueft
2024-04-06;510,87;Geprueft
2024-04-07;510,87;Geprueft
2024-04-08;510,86;Geprueft
2024-04-09;510,86;Geprueft
2024-04-10;510,85;Geprueft
2024-04-11;510,85;Geprueft
2024-04-12;510,84;Geprueft
2024-04-13;510,84;Geprueft
2024-04-14;510,83;Geprueft
2024-04-15;510,84;Geprueft
2024-04-16;510,83;Geprueft
2024-04-17;510,84;Geprueft
2024-04-18;510,83;Geprueft
2024-04-19;510,83;Geprueft
2024-04-20;510,83;Geprueft
2024-04-21;510,84;Geprueft
2024-04-22;510,84;Geprueft
2024-04-23;510,84;Geprueft
2024-04-24;510,83;Geprueft
2024-04-25;510,83;Geprueft
2024-04-26;510,82;Geprueft
2024-04-27;510,82;Geprueft
2024-04-28;510,81;Geprueft
2024-04-29;510,81;Geprueft
2024-04-30;510,80;Geprueft
2024-05-01;510,80;Geprueft
2024-05-02;510,80;Geprueft
2024-05-03;510,79;Geprueft
2024-05-04;510,79;Geprueft
2024-05-05;510,78;Geprueft
2024-05-06;510,79;Geprueft
2024-05-07;510,80;Geprueft
2024-05-08;510,80;Geprueft
2024-05-09;510,80;Geprueft
2024-05-10;510,80;Geprueft
2024-05-11;510,79;Geprueft
2024-05-12;510,79;Geprueft
2024-05-13;510,78;Geprueft
2024-05-14;510,78;Geprueft
2024-05-15;510,77;Geprueft
2024-05-16;510,77;Geprueft
2024-05-17;510,77;Geprueft
2024-05-18;510,77;Geprueft
2024-05-19;510,77;Geprueft
2024-05-20;510,77;Geprueft
2024-05-21;510,76;Geprueft
2024-05-22;510,77;Geprueft
2024-05-23;510,77;Geprueft
2024-05-24;510,79;Geprueft
2024-05-25;510,79;Geprueft
2024-05-26;510,79;Geprueft
2024-05-27;510,79;Geprueft
2024-05-28;510,83;Geprueft
2024-05-29;510,82;Geprueft
2024-05-30;510,84;Geprueft
2024-05-31;510,86;Geprueft
2024-06-01;511,01;Geprueft
2024-06-02;511,19;Geprueft
2024-06-03;511,34;Geprueft
2024-06-04;511,41;Geprueft
2024-06-05;511,44;Geprueft
2024-06-06;511,45;Geprueft
2024-06-07;511,45;Geprueft
2024-06-08;511,45;Geprueft
2024-06-09;511,45;Geprueft
2024-06-10;511,46;Geprueft
2024-06-11;511,44;Geprueft
2024-06-12;511,43;Geprueft
2024-06-13;511,42;Geprueft
2024-06-14;511,41;Geprueft
2024-06-15;511,40;Geprueft
2024-06-16;511,38;Geprueft
2024-06-17;511,37;Geprueft
2024-06-18;511,37;Geprueft
2024-06-19;511,36;Geprueft
2024-06-20;511,35;Geprueft
2024-06-21;511,34;Geprueft
2024-06-22;511,34;Geprueft
2024-06-23;511,33;Geprueft
2024-06-24;511,32;Geprueft
2024-06-25;511,31;Geprueft
2024-06-26;511,30;Geprueft
2024-06-27;511,30;Geprueft
2024-06-28;511,29;Geprueft
2024-06-29;511,28;Geprueft
2024-06-30;511,26;Geprueft
2024-07-01;511,26;Geprueft
2024-07-02;511,26;Geprueft
2024-07-03;511,25;Geprueft
2024-07-04;511,24;Geprueft
2024-07-05;511,23;Geprueft
2024-07-06;511,23;Geprueft
2024-07-07;511,24;Geprueft
2024-07-08;511,24;Geprueft
2024-07-09;511,23;Geprueft
2024-07-10;511,22;Geprueft
2024-07-11;511,22;Geprueft
2024-07-12;511,21;Geprueft
2024-07-13;511,21;Geprueft
2024-07-14;511,21;Geprueft
2024-07-15;511,20;Geprueft
2024-07-16;511,21;Geprueft
2024-07-17;511,20;Geprueft
2024-07-18;511,19;Geprueft
2024-07-19;511,19;Geprueft
2024-07-20;511,18;Geprueft
2024-07-21;511,17;Geprueft
2024-07-22;511,18;Geprueft
2024-07-23;511,17;Geprueft
2024-07-24;511,17;Geprueft
2024-07-25;511,17;Geprueft
2024-07-26;511,16;Geprueft
2024-07-27;511,15;Geprueft
2024-07-28;511,15;Geprueft
2024-07-29;511,14;Geprueft
2024-07-30;511,13;Geprueft
2024-07-31;511,13;Geprueft
2024-08-01;511,13;Geprueft
2024-08-02;511,12;Geprueft
2024-08-03;511,13;Geprueft
2024-08-04;511,12;Geprueft
2024-08-05;511,12;Geprueft
2024-08-06;511,11;Geprueft
2024-08-07;511,10;Geprueft
2024-08-08;511,10;Geprueft
2024-08-09;511,10;Geprueft
2024-08-10;511,09;Geprueft
2024-08-11;511,09;Geprueft
2024-08-12;511,08;Geprueft
2024-08-13;511,07;Geprueft
2024-08-14;511,07;Geprueft
2024-08-15;511,07;Geprueft
2024-08-16;511,06;Geprueft
2024-08-17;511,06;Geprueft
2024-08-18;511,06;Geprueft
2024-08-19;511,12;Geprueft
2024-08-20;511,12;Geprueft
2024-08-21;511,12;Geprueft
2024-08-22;511,13;Geprueft
2024-08-23;511,13;Geprueft
2024-08-24;511,13;Geprueft
2024-08-25;511,13;Geprueft
2024-08-26;511,14;Geprueft
2024-08-27;511,13;Geprueft
2024-08-28;511,13;Geprueft
2024-08-29;511,13;Geprueft
2024-08-30;511,13;Geprueft
2024-08-31;511,12;Geprueft
2024-09-01;511,12;Geprueft
2024-09-02;511,12;Geprueft
2024-09-03;511,11;Geprueft
2024-09-04;511,11;Geprueft
2024-09-05;511,13;Geprueft
2024-09-06;511,12;Geprueft
2024-09-07;511,12;Geprueft
2024-09-08;511,12;Geprueft
2024-09-09;511,15;Geprueft
2024-09-10;511,14;Geprueft
2024-09-11;511,14;Geprueft
2024-09-12;511,15;Geprueft
2024-09-13;511,16;Geprueft
2024-09-14;511,26;Geprueft
2024-09-15;511,35;Geprueft
2024-09-16;511,46;Geprueft
2024-09-17;511,65;Geprueft
2024-09-18;511,81;Geprueft
2024-09-19;511,87;Geprueft
2024-09-20;511,90;Geprueft
2024-09-21;511,91;Geprueft
2024-09-22;511,90;Geprueft
2024-09-23;511,90;Geprueft
2024-09-24;511,90;Geprueft
2024-09-25;511,89;Geprueft
2024-09-26;511,88;Geprueft
2024-09-27;511,88;Geprueft
2024-09-28;511,89;Geprueft
2024-09-29;511,88;Geprueft
2024-09-30;511,88;Geprueft
2024-10-01;511,87;Geprueft
2024-10-02;511,88;Geprueft
2024-10-03;511,87;Geprueft
2024-10-04;511,87;Geprueft
2024-10-05;511,88;Geprueft
2024-10-06;511,88;Geprueft
2024-10-07;511,88;Geprueft
2024-10-08;511,89;Geprueft
2024-10-09;511,91;Geprueft
2024-10-10;511,91;Geprueft
2024-10-11;511,91;Geprueft
2024-10-12;511,91;Geprueft
2024-10-13;511,91;Geprueft
2024-10-14;511,90;Geprueft
2024-10-15;511,90;Geprueft
2024-10-16;511,90;Geprueft
2024-10-17;511,89;Geprueft
2024-10-18;511,88;Geprueft
2024-10-19;511,88;Geprueft
2024-10-20;511,87;Geprueft
2024-10-21;511,86;Geprueft
2024-10-22;511,85;Geprueft
2024-10-23;511,84;Geprueft
2024-10-24;511,84;Geprueft
2024-10-25;511,83;Geprueft
2024-10-26;511,82;Geprueft
2024-10-27;511,82;Geprueft
2024-10-28;511,81;Geprueft
2024-10-29;511,80;Geprueft
2024-10-30;511,79;Geprueft
2024-10-31;511,78;Geprueft
2024-11-01;511,78;Geprueft
2024-11-02;511,77;Geprueft
2024-11-03;511,76;Geprueft
2024-11-04;511,75;Geprueft
2024-11-05;511,75;Geprueft
2024-11-06;511,74;Geprueft
2024-11-07;511,73;Geprueft
2024-11-08;511,73;Geprueft
2024-11-09;511,72;Geprueft
2024-11-10;511,71;Geprueft
2024-11-11;511,70;Geprueft
2024-11-12;511,70;Geprueft
2024-11-13;511,69;Geprueft
2024-11-14;511,69;Geprueft
2024-11-15;511,68;Geprueft
2024-11-16;511,67;Geprueft
2024-11-17;511,67;Geprueft
2024-11-18;511,66;Geprueft
2024-11-19;511,66;Geprueft
2024-11-20;511,67;Geprueft
2024-11-21;511,66;Geprueft
2024-11-22;511,66;Geprueft
2024-11-23;511,65;Geprueft
2024-11-24;511,65;Geprueft
2024-11-25;511,64;Geprueft
2024-11-26;511,64;Geprueft
2024-11-27;511,63;Geprueft
2024-11-28;511,64;Geprueft
2024-11-29;511,64;Geprueft
2024-11-30;511,63;Geprueft
2024-12-01;511,63;Geprueft
2024-12-02;511,62;Geprueft
2024-12-03;511,62;Geprueft
2024-12-04;511,62;Geprueft
2024-12-05;511,62;Geprueft
2024-12-06;511,62;Geprueft
2024-12-07;511,62;Geprueft
2024-12-08;511,62;Geprueft
2024-12-09;511,63;Geprueft
2024-12-10;511,64;Geprueft
2024-12-11;511,64;Geprueft
2024-12-12;511,65;Geprueft
2024-12-13;511,66;Geprueft
2024-12-14;511,67;Geprueft
2024-12-15;511,68;Geprueft
2024-12-16;511,68;Geprueft
2024-12-17;511,68;Geprueft
2024-12-18;511,68;Geprueft
2024-12-19;511,68;Geprueft
2024-12-20;511,68;Geprueft
2024-12-21;511,67;Geprueft
2024-12-22;511,69;Geprueft
2024-12-23;511,69;Geprueft
2024-12-24;511,69;Geprueft
2024-12-25;511,69;Geprueft
2024-12-26;511,70;Geprueft
2024-12-27;511,70;Geprueft
2024-12-28;511,70;Geprueft
2024-12-29;511,71;Geprueft
2024-12-30;511,71;Geprueft
2024-12-31;511,71;Geprueft
2025-01-01;511,70;Geprueft
2025-01-02;511,70;Rohdaten
2025-01-03;511,71;Rohdaten
2025-01-04;511,71;Rohdaten
2025-01-05;511,72;Rohdaten
2025-01-06;511,74;Rohdaten
2025-01-07;511,75;Rohdaten
2025-01-08;511,76;Rohdaten
2025-01-09;511,79;Rohdaten
2025-01-10;511,83;Rohdaten
2025-01-11;511,86;Rohdaten
2025-01-12;511,88;Rohdaten
2025-01-13;511,90;Rohdaten
2025-01-14;511,90;Rohdaten
2025-01-15;511,91;Rohdaten
2025-01-16;511,91;Rohdaten
2025-01-17;511,91;Rohdaten
2025-01-18;511,91;Rohdaten
2025-01-19;511,90;Rohdaten
2025-01-20;511,90;Rohdaten
2025-01-21;511,90;Rohdaten
2025-01-22;511,89;Rohdaten
2025-01-23;511,89;Rohdaten
2025-01-24;511,88;Rohdaten
2025-01-25;511,88;Rohdaten
2025-01-26;511,87;Rohdaten
2025-01-27;511,87;Rohdaten
2025-01-28;511,88;Rohdaten
2025-01-29;511,88;Rohdaten
2025-01-30;511,88;Rohdaten
2025-01-31;511,87;Rohdaten
2025-02-01;511,88;Rohdaten
2025-02-02;511,88;Rohdaten
2025-02-03;511,88;Rohdaten
2025-02-04;511,88;Rohdaten
2025-02-05;511,88;Rohdaten
2025-02-06;511,88;Rohdaten
2025-02-07;511,87;Rohdaten
2025-02-08;511,87;Rohdaten
2025-02-09;511,87;Rohdaten
2025-02-10;511,86;Rohdaten
2025-02-11;511,86;Rohdaten
2025-02-12;511,85;Rohdaten
2025-02-13;511,85;Rohdaten
2025-02-14;511,85;Rohdaten
2025-02-15;511,85;Rohdaten
2025-02-16;511,84;Rohdaten
2025-02-17;511,84;Rohdaten
2025-02-18;511,83;Rohdaten
2025-02-19;511,83;Rohdaten
2025-02-20;511,82;Rohdaten
2025-02-21;511,81;Rohdaten
2025-02-22;511,81;Rohdaten
2025-02-23;511,80;Rohdaten
2025-02-24;511,80;Rohdaten
2025-02-25;511,79;Rohdaten
2025-02-26;511,79;Rohdaten
2025-02-27;511,79;Rohdaten
2025-02-28;511,78;Rohdaten
2025-03-01;511,77;Rohdaten
2025-03-02;511,77;Rohdaten
2025-03-03;511,76;Rohdaten
2025-03-04;511,76;Rohdaten
2025-03-05;511,75;Rohdaten
2025-03-06;511,75;Rohdaten
2025-03-07;511,74;Rohdaten
2025-03-08;511,74;Rohdaten
2025-03-09;511,73;Rohdaten
2025-03-10;511,73;Rohdaten
2025-03-11;511,72;Rohdaten
2025-03-12;511,72;Rohdaten
2025-03-13;511,72;Rohdaten
2025-03-14;511,72;Rohdaten
2025-03-15;511,72;Rohdaten
2025-03-16;511,71;Rohdaten
2025-03-17;511,71;Rohdaten
2025-03-18;511,70;Rohdaten
2025-03-19;511,70;Rohdaten
2025-03-20;511,69;Rohdaten
2025-03-21;511,69;Rohdaten
2025-03-22;511,68;Rohdaten
2025-03-23;511,68;Rohdaten
2025-03-24;511,67;Rohdaten
2025-03-25;511,67;Rohdaten
2025-03-26;511,67;Rohdaten
2025-03-27;511,66;Rohdaten
2025-03-28;511,66;Rohdaten
2025-03-29;511,66;Rohdaten
2025-03-30;511,66;Rohdaten
2025-03-31;511,66;Rohdaten
2025-04-01;511,65;Rohdaten
2025-04-02;511,65;Rohdaten
2025-04-03;511,64;Rohdaten
2025-04-04;511,64;Rohdaten
2025-04-05;511,64;Rohdaten
2025-04-06;511,63;Rohdaten
2025-04-07;511,62;Rohdaten
2025-04-08;511,62;Rohdaten
2025-04-09;511,61;Rohdaten
2025-04-10;511,61;Rohdaten
2025-04-11;511,60;Rohdaten
2025-04-12;511,60;Rohdaten
2025-04-13;511,59;Rohdaten
2025-04-14;511,59;Rohdaten
2025-04-15;511,58;Rohdaten
2025-04-16;511,58;Rohdaten
2025-04-17;511,58;Rohdaten
2025-04-18;511,58;Rohdaten
2025-04-19;511,57;Rohdaten
2025-04-20;511,57;Rohdaten
2025-04-21;511,56;Rohdaten
2025-04-22;511,56;Rohdaten
2025-04-23;511,55;Rohdaten
2025-04-24;511,55;Rohdaten
2025-04-25;511,55;Rohdaten
2025-04-26;511,55;Rohdaten
2025-04-27;511,54;Rohdaten
2025-04-28;511,54;Rohdaten
2025-04-29;511,53;Rohdaten
2025-04-30;511,53;Rohdaten
2025-05-01;511,52;Rohdaten
2025-05-02;511,52;Rohdaten
2025-05-03;511,51;Rohdaten
2025-05-04;511,51;Rohdaten
2025-05-05;511,52;Rohdaten
2025-05-06;511,52;Rohdaten
2025-05-07;511,52;Rohdaten
2025-05-08;511,52;Rohdaten
2025-05-09;511,51;Rohdaten
2025-05-10;511,51;Rohdaten
2025-05-11;511,50;Rohdaten
2025-05-12;511,50;Rohdaten
2025-05-13;511,49;Rohdaten
2025-05-14;511,49;Rohdaten
2025-05-15;511,48;Rohdaten
2025-05-16;511,47;Rohdaten
2025-05-17;511,46;Rohdaten
2025-05-18;511,45;Rohdaten
2025-05-19;511,45;Rohdaten
2025-05-20;511,44;Rohdaten
2025-05-21;511,44;Rohdaten
2025-05-22;511,43;Rohdaten
2025-05-23;511,42;Rohdaten
2025-05-24;511,41;Rohdaten
2025-05-25;511,41;Rohdaten
2025-05-26;511,42;Rohdaten
2025-05-27;511,43;Rohdaten
2025-05-28;511,43;Rohdaten
2025-05-29;511,43;Rohdaten
2025-05-30;511,42;Rohdaten
2025-05-31;511,42;Rohdaten
2025-06-01;511,41;Rohdaten
2025-06-02;511,41;Rohdaten
2025-06-03;511,43;Rohdaten
2025-06-04;511,42;Rohdaten
2025-06-05;511,42;Rohdaten
2025-06-06;511,42;Rohdaten
2025-06-07;511,42;Rohdaten
2025-06-08;511,42;Rohdaten
2025-06-09;511,42;Rohdaten
2025-06-10;511,41;Rohdaten
2025-06-11;511,41;Rohdaten
2025-06-12;511,40;Rohdaten
2025-06-13;511,39;Rohdaten
2025-06-14;511,38;Rohdaten
2025-06-15;511,38;Rohdaten
2025-06-16;511,38;Rohdaten
2025-06-17;511,36;Rohdaten
2025-06-18;511,36;Rohdaten
2025-06-19;511,34;Rohdaten
2025-06-20;511,33;Rohdaten
2025-06-21;511,32;Rohdaten
2025-06-22;511,31;Rohdaten
2025-06-23;511,31;Rohdaten
2025-06-24;511,30;Rohdaten
2025-06-25;511,29;Rohdaten
2025-06-26;511,29;Rohdaten
2025-06-27;511,30;Rohdaten
2025-06-28;511,30;Rohdaten
2025-06-29;511,30;Rohdaten
2025-06-30;511,30;Rohdaten
2025-07-01;511,30;Rohdaten
2025-07-02;511,30;Rohdaten
2025-07-03;511,29;Rohdaten
2025-07-04;511,29;Rohdaten
2025-07-05;511,28;Rohdaten
2025-07-06;511,28;Rohdaten
2025-07-07;511,28;Rohdaten
2025-07-08;511,31;Rohdaten
2025-07-09;511,30;Rohdaten
2025-07-10;511,30;Rohdaten
2025-07-11;511,30;Rohdaten
2025-07-12;511,29;Rohdaten
2025-07-13;511,29;Rohdaten
2025-07-14;511,28;Rohdaten
2025-07-15;511,28;Rohdaten
2025-07-16;511,28;Rohdaten
2025-07-17;511,29;Rohdaten
2025-07-18;511,28;Rohdaten
2025-07-19;511,28;Rohdaten
2025-07-20;511,27;Rohdaten
2025-07-21;511,29;Rohdaten
2025-07-22;511,29;Rohdaten
2025-07-23;511,28;Rohdaten
2025-07-24;511,31;Rohdaten
2025-07-25;511,32;Rohdaten
2025-07-26;511,33;Rohdaten
2025-07-27;511,33;Rohdaten
2025-07-28;511,33;Rohdaten
2025-07-29;511,33;Rohdaten
2025-07-30;511,33;Rohdaten
2025-07-31;511,34;Rohdaten
2025-08-01;511,33;Rohdaten
2025-08-02;511,36;Rohdaten
2025-08-03;511,43;Rohdaten
2025-08-04;511,48;Rohdaten
2025-08-05;511,52;Rohdaten
2025-08-06;511,54;Rohdaten
2025-08-07;511,55;Rohdaten
2025-08-08;511,55;Rohdaten
2025-08-09;511,54;Rohdaten
2025-08-10;511,54;Rohdaten
2025-08-11;511,53;Rohdaten
2025-08-12;511,52;Rohdaten
2025-08-13;511,52;Rohdaten
2025-08-14;511,51;Rohdaten
2025-08-15;511,50;Rohdaten
2025-08-16;511,50;Rohdaten
2025-08-17;511,49;Rohdaten
2025-08-18;511,49;Rohdaten
2025-08-19;511,47;Rohdaten
2025-08-20;511,46;Rohdaten
2025-08-21;511,45;Rohdaten
2025-08-22;511,45;Rohdaten
2025-08-23;511,45;Rohdaten
2025-08-24;511,44;Rohdaten
2025-08-25;511,43;Rohdaten
2025-08-26;511,42;Rohdaten
2025-08-27;511,41;Rohdaten
2025-08-28;511,40;Rohdaten
2025-08-29;511,43;Rohdaten
2025-08-30;511,43;Rohdaten
2025-08-31;511,42;Rohdaten
2025-09-01;511,42;Rohdaten
2025-09-02;511,42;Rohdaten
2025-09-03;511,41;Rohdaten
2025-09-04;511,40;Rohdaten
2025-09-05;511,41;Rohdaten
2025-09-06;511,40;Rohdaten
2025-09-07;511,40;Rohdaten
2025-09-08;511,39;Rohdaten
2025-09-09;511,38;Rohdaten
2025-09-10;511,38;Rohdaten
2025-09-11;511,37;Rohdaten
2025-09-12;511,36;Rohdaten
2025-09-13;511,36;Rohdaten
2025-09-14;511,36;Rohdaten
2025-09-15;511,35;Rohdaten
2025-09-16;511,34;Rohdaten
2025-09-17;511,34;Rohdaten
2025-09-18;511,33;Rohdaten
2025-09-19;511,32;Rohdaten
2025-09-20;511,31;Rohdaten
2025-09-21;511,31;Rohdaten
2025-09-22;511,30;Rohdaten
2025-09-23;511,29;Rohdaten
2025-09-24;511,29;Rohdaten
2025-09-25;511,29;Rohdaten
2025-09-26;511,28;Rohdaten
2025-09-27;511,27;Rohdaten
2025-09-28;511,27;Rohdaten
2025-09-29;511,26;Rohdaten
2025-09-30;511,25;Rohdaten
2025-10-01;511,25;Rohdaten
2025-10-02;511,24;Rohdaten
2025-10-03;511,24;Rohdaten
2025-10-04;511,23;Rohdaten
2025-10-05;511,23;Rohdaten
2025-10-06;511,24;Rohdaten
2025-10-07;511,24;Rohdaten
2025-10-08;511,24;Rohdaten
2025-10-09;511,23;Rohdaten
2025-10-10;511,23;Rohdaten
2025-10-11;511,22;Rohdaten
2025-10-12;511,22;Rohdaten
2025-10-13;511,21;Rohdaten
2025-10-14;511,20;Rohdaten
2025-10-15;511,20;Rohdaten
2025-10-16;511,19;Rohdaten
2025-10-17;511,19;Rohdaten
2025-10-18;511,18;Rohdaten
2025-10-19;511,17;Rohdaten
2025-10-20;511,17;Rohdaten
2025-10-21;511,16;Rohdaten
2025-10-22;511,16;Rohdaten
2025-10-23;511,15;Rohdaten
2025-10-24;511,15;Rohdaten
2025-10-25;511,15;Rohdaten
2025-10-26;511,15;Rohdaten
2025-10-27;511,14;Rohdaten
2025-10-28;511,14;Rohdaten
2025-10-29;511,14;Rohdaten
2025-10-30;511,13;Rohdaten
2025-10-31;511,12;Rohdaten
2025-11-01;511,12;Rohdaten
2025-11-02;511,13;Rohdaten
2025-11-03;511,14;Rohdaten
2025-11-04;511,13;Rohdaten
2025-11-05;511,13;Rohdaten
2025-11-06;511,12;Rohdaten
2025-11-07;511,12;Rohdaten
2025-11-08;511,12;Rohdaten
2025-11-09;511,11;Rohdaten
2025-11-10;511,11;Rohdaten
2025-11-11;511,11;Rohdaten
2025-11-12;511,10;Rohdaten
2025-11-13;511,10;Rohdaten
2025-11-14;511,09;Rohdaten
2025-11-15;511,09;Rohdaten
2025-11-16;511,08;Rohdaten
2025-11-17;511,08;Rohdaten
2025-11-18;511,08;Rohdaten
2025-11-19;511,07;Rohdaten
2025-11-20;511,07;Rohdaten
2025-11-21;511,06;Rohdaten
2025-11-22;511,06;Rohdaten
2025-11-23;511,05;Rohdaten
2025-11-24;511,06;Rohdaten
2025-11-25;511,07;Rohdaten
2025-11-26;511,07;Rohdaten
2025-11-27;511,08;Rohdaten
2025-11-28;511,08;Rohdaten
2025-11-29;511,09;Rohdaten
2025-11-30;511,09;Rohdaten
2025-12-01;511,10;Rohdaten
2025-12-02;511,10;Rohdaten
2025-12-03;511,10;Rohdaten
2025-12-04;511,10;Rohdaten
2025-12-05;511,09;Rohdaten
2025-12-06;511,09;Rohdaten
2025-12-07;511,09;Rohdaten
2025-12-08;511,11;Rohdaten
2025-12-09;511,11;Rohdaten
2025-12-10;511,12;Rohdaten
2025-12-11;511,13;Rohdaten
2025-12-12;511,14;Rohdaten
2025-12-13;511,14;Rohdaten
2025-12-14;511,15;Rohdaten
2025-12-15;511,14;Rohdaten
2025-12-16;511,14;Rohdaten
2025-12-17;511,14;Rohdaten
2025-12-18;511,13;Rohdaten
2025-12-19;511,13;Rohdaten
2025-12-20;511,12;Rohdaten
2025-12-21;511,11;Rohdaten
2025-12-22;511,11;Rohdaten
2025-12-23;511,10;Rohdaten
2025-12-24;511,10;Rohdaten
2025-12-25;511,09;Rohdaten
2025-12-26;511,08;Rohdaten
2025-12-27;511,07;Rohdaten
2025-12-28;511,07;Rohdaten
2025-12-29;511,06;Rohdaten
2025-12-30;511,05;Rohdaten
2025-12-31;511,05;Rohdaten
